label,x,y,z,w,h,l,roll,pitch,yaw
250,0.321490,0.074228,-0.434838,0.038893,0.037037,0.040214,1.164769,-0.404754,1.580808
125,-0.039467,0.052311,-0.415203,0.009550,0.011135,0.011145,1.111755,0.458105,2.926394
125,-0.069509,-0.024507,-0.213785,0.029629,0.026046,0.028327,2.490866,-0.416650,1.577398
125,-0.002787,-0.027121,-0.231358,0.010527,0.009254,0.010064,0.694217,-1.027362,-2.342284
250,0.204399,-0.010756,-0.247036,0.026970,0.031447,0.031476,-2.274192,-0.415166,1.562486
125,0.483638,0.099486,-0.517111,0.010000,0.008791,0.009561,0.288096,1.143419,1.885597
125,0.371052,0.089687,-0.465320,0.038884,0.043347,0.039358,0.871494,-0.402261,1.579136
250,0.277650,0.036407,-0.342962,0.038791,0.034100,0.037086,1.661257,-0.409610,1.581649
250,0.147186,0.068671,-0.425528,0.036833,0.034857,0.037455,-0.938244,-0.402787,1.562007
