label,x,y,z,w,h,l,roll,pitch,yaw
250,-0.273510,0.146465,-0.406421,0.038893,0.037037,0.040214,1.163951,-0.477383,1.581157
125,-0.169763,0.095311,-0.334284,0.011202,0.009847,0.010710,1.609389,-0.493592,1.744857
125,-0.223947,0.164095,-0.435701,0.038884,0.043347,0.039358,0.870814,-0.474892,1.579425
250,0.085680,0.152598,-0.417723,0.035575,0.031273,0.034012,-1.087292,-0.476690,1.560808
250,-0.317350,0.102076,-0.317532,0.038791,0.034100,0.037086,1.660368,-0.482239,1.582033
250,-0.088650,0.037241,-0.199100,0.033488,0.029438,0.032016,-3.129069,-0.491318,1.570655
250,-0.369674,0.169300,-0.456856,0.031989,0.030463,0.033075,-0.901082,-0.475127,1.561952
