label,x,y,z,w,h,l,roll,pitch,yaw
250,-0.308510,0.136148,-0.410171,0.038893,0.037037,0.040214,1.164206,-0.455296,1.581043
125,-0.146361,0.165530,-0.491063,0.010000,0.008791,0.009561,0.253929,1.095116,1.854844
125,-0.204763,0.086600,-0.336921,0.011202,0.009847,0.010710,1.613683,-0.471833,1.742863
125,-0.258947,0.153127,-0.439833,0.038884,0.043347,0.039358,0.871025,-0.452804,1.579331
250,0.050680,0.142030,-0.421605,0.035575,0.031273,0.034012,-1.087537,-0.454603,1.560918
250,-0.123650,0.031530,-0.200488,0.033488,0.029438,0.032016,-3.129072,-0.469229,1.570657
250,-0.404674,0.157863,-0.461097,0.031989,0.030463,0.033075,-0.901300,-0.453039,1.562049
