label,x,y,z,w,h,l,roll,pitch,yaw
250,0.168386,0.056322,-0.285981,0.038893,0.037037,0.040214,-1.968581,-0.569802,1.559875
250,0.290825,0.069153,-0.308728,0.030753,0.035858,0.035891,1.909191,-0.569250,1.581972
125,0.118769,0.039822,-0.256140,0.038884,0.043347,0.039358,-2.263489,-0.572307,1.561680
125,0.078806,0.231085,-0.569032,0.027920,0.024544,0.026693,-0.296164,0.089724,1.349272
250,-0.190825,0.049908,-0.275502,0.035575,0.031273,0.034012,2.042426,-0.570470,1.581350
250,0.187307,0.192200,-0.510854,0.028542,0.027181,0.029511,-0.673387,-0.028599,1.062584
250,-0.016101,0.181418,-0.484477,0.033488,0.029438,0.032016,0.010797,-0.555902,1.570924
