label,x,y,z,w,h,l,roll,pitch,yaw
250,0.203386,0.017928,-0.282747,0.038893,0.037037,0.040214,-1.971052,-0.356185,1.560984
250,0.325825,0.025645,-0.307697,0.030753,0.035858,0.035891,1.911718,-0.355633,1.580838
125,0.265669,0.035563,-0.342941,0.014769,0.014064,0.015270,-1.217856,-0.060193,-0.022156
125,0.153769,0.008129,-0.250086,0.038884,0.043347,0.039358,-2.265553,-0.358686,1.562612
125,0.113806,0.128710,-0.596414,0.027920,0.024544,0.026693,-0.344911,0.297950,1.339829
250,-0.155825,0.013881,-0.271146,0.035575,0.031273,0.034012,2.044814,-0.356853,1.580276
250,0.247383,0.053874,-0.375297,0.038791,0.034100,0.037086,-1.473957,-0.351325,1.560192
250,0.018899,0.098098,-0.503252,0.033488,0.029438,0.032016,0.010826,-0.342274,1.570912
