label,x,y,z,w,h,l,roll,pitch,yaw
250,0.425804,0.213824,-0.428289,0.026970,0.031447,0.031476,0.858006,-0.529977,1.579599
125,0.146101,0.059684,-0.181155,0.010000,0.008791,0.009561,-0.210007,-1.020884,-1.325810
125,0.204778,0.146056,-0.331145,0.011202,0.009847,0.010710,-1.363961,-0.511434,1.394969
125,0.218806,0.277818,-0.537651,0.027920,0.024544,0.026693,-0.302668,0.118405,1.348596
250,-0.050825,0.105348,-0.238921,0.035575,0.031273,0.034012,2.042788,-0.541070,1.581159
250,0.327307,0.240660,-0.478355,0.028542,0.027181,0.029511,-0.687693,-0.002911,1.062810
250,0.352383,0.163744,-0.333984,0.038791,0.034100,0.037086,-1.471698,-0.535540,1.559219
250,0.123899,0.230659,-0.451673,0.033488,0.029438,0.032016,0.010801,-0.526500,1.570922
