label,x,y,z,w,h,l,roll,pitch,yaw
125,0.001654,0.028204,-0.291425,0.010000,0.008791,0.009561,1.184178,-0.463124,-2.961686
125,-0.048049,0.083361,-0.436887,0.009550,0.011135,0.011145,1.187335,0.447207,2.968868
125,0.151032,0.145744,-0.620679,0.017371,0.015270,0.016607,-0.116421,0.730850,1.461775
125,0.274441,0.058780,-0.373869,0.018617,0.020754,0.018844,-1.411394,-0.337939,1.528280
125,0.062710,0.078419,-0.435490,0.014341,0.012607,0.013711,0.622193,-0.335970,1.576988
250,0.063655,0.006922,-0.224078,0.021415,0.024969,0.024992,2.685940,-0.508919,1.655458
250,0.336147,0.067153,-0.355578,0.044753,0.052182,0.052230,-1.533796,-0.343738,1.560181
250,-0.087518,0.028536,-0.250261,0.043180,0.050348,0.050394,2.025631,-0.348497,1.580339
