label,x,y,z,w,h,l,roll,pitch,yaw
125,-0.033346,0.089757,-0.272183,0.010000,0.008791,0.009561,1.060560,-0.439745,-2.907697
125,-0.083049,0.161054,-0.410452,0.009550,0.011135,0.011145,1.064416,0.424742,2.916902
125,0.116032,0.243878,-0.585985,0.017371,0.015270,0.016607,-0.101283,0.617818,1.471242
125,0.239441,0.129485,-0.350628,0.018617,0.020754,0.018844,-1.406037,-0.451479,1.526216
125,0.027710,0.155986,-0.409624,0.014341,0.012607,0.013711,0.621413,-0.449615,1.577286
250,0.028655,0.060975,-0.207684,0.021415,0.024969,0.024992,2.674139,-0.622129,1.661791
125,0.447628,0.184340,-0.441056,0.037528,0.032990,0.035878,0.627986,-0.449653,1.577346
250,0.301147,0.135730,-0.331506,0.044753,0.052182,0.052230,-1.532454,-0.457378,1.559657
250,-0.122518,0.085419,-0.231247,0.043180,0.050348,0.050394,2.024422,-0.462139,1.580817
