label,x,y,z,w,h,l,roll,pitch,yaw
250,0.482799,0.065300,-0.529416,0.027099,0.031597,0.031627,-0.258723,-0.152506,1.538752
125,-0.138346,-0.005156,-0.295786,0.010000,0.008791,0.009561,1.266842,-0.475122,-2.999076
125,0.011032,0.087485,-0.632894,0.017371,0.015270,0.016607,-0.128137,0.805072,1.453630
250,0.195896,-0.021077,-0.184473,0.045682,0.040158,0.043675,-2.266827,-0.275812,1.562835
250,-0.076345,-0.021352,-0.227038,0.021415,0.024969,0.024992,2.692897,-0.434478,1.652294
125,0.342628,0.056136,-0.479381,0.037528,0.032990,0.035878,0.629255,-0.261312,1.576902
250,0.264836,0.016732,-0.350964,0.029885,0.026271,0.028572,1.614335,-0.269841,1.581161
250,0.196147,0.028897,-0.362667,0.044753,0.052182,0.052230,-1.534618,-0.269044,1.560429
250,-0.227518,-0.001753,-0.254761,0.043180,0.050348,0.050394,2.026370,-0.273803,1.580113
