label,x,y,z,w,h,l,roll,pitch,yaw
250,0.447799,0.096602,-0.527052,0.027099,0.031597,0.031627,-0.255870,-0.239077,1.538196
125,-0.223049,0.063086,-0.445187,0.009550,0.011135,0.011145,1.174326,0.445126,2.963254
125,-0.112290,0.058128,-0.443849,0.014341,0.012607,0.013711,0.622115,-0.347888,1.577014
250,0.160896,-0.019291,-0.190875,0.045682,0.040158,0.043675,-2.266091,-0.362425,1.562604
250,-0.111345,-0.015883,-0.233304,0.021415,0.024969,0.024992,2.684778,-0.520794,1.656030
250,0.229836,0.032779,-0.353471,0.029885,0.026271,0.028572,1.613378,-0.356452,1.581456
250,0.481661,0.122764,-0.591610,0.036036,0.034316,0.037259,-0.318509,-0.346513,1.567456
250,0.161147,0.045910,-0.364077,0.044753,0.052182,0.052230,-1.533661,-0.355655,1.560135
250,-0.262518,0.006041,-0.259228,0.043180,0.050348,0.050394,2.025509,-0.360415,1.580381
