label,x,y,z,w,h,l,roll,pitch,yaw
125,-0.443968,0.168343,-0.618260,0.017371,0.015270,0.016607,-0.105777,0.653543,1.468573
125,-0.320559,0.062473,-0.378948,0.018617,0.020754,0.018844,-1.407786,-0.415606,1.526951
125,0.036162,-0.007380,-0.218636,0.009550,0.011135,0.011145,-0.655075,-1.028267,-0.839610
125,0.119633,0.134222,-0.519236,0.009550,0.011135,0.011145,-0.941689,0.801251,0.481634
125,-0.167267,0.106576,-0.474462,0.015443,0.013576,0.014764,1.036474,0.636849,2.803239
125,-0.112372,0.114046,-0.471287,0.037528,0.032990,0.035878,0.628242,-0.413746,1.577238
250,-0.190164,0.055600,-0.350343,0.029885,0.026271,0.028572,1.612610,-0.422270,1.581748
250,-0.181249,0.100974,-0.462085,0.022770,0.025384,0.023048,0.908740,0.324662,2.488701
250,-0.258853,0.069400,-0.360063,0.044753,0.052182,0.052230,-1.532892,-0.421473,1.559843
