label,x,y,z,w,h,l,roll,pitch,yaw
250,-0.042201,0.102767,-0.520062,0.027099,0.031597,0.031627,-0.257773,-0.181669,1.538594
125,-0.513968,0.127961,-0.622849,0.017371,0.015270,0.016607,-0.123358,0.776088,1.457027
125,-0.033838,0.002705,-0.204652,0.009550,0.011135,0.011145,-0.842030,-1.113298,-0.675286
125,-0.237267,0.084343,-0.472548,0.015443,0.013576,0.014764,1.185283,0.672527,2.893970
125,-0.182372,0.092147,-0.470315,0.037528,0.032990,0.035878,0.629069,-0.290489,1.576953
250,-0.260164,0.049013,-0.343103,0.029885,0.026271,0.028572,1.614019,-0.299017,1.581250
250,-0.008338,0.125179,-0.586016,0.036036,0.034316,0.037259,-0.318709,-0.289075,1.567518
250,-0.251249,0.080305,-0.459575,0.022770,0.025384,0.023048,1.014870,0.397761,2.526264
250,-0.328852,0.061515,-0.354446,0.044753,0.052182,0.052230,-1.534301,-0.298220,1.560340
