label,x,y,z,w,h,l,roll,pitch,yaw
125,-0.001548,0.136253,-0.394643,0.010000,0.008791,0.009561,-1.109173,0.448227,0.212339
125,0.047907,0.076400,-0.250963,0.009550,0.011135,0.011145,-1.112113,-0.435693,-0.205466
125,-0.274475,0.102024,-0.314119,0.018617,0.020754,0.018844,1.696647,-0.418494,1.614708
125,-0.062847,0.073839,-0.255535,0.014341,0.012607,0.013711,-2.516338,-0.421165,1.564406
250,-0.335613,0.194315,-0.491554,0.045682,0.040158,0.043675,0.867711,-0.406596,1.579125
250,-0.063437,0.167082,-0.458298,0.021415,0.024969,0.024992,-0.397234,-0.246115,1.494313
250,-0.336159,0.120712,-0.321752,0.044753,0.052182,0.052230,1.598242,-0.413345,1.581711
250,0.087684,0.164711,-0.424202,0.043180,0.050348,0.050394,-1.110409,-0.408623,1.561015
