label,x,y,z,w,h,l,roll,pitch,yaw
125,0.138452,0.165412,-0.382650,0.010000,0.008791,0.009561,-1.046262,0.435158,0.239239
125,0.187907,0.097281,-0.242706,0.009550,0.011135,0.011145,-1.049459,-0.423039,-0.231556
125,-0.134475,0.126545,-0.304260,0.018617,0.020754,0.018844,1.693765,-0.476790,1.615956
125,0.077153,0.094991,-0.247419,0.014341,0.012607,0.013711,-2.515918,-0.479517,1.564223
250,-0.195613,0.229027,-0.476010,0.045682,0.040158,0.043675,0.867167,-0.464947,1.579355
250,0.076563,0.199901,-0.444399,0.021415,0.024969,0.024992,-0.392563,-0.304295,1.493043
250,-0.264824,0.144617,-0.327733,0.029885,0.026271,0.028572,-1.521001,-0.470930,1.559586
250,-0.196159,0.145646,-0.310789,0.044753,0.052182,0.052230,1.597528,-0.471695,1.582017
250,0.227684,0.195545,-0.410500,0.043180,0.050348,0.050394,-1.109770,-0.466974,1.560744
