label,x,y,z,w,h,l,roll,pitch,yaw
125,0.348452,0.158783,-0.385296,0.010000,0.008791,0.009561,-1.063548,0.438917,0.231923
125,0.075525,0.121184,-0.306290,0.018617,0.020754,0.018844,1.694577,-0.460701,1.615589
250,0.286563,0.192273,-0.447592,0.021415,0.024969,0.024992,-0.393868,-0.288238,1.493424
125,-0.077934,0.076048,-0.211530,0.015443,0.013576,0.014764,-0.996907,-0.626714,-0.362401
125,-0.132830,0.083304,-0.207895,0.037528,0.032990,0.035878,-2.509412,-0.463373,1.564217
250,-0.054824,0.138875,-0.330051,0.029885,0.026271,0.028572,-1.521202,-0.454825,1.559676
250,-0.063931,0.081973,-0.223732,0.022770,0.025384,0.023048,-1.304695,-0.704591,0.161243
250,0.013841,0.140177,-0.313126,0.044753,0.052182,0.052230,1.597729,-0.455591,1.581927
250,0.437684,0.188464,-0.413627,0.043180,0.050348,0.050394,-1.109950,-0.450869,1.560824
