label,x,y,z,w,h,l,roll,pitch,yaw
250,0.076919,-0.004806,-0.189620,0.027099,0.031597,0.031627,2.858234,-0.518475,1.607477
250,0.364387,0.141969,-0.513007,0.045682,0.040158,0.043675,0.867810,-0.395554,1.579087
125,0.069083,0.122036,-0.495259,0.009550,0.011135,0.011145,0.679227,1.043875,2.322126
125,-0.014918,-0.002274,-0.187250,0.009550,0.011135,0.011145,0.968124,-0.808960,-2.679655
125,-0.079370,0.033453,-0.287688,0.022729,0.025338,0.023007,1.147169,-0.311667,-3.004188
125,0.217170,0.019057,-0.234291,0.037528,0.032990,0.035878,-2.509794,-0.410084,1.564379
250,0.295176,0.068043,-0.359233,0.029885,0.026271,0.028572,-1.521845,-0.401539,1.559943
250,0.042945,-0.030169,-0.124802,0.036036,0.034316,0.037259,2.818978,-0.411493,1.574242
250,0.363841,0.070245,-0.342402,0.044753,0.052182,0.052230,1.598373,-0.402304,1.581659
