label,x,y,z,w,h,l,roll,pitch,yaw
250,0.120856,0.020899,-0.243896,0.033009,0.036798,0.033412,3.106849,-0.412001,1.571174
125,0.334436,0.053550,-0.342134,0.010000,0.008791,0.009561,1.168197,-0.052769,-3.119134
125,0.482359,0.129734,-0.519610,0.018556,0.021636,0.021656,0.824201,0.956826,2.494088
250,0.446705,0.115273,-0.464686,0.034312,0.030163,0.032804,0.805522,-0.395091,1.578633
125,0.162109,0.004545,-0.225953,0.017017,0.019841,0.019860,-2.776375,-0.858850,1.391206
125,0.273991,0.100576,-0.448227,0.021471,0.023936,0.021733,-0.892766,0.229632,0.777934
125,-0.047599,0.036932,-0.280514,0.038983,0.036891,0.039641,1.985355,-0.406053,1.580742
250,0.230739,0.031349,-0.257050,0.046853,0.044617,0.048443,-2.330296,-0.408904,1.562916
250,0.452134,0.162710,-0.570389,0.044400,0.042282,0.045908,0.442237,-0.165411,1.692274
