label,x,y,z,w,h,l,roll,pitch,yaw
125,0.365542,0.057039,-0.380243,0.010000,0.008791,0.009561,-1.094936,0.052403,0.026988
125,0.217926,-0.030827,-0.207986,0.018556,0.021636,0.021656,-0.730556,-0.909397,-0.722110
250,0.253491,0.002186,-0.254271,0.034312,0.030163,0.032804,-2.327672,-0.482033,1.562621
250,0.126772,-0.016897,-0.223479,0.027055,0.031546,0.031576,-3.129477,-0.485152,1.570660
125,0.409025,0.085438,-0.441371,0.011730,0.010311,0.011214,0.926063,-0.029512,2.283946
250,0.466604,0.142456,-0.537845,0.023028,0.026850,0.026875,0.507696,-0.466420,1.576264
250,0.469100,0.108345,-0.451858,0.046853,0.044617,0.048443,0.806094,-0.468243,1.578911
250,0.374689,0.086885,-0.427701,0.030523,0.029066,0.031559,1.085249,-0.318177,1.957228
250,0.331237,0.107565,-0.462520,0.031173,0.027403,0.029803,-1.074130,-0.470408,1.560910
