label,x,y,z,w,h,l,roll,pitch,yaw
125,-0.051950,0.059719,-0.272275,0.013021,0.012399,0.013463,-0.936420,-0.722112,-0.452683
125,0.011263,0.058313,-0.268493,0.016495,0.014500,0.015770,-1.927537,-0.618896,1.197846
125,-0.217497,0.061995,-0.263125,0.026166,0.030509,0.030538,2.318586,-0.467709,1.578983
250,-0.253295,0.158419,-0.449775,0.034312,0.030163,0.032804,0.805008,-0.453977,1.578845
125,-0.426009,0.142778,-0.434209,0.021471,0.023936,0.021733,-0.850074,0.188112,0.786790
250,-0.247866,0.211994,-0.552503,0.044400,0.042282,0.045908,0.434923,-0.223861,1.693690
