label,x,y,z,w,h,l,roll,pitch,yaw
125,-0.330564,0.055233,-0.334155,0.010000,0.008791,0.009561,1.288719,-0.055084,-3.125638
125,-0.016950,0.036323,-0.270977,0.013021,0.012399,0.013463,-1.165758,-0.787938,-0.295065
125,0.046263,0.035614,-0.267005,0.016495,0.014500,0.015770,-1.999772,-0.450700,1.234804
125,-0.182497,0.040195,-0.262379,0.026166,0.030509,0.030538,2.320109,-0.288457,1.578418
125,-0.343006,0.071679,-0.359335,0.011274,0.010669,0.011464,-1.288428,0.070966,0.020569
125,-0.391009,0.089179,-0.445126,0.021471,0.023936,0.021733,-0.982799,0.313124,0.753764
250,-0.212866,0.136195,-0.573866,0.044400,0.042282,0.045908,0.456804,-0.045916,1.690735
