label,x,y,z,w,h,l,roll,pitch,yaw
125,-0.295564,0.123541,-0.316800,0.010000,0.008791,0.009561,1.050133,-0.049760,-3.113077
125,0.018050,0.090252,-0.259872,0.013021,0.012399,0.013463,-0.867252,-0.695079,-0.497709
125,0.081263,0.088626,-0.256179,0.016495,0.014500,0.015770,-1.900014,-0.673718,1.181264
125,-0.147497,0.091984,-0.250603,0.026166,0.030509,0.030538,2.318028,-0.526765,1.579249
125,-0.308006,0.145467,-0.337386,0.011274,0.010669,0.011464,-1.049664,0.064103,0.036758
125,-0.356009,0.182725,-0.416621,0.021471,0.023936,0.021733,-0.807934,0.146141,0.793802
