label,x,y,z,w,h,l,roll,pitch,yaw
250,0.085856,0.077980,-0.220723,0.033009,0.036798,0.033412,3.106829,-0.460425,1.571183
250,0.411705,0.182931,-0.436686,0.034312,0.030163,0.032804,0.805102,-0.443513,1.578804
125,-0.025152,0.202609,-0.485564,0.010302,0.011484,0.010428,0.849710,0.850740,2.557664
125,0.255846,0.083616,-0.257877,0.011730,0.010311,0.011214,-1.515272,-0.627590,0.631319
125,0.127108,0.060776,-0.203593,0.017017,0.019841,0.019860,-2.762350,-0.906449,1.380370
125,0.238990,0.167454,-0.420957,0.021471,0.023936,0.021733,-0.857606,0.195516,0.785354
125,-0.082599,0.095767,-0.256522,0.038983,0.036891,0.039641,1.984819,-0.454475,1.580966
250,0.195739,0.089054,-0.233356,0.046853,0.044617,0.048443,-2.329870,-0.457327,1.562738
250,0.417134,0.235428,-0.539969,0.044400,0.042282,0.045908,0.436235,-0.213475,1.693405
