label,x,y,z,w,h,l,roll,pitch,yaw
250,0.120856,0.095686,-0.214395,0.033009,0.036798,0.033412,3.106781,-0.565195,1.571206
125,0.009848,0.247328,-0.464750,0.010302,0.011484,0.010428,0.725559,0.788970,2.466806
125,0.162109,0.076785,-0.199158,0.017017,0.019841,0.019860,-2.725182,-1.009027,1.349930
125,0.273991,0.205609,-0.404175,0.021471,0.023936,0.021733,-0.783041,0.120966,0.797117
125,-0.047599,0.117119,-0.248138,0.038983,0.036891,0.039641,1.983565,-0.559239,1.581576
250,0.230739,0.108020,-0.225800,0.046853,0.044617,0.048443,-2.328874,-0.562093,1.562251
250,0.452134,0.285657,-0.515425,0.044400,0.042282,0.045908,0.422772,-0.317438,1.696942
