label,x,y,z,w,h,l,roll,pitch,yaw
125,-0.308936,0.097251,-0.466473,0.016818,0.014784,0.016079,1.098553,0.513021,2.895953
125,-0.194572,-0.006272,-0.235724,0.011274,0.010669,0.011464,0.813961,-0.955489,-2.484641
125,-0.264393,0.099241,-0.447064,0.038393,0.044766,0.044807,0.946343,-0.401679,1.579633
125,-0.327283,0.049943,-0.350863,0.025854,0.028822,0.026170,1.608225,-0.407908,1.581681
250,-0.276073,0.069506,-0.378530,0.038130,0.044460,0.044501,1.401757,-0.405850,1.581533
250,0.016478,0.096411,-0.450696,0.030702,0.035798,0.035831,-0.943074,-0.401653,1.561981
