label,x,y,z,w,h,l,roll,pitch,yaw
250,-0.363958,0.205594,-0.361805,0.027776,0.032386,0.032416,-1.214011,-0.592871,1.559472
125,-0.159572,0.086519,-0.199802,0.011274,0.010669,0.011464,0.592635,-0.827019,-2.311849
125,-0.229393,0.229826,-0.387581,0.038393,0.044766,0.044807,0.944346,-0.590493,1.580588
125,-0.292283,0.163347,-0.302343,0.025854,0.028822,0.026170,1.605755,-0.596717,1.582875
250,-0.241073,0.187755,-0.325846,0.038130,0.044460,0.044501,1.399325,-0.594660,1.582705
250,0.051478,0.227728,-0.391679,0.030702,0.035798,0.035831,-0.941082,-0.590466,1.561029
