label,x,y,z,w,h,l,roll,pitch,yaw
250,-0.328958,0.082147,-0.415276,0.027776,0.032386,0.032416,-1.216446,-0.392919,1.560630
250,-0.474184,0.113753,-0.490126,0.032959,0.031387,0.034078,-0.204755,-0.386580,1.568592
125,-0.282988,0.041536,-0.328750,0.021933,0.024450,0.022200,1.449889,-0.400656,2.210930
125,-0.124572,-0.002375,-0.232849,0.011274,0.010669,0.011464,0.829393,-0.962237,-2.497273
125,-0.194393,0.100776,-0.445352,0.038393,0.044766,0.044807,0.946450,-0.390538,1.579592
125,-0.257283,0.052553,-0.348607,0.025854,0.028822,0.026170,1.608356,-0.396767,1.581629
125,-0.260537,0.019700,-0.270884,0.031591,0.030084,0.032664,-1.507122,-0.527421,0.667537
250,-0.206073,0.071807,-0.376491,0.038130,0.044460,0.044501,1.401887,-0.394710,1.581483
250,0.086478,0.097906,-0.448952,0.030702,0.035798,0.035831,-0.943180,-0.390512,1.562022
