label,x,y,z,w,h,l,roll,pitch,yaw
125,-0.212988,-0.006282,-0.337327,0.021933,0.024450,0.022200,1.503893,-0.331532,2.191583
125,-0.168936,0.038924,-0.477689,0.016818,0.014784,0.016079,1.207560,0.533993,2.950491
125,-0.054572,-0.041837,-0.238024,0.011274,0.010669,0.011464,0.958191,-1.009966,-2.604751
125,-0.124393,0.042779,-0.458564,0.038393,0.044766,0.044807,0.947237,-0.304989,1.579323
125,-0.187283,0.002999,-0.358052,0.025854,0.028822,0.026170,1.609329,-0.311219,1.581292
125,-0.190537,-0.023093,-0.277806,0.031591,0.030084,0.032664,-1.582587,-0.473223,0.703764
250,-0.455153,0.056914,-0.508024,0.041060,0.039101,0.042454,0.135616,-0.300910,1.572217
250,-0.136073,0.019800,-0.387479,0.038130,0.044460,0.044501,1.402845,-0.309161,1.581152
250,0.156478,0.039612,-0.461905,0.030702,0.035798,0.035831,-0.943966,-0.304962,1.562290
