label,x,y,z,w,h,l,roll,pitch,yaw
250,0.386006,0.173478,-0.497157,0.035598,0.031293,0.034033,0.848135,-0.531341,1.579531
125,0.293275,0.133909,-0.453127,0.013338,0.014869,0.013501,-0.954557,0.481087,0.316705
125,0.356556,0.135806,-0.454059,0.019262,0.018343,0.019916,-0.907407,0.170495,0.531059
125,-0.127447,0.141061,-0.451863,0.027456,0.030607,0.027791,0.931993,-0.197128,2.178954
125,0.407342,0.141906,-0.457088,0.009550,0.011135,0.011145,0.944435,0.507327,2.803552
250,0.056962,0.029548,-0.262391,0.032946,0.031178,0.033502,2.582313,-0.546423,1.576975
250,-0.028773,0.103086,-0.373565,0.040906,0.045601,0.041405,1.415738,-0.536423,1.582301
