label,x,y,z,w,h,l,roll,pitch,yaw
250,0.351006,0.204920,-0.473787,0.035598,0.031293,0.034033,0.849004,-0.441259,1.579124
125,0.258275,0.169472,-0.426376,0.013338,0.014869,0.013501,-1.052514,0.507168,0.270215
125,0.256650,0.118916,-0.318101,0.015617,0.018209,0.018226,-1.269388,-0.343645,0.662085
125,0.321556,0.171278,-0.427475,0.019262,0.018343,0.019916,-0.986901,0.215549,0.515799
125,-0.162447,0.176709,-0.425760,0.027456,0.030607,0.027791,0.983808,-0.122966,2.170689
250,0.142483,0.223490,-0.513543,0.034252,0.038183,0.034670,-0.243705,-0.438150,1.568119
125,0.372342,0.177080,-0.431040,0.009550,0.011135,0.011145,1.043261,0.535127,2.852796
250,0.021962,0.082694,-0.227024,0.032946,0.031178,0.033502,2.582932,-0.456339,1.576677
250,-0.063773,0.145932,-0.344364,0.040906,0.045601,0.041405,1.416885,-0.446343,1.581759
