label,x,y,z,w,h,l,roll,pitch,yaw
250,0.316006,0.137286,-0.505558,0.035598,0.031293,0.034033,0.849065,-0.434610,1.579098
125,0.286556,0.103953,-0.459024,0.019262,0.018343,0.019916,-0.992826,0.218824,0.514522
250,0.107483,0.155592,-0.545437,0.034252,0.038183,0.034670,-0.243725,-0.431501,1.568128
125,0.337342,0.109732,-0.462627,0.009550,0.011135,0.011145,1.050679,0.537008,2.856585
125,0.396083,0.085586,-0.415344,0.018865,0.021031,0.019096,1.051763,-0.436261,1.580399
125,0.525054,0.135013,-0.518729,0.023564,0.022300,0.023962,-0.107126,-0.201683,1.542570
250,-0.013038,0.016704,-0.257989,0.032946,0.031178,0.033502,2.582976,-0.449691,1.576658
250,-0.098773,0.079161,-0.375746,0.040906,0.045601,0.041405,1.416966,-0.439695,1.581725
