label,x,y,z,w,h,l,roll,pitch,yaw
250,0.176006,0.062400,-0.521821,0.035598,0.031293,0.034033,0.850176,-0.306634,1.578695
125,0.083275,0.033636,-0.470081,0.013338,0.014869,0.013501,-1.203743,0.538243,0.194600
125,0.081650,-0.001929,-0.356000,0.015617,0.018209,0.018226,-1.379127,-0.259070,0.694717
125,0.146556,0.035278,-0.471413,0.019262,0.018343,0.019916,-1.108704,0.280274,0.485860
125,-0.337447,0.040891,-0.470442,0.027456,0.030607,0.027791,1.059662,-0.011595,2.165579
125,0.197342,0.040550,-0.475724,0.009550,0.011135,0.011145,1.196523,0.568322,2.933255
125,0.256083,0.022637,-0.425745,0.018865,0.021031,0.019096,1.053050,-0.308286,1.579930
125,0.385054,0.058464,-0.534594,0.023564,0.022300,0.023962,-0.110738,-0.073752,1.543067
250,-0.238773,0.021318,-0.385651,0.040906,0.045601,0.041405,1.418431,-0.311721,1.581186
