label,x,y,z,w,h,l,roll,pitch,yaw
250,0.036006,0.164957,-0.495606,0.035598,0.031293,0.034033,0.848677,-0.476125,1.579269
250,0.147920,0.033195,-0.241922,0.037709,0.033148,0.036051,2.573788,-0.491159,1.576868
125,-0.056725,0.127878,-0.449459,0.013338,0.014869,0.013501,-1.014274,0.497550,0.288629
125,-0.058350,0.073579,-0.343013,0.015617,0.018209,0.018226,-1.239951,-0.364941,0.651872
125,0.006556,0.129721,-0.450495,0.019262,0.018343,0.019916,-0.955965,0.198253,0.522154
250,-0.172517,0.184902,-0.534690,0.034252,0.038183,0.034670,-0.243601,-0.473017,1.568073
125,0.057342,0.135645,-0.453855,0.009550,0.011135,0.011145,1.004637,0.524869,2.833269
125,0.116083,0.109557,-0.407615,0.018865,0.021031,0.019096,1.051315,-0.477776,1.580597
125,0.245054,0.163232,-0.508860,0.023564,0.022300,0.023962,-0.105919,-0.243183,1.542304
