label,x,y,z,w,h,l,roll,pitch,yaw
250,-0.278994,0.263785,-0.443594,0.035598,0.031293,0.034033,0.847566,-0.585661,1.579832
250,-0.167080,0.105079,-0.205835,0.037709,0.033148,0.036051,2.572983,-0.600697,1.577286
250,0.076731,0.179652,-0.315742,0.036754,0.042855,0.042894,-1.491506,-0.591502,1.558782
125,-0.371725,0.221883,-0.401778,0.013338,0.014869,0.013501,-0.896844,0.463487,0.342966
250,-0.487517,0.287883,-0.480264,0.034252,0.038183,0.034670,-0.243244,-0.582557,1.567894
125,-0.257658,0.230084,-0.405298,0.009550,0.011135,0.011145,0.886392,0.488597,2.775821
125,-0.198917,0.199098,-0.362187,0.018865,0.021031,0.019096,1.050027,-0.587310,1.581252
125,0.073450,0.135424,-0.271210,0.015985,0.015127,0.016255,-0.958140,-0.242350,-0.167107
125,-0.069946,0.263520,-0.456957,0.023564,0.022300,0.023962,-0.102601,-0.352677,1.541329
