label,x,y,z,w,h,l,roll,pitch,yaw
250,-0.313994,0.223822,-0.464832,0.035598,0.031293,0.034033,0.848524,-0.492082,1.579340
250,-0.202080,0.088029,-0.213283,0.037709,0.033148,0.036051,2.573677,-0.507116,1.576921
250,0.041731,0.152004,-0.329677,0.036754,0.042855,0.042894,-1.492784,-0.497925,1.559444
125,-0.343444,0.187871,-0.420289,0.019262,0.018343,0.019916,-0.941880,0.190276,0.524873
125,-0.292658,0.193847,-0.423554,0.009550,0.011135,0.011145,0.987117,0.519960,2.824526
125,-0.233917,0.167025,-0.377736,0.018865,0.021031,0.019096,1.051137,-0.493732,1.580680
125,0.038450,0.112132,-0.281207,0.015985,0.015127,0.016255,-1.053555,-0.256838,-0.143521
125,-0.104946,0.222309,-0.478111,0.023564,0.022300,0.023962,-0.105449,-0.259133,1.542187
