label,x,y,z,w,h,l,roll,pitch,yaw
125,0.127271,0.028046,-0.264544,0.027456,0.030607,0.027791,-1.502589,-0.676394,0.769909
250,-0.177817,-0.020638,-0.178359,0.034252,0.038183,0.034670,2.893609,-0.565876,1.573687
250,-0.056788,0.145386,-0.450810,0.032946,0.031178,0.033502,-0.554434,-0.547686,1.564598
250,0.028735,0.080274,-0.334344,0.040906,0.045601,0.041405,-1.715401,-0.557651,1.559145
