label,x,y,z,w,h,l,roll,pitch,yaw
250,-0.462728,0.141137,-0.456799,0.037709,0.033148,0.036051,-0.563832,-0.466273,1.564788
125,-0.258446,0.025782,-0.259623,0.013338,0.014869,0.013501,1.023467,-0.498453,-2.858089
125,0.162271,0.030337,-0.253629,0.027456,0.030607,0.027791,-1.574352,-0.618408,0.813222
250,-0.142817,-0.011173,-0.163769,0.034252,0.038183,0.034670,2.893875,-0.484414,1.573553
250,-0.021788,0.132131,-0.448826,0.032946,0.031178,0.033502,-0.554998,-0.466226,1.564872
250,0.063735,0.076712,-0.327448,0.040906,0.045601,0.041405,-1.716468,-0.476194,1.559672
