label,x,y,z,w,h,l,roll,pitch,yaw
250,-0.427728,0.028564,-0.480790,0.037709,0.033148,0.036051,-0.565084,-0.263723,1.565237
125,-0.221631,-0.011379,-0.379173,0.015617,0.018209,0.018226,1.319152,-0.127583,2.416740
125,0.197271,-0.039100,-0.259484,0.027456,0.030607,0.027791,-1.729667,-0.465424,0.893683
250,-0.107817,-0.061683,-0.163110,0.034252,0.038183,0.034670,2.894452,-0.281861,1.573336
250,0.098735,-0.008523,-0.341123,0.040906,0.045601,0.041405,-1.718792,-0.273653,1.560528
