label,x,y,z,w,h,l,roll,pitch,yaw
250,-0.392728,0.138147,-0.458164,0.037709,0.033148,0.036051,-0.563840,-0.465155,1.564791
125,-0.251730,0.023275,-0.258846,0.019262,0.018343,0.019916,1.215050,-0.537372,2.999566
125,0.232271,0.027574,-0.254871,0.027456,0.030607,0.027791,-1.575294,-0.617596,0.813767
250,-0.072817,-0.013835,-0.164965,0.034252,0.038183,0.034670,2.893879,-0.483297,1.573552
250,0.133735,0.073866,-0.328741,0.040906,0.045601,0.041405,-1.716482,-0.475077,1.559679
