label,x,y,z,w,h,l,roll,pitch,yaw
250,-0.357728,0.130314,-0.465817,0.037709,0.033148,0.036051,-0.563625,-0.496581,1.564692
125,-0.153446,0.009038,-0.272227,0.013338,0.014869,0.013501,0.990491,-0.489746,-2.842449
125,-0.151631,0.068001,-0.376159,0.015617,0.018209,0.018226,1.138465,-0.279174,2.453436
125,-0.216730,0.009236,-0.270206,0.019262,0.018343,0.019916,1.178744,-0.541530,3.018216
125,0.267271,0.013408,-0.266098,0.027456,0.030607,0.027791,-1.548383,-0.640269,0.797934
250,-0.037817,-0.030805,-0.177537,0.034252,0.038183,0.034670,2.893779,-0.514722,1.573599
125,-0.267525,0.009732,-0.263482,0.009550,0.011135,0.011145,-0.979667,-0.519293,-0.321532
250,0.083212,0.121071,-0.458121,0.032946,0.031178,0.033502,-0.554794,-0.496534,1.564777
250,0.168735,0.061999,-0.338477,0.040906,0.045601,0.041405,-1.716083,-0.506501,1.559490
