label,x,y,z,w,h,l,roll,pitch,yaw
250,-0.322728,0.235773,-0.407912,0.037709,0.033148,0.036051,-0.563169,-0.559896,1.564462
125,-0.118446,0.102490,-0.222384,0.013338,0.014869,0.013501,0.922616,-0.470132,-2.811098
125,-0.116631,0.167912,-0.322377,0.015617,0.018209,0.018226,1.086970,-0.319024,2.468616
125,-0.181730,0.102561,-0.220354,0.019262,0.018343,0.019916,1.105106,-0.548125,3.056394
250,-0.002817,0.056736,-0.130405,0.034252,0.038183,0.034670,2.893567,-0.578039,1.573709
250,0.118212,0.226061,-0.400816,0.032946,0.031178,0.033502,-0.554345,-0.559849,1.564551
250,0.203735,0.159538,-0.285150,0.040906,0.045601,0.041405,-1.715233,-0.569814,1.559055
