label,x,y,z,w,h,l,roll,pitch,yaw
250,-0.141269,-0.017594,-0.196318,0.035598,0.031293,0.034033,-2.288500,-0.275409,1.562983
250,-0.252728,0.059391,-0.471803,0.037709,0.033148,0.036051,-0.565104,-0.260384,1.565242
125,-0.048446,-0.013217,-0.255208,0.013338,0.014869,0.013501,1.255028,-0.544742,-2.973887
125,-0.046631,0.019788,-0.370053,0.015617,0.018209,0.018226,1.321672,-0.125369,2.416422
125,-0.111730,-0.012551,-0.253290,0.019262,0.018343,0.019916,1.446058,-0.496622,2.884976
250,0.067183,-0.029795,-0.153824,0.034252,0.038183,0.034670,2.894461,-0.278522,1.573334
125,-0.162525,-0.010495,-0.246869,0.009550,0.011135,0.011145,-1.248026,-0.578406,-0.180852
125,-0.221181,0.002041,-0.298556,0.018865,0.021031,0.019096,-2.084923,-0.273753,1.561765
