label,x,y,z,w,h,l,roll,pitch,yaw
250,-0.106269,0.031997,-0.182953,0.035598,0.031293,0.034033,-2.288366,-0.291747,1.562945
250,-0.217728,0.113472,-0.457144,0.037709,0.033148,0.036051,-0.565009,-0.276721,1.565217
125,-0.013446,0.037336,-0.241764,0.013338,0.014869,0.013501,1.236224,-0.541937,-2.964166
125,-0.011631,0.072212,-0.356054,0.015617,0.018209,0.018226,1.309331,-0.136196,2.418032
125,-0.076730,0.037971,-0.239836,0.019262,0.018343,0.019916,1.428043,-0.500700,2.893592
250,0.102183,0.019104,-0.140664,0.034252,0.038183,0.034670,2.894418,-0.294860,1.573346
125,-0.186181,0.053299,-0.284856,0.018865,0.021031,0.019096,-2.084769,-0.290091,1.561722
250,0.223212,0.106129,-0.447617,0.032946,0.031178,0.033502,-0.556159,-0.276674,1.565295
250,0.308735,0.074573,-0.317970,0.040906,0.045601,0.041405,-1.718653,-0.286651,1.560489
