label,x,y,z,w,h,l,roll,pitch,yaw
250,-0.071269,0.016264,-0.202466,0.035598,0.031293,0.034033,-2.286341,-0.517792,1.562143
250,-0.182728,0.157121,-0.451420,0.037709,0.033148,0.036051,-0.563582,-0.502770,1.564671
125,0.021554,0.034649,-0.258584,0.013338,0.014869,0.013501,0.983795,-0.487913,-2.839305
125,0.023369,0.094254,-0.362150,0.015617,0.018209,0.018226,1.133486,-0.283101,2.454818
125,-0.041730,0.034835,-0.256563,0.019262,0.018343,0.019916,1.171573,-0.542280,3.021915
250,0.137183,-0.005779,-0.164143,0.034252,0.038183,0.034670,2.893759,-0.520911,1.573609
125,-0.151181,0.059864,-0.297002,0.018865,0.021031,0.019096,-2.082430,-0.516133,1.560799
