label,x,y,z,w,h,l,roll,pitch,yaw
250,-0.036269,0.003819,-0.193620,0.035598,0.031293,0.034033,-2.288008,-0.334877,1.562835
250,-0.147728,0.097041,-0.464042,0.037709,0.033148,0.036051,-0.564756,-0.319852,1.565143
125,0.056554,0.011688,-0.252146,0.013338,0.014869,0.013501,1.186905,-0.533787,-2.938896
125,0.058369,0.051460,-0.364826,0.015617,0.018209,0.018226,1.276567,-0.164674,2.422943
125,-0.006730,0.012239,-0.250191,0.019262,0.018343,0.019916,1.380110,-0.510804,2.916818
250,0.172183,-0.010886,-0.151926,0.034252,0.038183,0.034670,2.894301,-0.337991,1.573382
125,-0.116181,0.029495,-0.294510,0.018865,0.021031,0.019096,-2.084355,-0.333220,1.561595
125,-0.388371,0.063500,-0.400675,0.015985,0.015127,0.016255,1.228784,0.278844,3.043917
