label,x,y,z,w,h,l,roll,pitch,yaw
250,-0.001269,0.060803,-0.176659,0.035598,0.031293,0.034033,-2.286549,-0.496737,1.562243
250,-0.112728,0.196387,-0.428523,0.037709,0.033148,0.036051,-0.563728,-0.481714,1.564740
125,0.091554,0.078001,-0.233152,0.013338,0.014869,0.013501,1.006627,-0.494074,-2.850070
125,0.093369,0.135413,-0.337949,0.015617,0.018209,0.018226,1.150378,-0.269713,2.450207
125,0.028270,0.078230,-0.231134,0.019262,0.018343,0.019916,1.195942,-0.539635,3.009366
125,-0.022525,0.078825,-0.224418,0.009550,0.011135,0.011145,-0.995957,-0.523934,-0.313414
125,-0.081181,0.102402,-0.272092,0.018865,0.021031,0.019096,-2.082669,-0.495078,1.560915
125,-0.353371,0.153072,-0.371390,0.015985,0.015127,0.016255,1.062068,0.259438,2.999489
250,0.328212,0.187258,-0.420691,0.032946,0.031178,0.033502,-0.554895,-0.481667,1.564825
