label,x,y,z,w,h,l,roll,pitch,yaw
250,0.068731,0.002840,-0.206633,0.035598,0.031293,0.034033,-2.286630,-0.488369,1.562282
250,-0.286750,0.075407,-0.342029,0.036754,0.042855,0.042894,1.636570,-0.482474,1.582057
125,0.161554,0.019565,-0.263267,0.013338,0.014869,0.013501,1.015743,-0.496461,-2.854403
125,0.163369,0.076098,-0.368542,0.015617,0.018209,0.018226,1.157057,-0.264372,2.448445
125,0.098270,0.019811,-0.261252,0.019262,0.018343,0.019916,1.205605,-0.538511,3.004405
125,0.047475,0.020462,-0.254541,0.009550,0.011135,0.011145,-1.005165,-0.526496,-0.308798
125,-0.011181,0.043640,-0.302411,0.018865,0.021031,0.019096,-2.082763,-0.486710,1.560959
125,-0.140335,-0.008880,-0.200793,0.023564,0.022300,0.023962,3.002627,-0.720846,1.608114
250,0.398212,0.127249,-0.451714,0.032946,0.031178,0.033502,-0.554951,-0.473299,1.564851
