label,x,y,z,w,h,l,roll,pitch,yaw
250,0.103731,0.062448,-0.175788,0.035598,0.031293,0.034033,-2.286517,-0.499933,1.562229
250,-0.007728,0.198836,-0.427217,0.037709,0.033148,0.036051,-0.563706,-0.484911,1.564730
250,-0.251750,0.136576,-0.310336,0.036754,0.042855,0.042894,1.636422,-0.494038,1.582126
125,0.196554,0.079827,-0.232225,0.013338,0.014869,0.013501,1.003152,-0.493152,-2.848424
125,0.082475,0.080623,-0.223489,0.009550,0.011135,0.011145,-0.992448,-0.522946,-0.315169
125,0.023819,0.104352,-0.271087,0.018865,0.021031,0.019096,-2.082633,-0.498274,1.560898
125,-0.248371,0.155339,-0.370223,0.015985,0.015127,0.016255,1.058795,0.258984,2.998650
125,-0.105335,0.050661,-0.170084,0.023564,0.022300,0.023962,3.002046,-0.732402,1.608499
250,0.433212,0.189683,-0.419414,0.032946,0.031178,0.033502,-0.554874,-0.484863,1.564815
