label,x,y,z,w,h,l,roll,pitch,yaw
250,0.138731,0.061901,-0.178637,0.035598,0.031293,0.034033,-2.285876,-0.563278,1.561903
250,0.027272,0.213933,-0.420928,0.037709,0.033148,0.036051,-0.563256,-0.548257,1.564508
250,-0.216750,0.144398,-0.308223,0.036754,0.042855,0.042894,1.635577,-0.557382,1.582551
125,0.231554,0.082818,-0.233861,0.013338,0.014869,0.013501,0.934989,-0.473879,-2.816724
125,0.233369,0.147071,-0.334609,0.015617,0.018209,0.018226,1.096533,-0.311755,2.465649
125,0.117475,0.083060,-0.225092,0.009550,0.011135,0.011145,-0.923725,-0.502288,-0.348886
125,0.058819,0.109755,-0.271093,0.018865,0.021031,0.019096,-2.081893,-0.561618,1.560523
125,-0.213371,0.166915,-0.366802,0.015985,0.015127,0.016255,0.994089,0.249446,2.982372
125,-0.070335,0.049777,-0.173691,0.023564,0.022300,0.023962,2.998636,-0.795702,1.610860
