label,x,y,z,w,h,l,roll,pitch,yaw
250,0.173731,0.057687,-0.177309,0.035598,0.031293,0.034033,-2.286787,-0.471859,1.562355
250,0.062272,0.186964,-0.432468,0.037709,0.033148,0.036051,-0.563895,-0.456837,1.564816
250,-0.181750,0.128009,-0.313885,0.036754,0.042855,0.042894,1.636778,-0.465966,1.581962
125,0.268369,0.128262,-0.340405,0.015617,0.018209,0.018226,1.170177,-0.253801,2.445084
125,0.203270,0.073754,-0.232201,0.019262,0.018343,0.019916,1.224630,-0.536174,2.994667
125,0.152475,0.074517,-0.225502,0.009550,0.011135,0.011145,-1.023410,-0.531441,-0.299590
125,0.093819,0.096900,-0.273748,0.018865,0.021031,0.019096,-2.082945,-0.470201,1.561043
125,-0.178371,0.145084,-0.374275,0.015985,0.015127,0.016255,1.087572,0.262880,3.006075
125,-0.035335,0.046065,-0.171277,0.023564,0.022300,0.023962,3.003435,-0.704347,1.607585
