label,x,y,z,w,h,l,roll,pitch,yaw
250,0.208731,0.045903,-0.189492,0.035598,0.031293,0.034033,-2.285737,-0.576408,1.561828
250,-0.146750,0.130095,-0.317984,0.036754,0.042855,0.042894,1.635393,-0.570511,1.582648
125,0.303369,0.133114,-0.344333,0.015617,0.018209,0.018226,1.085742,-0.319953,2.469001
125,0.238270,0.067611,-0.242408,0.019262,0.018343,0.019916,1.103366,-0.548251,3.057300
125,0.187475,0.067670,-0.235666,0.009550,0.011135,0.011145,-0.909681,-0.497758,-0.355620
125,0.128819,0.094967,-0.281312,0.018865,0.021031,0.019096,-2.081732,-0.574748,1.560437
125,-0.143371,0.153379,-0.376262,0.015985,0.015127,0.016255,0.980718,0.247343,2.979085
125,-0.000335,0.033715,-0.184706,0.023564,0.022300,0.023962,2.997875,-0.808822,1.611407
