label,x,y,z,w,h,l,roll,pitch,yaw
250,-0.111750,0.099941,-0.329144,0.036754,0.042855,0.042894,1.636552,-0.483869,1.582065
125,0.338369,0.100669,-0.355656,0.015617,0.018209,0.018226,1.155946,-0.265262,2.448736
125,0.222475,0.044875,-0.241733,0.009550,0.011135,0.011145,-1.003629,-0.526072,-0.309569
125,0.163819,0.068119,-0.289570,0.018865,0.021031,0.019096,-2.082747,-0.488104,1.560952
125,-0.108371,0.118095,-0.389219,0.015985,0.015127,0.016255,1.069213,0.260419,3.001325
125,0.034665,0.015457,-0.188025,0.023564,0.022300,0.023962,3.002557,-0.722239,1.608159
