label,x,y,z,w,h,l,roll,pitch,yaw
250,0.167272,0.102270,-0.461268,0.037709,0.033148,0.036051,-0.564840,-0.305677,1.565168
250,-0.076750,0.061845,-0.335160,0.036754,0.042855,0.042894,1.638546,-0.314812,1.581287
125,0.198819,0.037135,-0.290795,0.018865,0.021031,0.019096,-2.084492,-0.319045,1.561639
125,-0.073371,0.069631,-0.397432,0.015985,0.015127,0.016255,1.243465,0.280198,3.047967
125,0.069665,0.002310,-0.181837,0.023564,0.022300,0.023962,3.009945,-0.553276,1.603745
