label,x,y,z,w,h,l,roll,pitch,yaw
250,0.202272,0.097792,-0.462619,0.037709,0.033148,0.036051,-0.564848,-0.304253,1.565171
250,-0.041750,0.057546,-0.336454,0.036754,0.042855,0.042894,1.638562,-0.313388,1.581282
125,0.233819,0.032899,-0.292054,0.018865,0.021031,0.019096,-2.084506,-0.317622,1.561643
125,0.104665,-0.001770,-0.183047,0.023564,0.022300,0.023962,3.010000,-0.551853,1.603716
