label,x,y,z,w,h,l,roll,pitch,yaw
250,0.132888,0.007812,-0.189458,0.032749,0.038185,0.038220,-3.096936,-0.322685,1.570327
250,0.088977,0.040180,-0.271269,0.045319,0.050521,0.045872,2.717256,-0.321811,1.575123
125,0.417278,0.099638,-0.483607,0.033089,0.031511,0.034213,0.789410,-0.018194,1.884314
125,0.205106,0.081372,-0.455831,0.009707,0.010822,0.009826,-1.070023,0.875328,0.397796
125,0.311394,0.106338,-0.515196,0.020798,0.019805,0.021504,-1.154954,0.705142,0.278764
125,0.060466,0.109225,-0.527685,0.020673,0.018173,0.019765,0.389951,0.597425,1.905240
250,0.258613,0.052153,-0.328299,0.033103,0.036902,0.033507,-1.724606,-0.314243,1.560411
