label,x,y,z,w,h,l,roll,pitch,yaw
125,0.105697,0.091953,-0.502552,0.010875,0.012680,0.012691,0.304614,1.174007,1.899327
125,-0.058458,0.081685,-0.443159,0.009875,0.011008,0.009995,1.153231,0.429712,2.958824
125,0.135339,0.105557,-0.534372,0.026182,0.024933,0.027071,-0.052613,-0.068040,1.553538
125,0.063741,0.097775,-0.514167,0.009707,0.010822,0.009826,0.722044,1.057263,2.361719
250,-0.044770,0.005217,-0.264143,0.040516,0.038342,0.041200,2.082712,-0.419864,1.649571
250,-0.117837,0.030026,-0.323887,0.043706,0.041620,0.045190,1.568634,-0.407130,1.979729
250,0.185124,0.091637,-0.485185,0.033213,0.029197,0.031754,-0.417836,-0.368439,1.566431
