label,x,y,z,w,h,l,roll,pitch,yaw
125,0.070697,0.147896,-0.485667,0.010875,0.012680,0.012691,0.247886,1.097430,1.847843
125,0.100339,0.164005,-0.516295,0.026182,0.024933,0.027071,-0.051215,-0.148224,1.553387
125,0.028741,0.154629,-0.496779,0.009707,0.010822,0.009826,0.616711,0.998281,2.271476
250,-0.079770,0.042340,-0.254973,0.040516,0.038342,0.041200,2.075529,-0.499802,1.652761
250,-0.152837,0.071854,-0.312538,0.043706,0.041620,0.045190,1.532705,-0.480474,1.995167
