label,x,y,z,w,h,l,roll,pitch,yaw
250,0.496845,0.141566,-0.504623,0.032749,0.038185,0.038220,0.045894,-0.421032,1.571301
125,-0.128458,0.115054,-0.433589,0.009875,0.011008,0.009995,1.095684,0.419373,2.935115
125,0.212946,0.009810,-0.225562,0.033089,0.031511,0.034213,-2.078103,-0.681660,1.161832
125,-0.006259,0.134914,-0.503637,0.009707,0.010822,0.009826,0.649586,1.018490,2.299290
250,-0.114770,0.029132,-0.258914,0.040516,0.038342,0.041200,2.077989,-0.473140,1.651611
250,0.371352,0.080116,-0.372241,0.033103,0.036902,0.033507,1.410844,-0.429451,1.581663
250,-0.187837,0.057096,-0.317248,0.043706,0.041620,0.045190,1.544972,-0.456066,1.989630
250,0.115124,0.127236,-0.475024,0.033213,0.029197,0.031754,-0.417580,-0.421884,1.566333
