label,x,y,z,w,h,l,roll,pitch,yaw
250,0.461845,0.146049,-0.504386,0.032749,0.038185,0.038220,0.045882,-0.441268,1.571306
125,0.000697,0.132717,-0.492379,0.010875,0.012680,0.012691,0.251842,1.103692,1.851370
125,-0.163458,0.118105,-0.433903,0.009875,0.011008,0.009995,1.074039,0.415137,2.926343
125,0.177946,0.008673,-0.228048,0.033089,0.031511,0.034213,-2.067580,-0.700201,1.155126
125,0.030339,0.148627,-0.523111,0.026182,0.024933,0.027071,-0.051329,-0.141711,1.553404
250,-0.149770,0.028666,-0.261003,0.040516,0.038342,0.041200,2.076134,-0.493310,1.652472
250,0.336352,0.081933,-0.373274,0.033103,0.036902,0.033507,1.410600,-0.449686,1.581767
250,-0.222836,0.057805,-0.318758,0.043706,0.041620,0.045190,1.535720,-0.474536,1.993782
250,0.080124,0.131123,-0.475083,0.033213,0.029197,0.031754,-0.417480,-0.442120,1.566291
