label,x,y,z,w,h,l,roll,pitch,yaw
250,-0.028154,0.213025,-0.479804,0.032749,0.038185,0.038220,0.045798,-0.580121,1.571348
125,-0.459660,0.218169,-0.497993,0.026182,0.024933,0.027071,-0.048824,-0.280542,1.552877
125,-0.169864,0.054096,-0.242952,0.010000,0.008791,0.009561,0.864335,-0.540976,-2.727525
125,-0.206118,0.018169,-0.200454,0.020798,0.019805,0.021504,0.829147,-0.602788,-2.662557
125,-0.018256,0.021250,-0.201780,0.027827,0.026500,0.028772,-3.128391,-0.648355,1.569872
125,0.044830,0.010374,-0.190784,0.020673,0.018173,0.019765,-1.533221,-1.291275,0.154195
250,-0.409876,0.194187,-0.452850,0.033213,0.029197,0.031754,-0.416734,-0.580971,1.565925
