label,x,y,z,w,h,l,roll,pitch,yaw
250,-0.063154,0.146698,-0.496197,0.032749,0.038185,0.038220,0.045953,-0.309054,1.571280
250,-0.019103,0.124528,-0.411127,0.045319,0.050521,0.045872,-0.420066,-0.309915,1.566502
125,-0.134933,0.048718,-0.237684,0.009707,0.010822,0.009826,1.059987,-0.874239,-2.735601
125,-0.204864,0.056992,-0.225438,0.010000,0.008791,0.009561,1.172382,-0.629221,-2.898760
125,-0.053256,0.036369,-0.176975,0.027827,0.026500,0.028772,-3.128657,-0.377288,1.570003
125,0.009830,0.028835,-0.163469,0.020673,0.018173,0.019765,-2.247213,-1.154876,0.830167
250,-0.188647,0.100425,-0.357778,0.033103,0.036902,0.033507,1.412122,-0.317479,1.581196
250,-0.444876,0.135765,-0.465183,0.033213,0.029197,0.031754,-0.418104,-0.309907,1.566520
