label,x,y,z,w,h,l,roll,pitch,yaw
250,-0.098154,0.205031,-0.482667,0.032749,0.038185,0.038220,0.045812,-0.558375,1.571340
250,-0.054103,0.162555,-0.405698,0.045319,0.050521,0.045872,-0.418816,-0.559234,1.565971
125,-0.169932,0.046293,-0.256324,0.009707,0.010822,0.009826,0.745329,-0.748878,-2.506019
125,-0.088256,0.019346,-0.200538,0.027827,0.026500,0.028772,-3.128416,-0.626609,1.569886
125,-0.025170,0.008713,-0.189309,0.020673,0.018173,0.019765,-1.610070,-1.287142,0.228021
