label,x,y,z,w,h,l,roll,pitch,yaw
250,-0.133154,0.138141,-0.501067,0.032749,0.038185,0.038220,0.045927,-0.359968,1.571289
250,-0.089103,0.111670,-0.417235,0.045319,0.050521,0.045872,-0.419832,-0.360829,1.566425
125,-0.204932,0.027132,-0.247875,0.009707,0.010822,0.009826,0.988852,-0.852862,-2.681514
125,-0.123256,0.011710,-0.187873,0.027827,0.026500,0.028772,-3.128613,-0.428203,1.569986
125,-0.060170,0.003498,-0.174768,0.020673,0.018173,0.019765,-2.154455,-1.190987,0.744632
250,-0.258647,0.084884,-0.365181,0.033103,0.036902,0.033507,1.411555,-0.368391,1.581387
