label,x,y,z,w,h,l,roll,pitch,yaw
125,-0.105937,-0.042754,-0.224084,0.010875,0.012680,0.012691,-0.354287,-1.227378,-1.196484
125,0.058311,-0.012487,-0.275912,0.009875,0.011008,0.009995,-1.214121,-0.440723,-0.157635
125,-0.135635,-0.052796,-0.191017,0.026182,0.024933,0.027071,3.073361,-0.630680,1.592718
125,-0.064002,-0.045791,-0.211383,0.009707,0.010822,0.009826,-0.807381,-1.096454,-0.705258
250,0.044934,0.044149,-0.462177,0.040516,0.038342,0.041200,-1.007788,-0.277226,1.495945
125,-0.424948,0.048408,-0.477380,0.010000,0.008791,0.009561,-1.170130,0.627211,0.243655
125,-0.388606,0.059968,-0.531756,0.020798,0.019805,0.021504,-1.144117,0.702747,0.285778
250,0.117897,0.024668,-0.400368,0.043706,0.041620,0.045190,-1.307809,-0.241810,1.185145
250,-0.185338,-0.031784,-0.237704,0.033213,0.029197,0.031754,2.719190,-0.330420,1.575117
