label,x,y,z,w,h,l,roll,pitch,yaw
125,0.139063,0.011892,-0.228420,0.010875,0.012680,0.012691,-0.190468,-0.990725,-1.344242
125,-0.037721,0.172246,-0.472775,0.033089,0.031511,0.034213,0.708624,-0.260990,1.895644
125,0.109365,-0.005928,-0.198811,0.026182,0.024933,0.027071,3.064975,-0.877577,1.598503
125,0.180998,0.005843,-0.216846,0.009707,0.010822,0.009826,-0.498750,-0.911165,-0.967302
125,-0.249894,0.147551,-0.450519,0.009707,0.010822,0.009826,-0.746522,0.747855,0.633905
250,-0.196387,0.087041,-0.334515,0.033103,0.036902,0.033507,-1.721488,-0.569799,1.559066
250,0.362897,0.120365,-0.382872,0.043706,0.041620,0.045190,-1.204527,-0.469137,1.148937
250,0.059662,0.025859,-0.238944,0.033213,0.029197,0.031754,2.717930,-0.577388,1.575674
