label,x,y,z,w,h,l,roll,pitch,yaw
125,0.174063,-0.030274,-0.214327,0.010875,0.012680,0.012691,-0.425466,-1.278825,-1.128842
125,-0.002721,0.049867,-0.495396,0.033089,0.031511,0.034213,0.804033,0.026911,1.884378
125,0.144365,-0.038448,-0.180749,0.026182,0.024933,0.027071,3.074823,-0.574677,1.591889
250,0.324934,0.043163,-0.456912,0.040516,0.038342,0.041200,-1.012080,-0.221364,1.497004
125,-0.214894,0.032938,-0.466786,0.009707,0.010822,0.009826,-1.139722,0.892521,0.343892
125,-0.296473,0.056161,-0.524361,0.027827,0.026500,0.028772,0.010918,-0.207033,1.571455
250,-0.161387,0.009796,-0.338012,0.033103,0.036902,0.033507,-1.725117,-0.266830,1.560557
250,0.397897,0.027174,-0.394109,0.043706,0.041620,0.045190,-1.329256,-0.189858,1.189740
250,0.094662,-0.020083,-0.228539,0.033213,0.029197,0.031754,2.719441,-0.274404,1.575042
