label,x,y,z,w,h,l,roll,pitch,yaw
250,-0.182112,-0.007977,-0.205633,0.032749,0.038185,0.038220,-3.096872,-0.447075,1.570303
250,-0.226023,0.034291,-0.282796,0.045319,0.050521,0.045872,2.716661,-0.446199,1.575347
250,0.429933,0.106450,-0.449344,0.040516,0.038342,0.041200,-0.998437,-0.392678,1.492865
125,-0.109894,0.098063,-0.460822,0.009707,0.010822,0.009826,-0.901599,0.819824,0.524239
125,-0.039949,0.112437,-0.463953,0.010000,0.008791,0.009561,-1.034342,0.594860,0.321649
125,-0.003606,0.130202,-0.516630,0.020798,0.019805,0.021504,-1.002777,0.665098,0.375187
125,-0.254534,0.134615,-0.528664,0.020673,0.018173,0.019765,0.344035,0.479431,1.881650
250,-0.056387,0.053247,-0.337900,0.033103,0.036902,0.033507,-1.723183,-0.438626,1.559887
250,0.199661,0.005092,-0.235146,0.033213,0.029197,0.031754,2.718637,-0.446208,1.575327
