label,x,y,z,w,h,l,roll,pitch,yaw
250,-0.112112,0.036455,-0.196562,0.032749,0.038185,0.038220,-3.096775,-0.609296,1.570254
250,-0.156023,0.090630,-0.265885,0.045319,0.050521,0.045872,2.715765,-0.608419,1.575799
125,0.172279,0.207691,-0.452752,0.033089,0.031511,0.034213,0.698286,-0.290393,1.898458
125,-0.039894,0.182318,-0.431273,0.009707,0.010822,0.009826,-0.712984,0.729188,0.656484
125,0.030051,0.197009,-0.432042,0.010000,0.008791,0.009561,-0.855157,0.536053,0.417882
125,0.066394,0.223048,-0.481158,0.020798,0.019805,0.021504,-0.820010,0.597363,0.483303
125,-0.121473,0.223134,-0.478052,0.027827,0.026500,0.028772,0.010666,-0.541059,1.571549
125,-0.184534,0.229348,-0.492322,0.020673,0.018173,0.019765,0.291891,0.324447,1.861186
250,0.013613,0.118236,-0.317203,0.033103,0.036902,0.033507,-1.721047,-0.600836,1.558822
