label,x,y,z,w,h,l,roll,pitch,yaw
250,-0.077112,0.009819,-0.196764,0.032749,0.038185,0.038220,-3.096875,-0.441399,1.570304
250,-0.121023,0.051648,-0.274165,0.045319,0.050521,0.045872,2.716689,-0.440524,1.575335
125,0.207279,0.135836,-0.477967,0.033089,0.031511,0.034213,0.752559,-0.131083,1.887067
125,-0.004894,0.114408,-0.452550,0.009707,0.010822,0.009826,-0.908822,0.822652,0.518952
125,0.065051,0.128764,-0.455763,0.010000,0.008791,0.009561,-1.040851,0.596644,0.317997
125,0.101394,0.146230,-0.508540,0.020798,0.019805,0.021504,-1.009499,0.667167,0.371033
125,-0.086473,0.146833,-0.505491,0.027827,0.026500,0.028772,0.010801,-0.373163,1.571489
250,0.048613,0.070290,-0.329376,0.033103,0.036902,0.033507,-1.723251,-0.432950,1.559916
