label,x,y,z,w,h,l,roll,pitch,yaw
250,-0.042112,0.046946,-0.178390,0.032749,0.038185,0.038220,-3.096897,-0.401174,1.570313
250,-0.086023,0.085629,-0.257411,0.045319,0.050521,0.045872,2.716887,-0.400299,1.575254
125,0.242279,0.161553,-0.464433,0.033089,0.031511,0.034213,0.765121,-0.092844,1.885663
125,0.030106,0.141165,-0.438175,0.009707,0.010822,0.009826,-0.961276,0.841927,0.480158
125,0.100051,0.155380,-0.441963,0.010000,0.008791,0.009561,-1.087429,0.608718,0.291590
125,-0.051473,0.171435,-0.492378,0.027827,0.026500,0.028772,0.010830,-0.332938,1.571479
125,-0.114534,0.174566,-0.507623,0.020673,0.018173,0.019765,0.360237,0.523078,1.889438
250,0.083613,0.102036,-0.313326,0.033103,0.036902,0.033507,-1.723725,-0.392728,1.560106
