label,x,y,z,w,h,l,roll,pitch,yaw
250,-0.007112,-0.006053,-0.191006,0.032749,0.038185,0.038220,-3.096960,-0.274411,1.570334
250,-0.051023,0.022329,-0.274284,0.045319,0.050521,0.045872,2.717473,-0.273537,1.575060
125,0.277279,0.071471,-0.489243,0.033089,0.031511,0.034213,0.804298,0.027728,1.884385
125,0.065106,0.054566,-0.460619,0.009707,0.010822,0.009826,-1.141010,0.892810,0.342888
125,-0.016473,0.077740,-0.518213,0.027827,0.026500,0.028772,0.010918,-0.206175,1.571455
250,0.118613,0.031535,-0.331825,0.033103,0.036902,0.033507,-1.725126,-0.265971,1.560560
