label,x,y,z,w,h,l,roll,pitch,yaw
250,0.027888,-0.006766,-0.196480,0.032749,0.038185,0.038220,-3.096921,-0.353021,1.570322
250,-0.016023,0.028069,-0.277272,0.045319,0.050521,0.045872,2.717116,-0.352146,1.575170
125,0.312279,0.093940,-0.487708,0.033089,0.031511,0.034213,0.780045,-0.047050,1.884620
125,-0.044534,0.104859,-0.531475,0.020673,0.018173,0.019765,0.378135,0.568738,1.898733
250,0.153613,0.041765,-0.333912,0.033103,0.036902,0.033507,-1.724272,-0.344577,1.560303
