label,x,y,z,w,h,l,roll,pitch,yaw
250,0.062888,0.061072,-0.178286,0.032749,0.038185,0.038220,-3.096789,-0.587153,1.570262
250,0.018977,0.113700,-0.248791,0.045319,0.050521,0.045872,2.715898,-0.586276,1.575724
125,0.347279,0.226595,-0.438204,0.033089,0.031511,0.034213,0.705679,-0.269420,1.896416
125,0.135106,0.201703,-0.416169,0.009707,0.010822,0.009826,-0.736793,0.742563,0.640502
125,0.205051,0.216373,-0.417263,0.010000,0.008791,0.009561,-0.878823,0.544917,0.405704
125,0.241394,0.241319,-0.466944,0.020798,0.019805,0.021504,-0.843890,0.607521,0.469771
125,-0.009534,0.247369,-0.478244,0.020673,0.018173,0.019765,0.298629,0.345657,1.863402
250,0.188613,0.140163,-0.300709,0.033103,0.036902,0.033507,-1.721364,-0.578694,1.558998
