label,x,y,z,w,h,l,roll,pitch,yaw
250,0.097888,-0.045828,-0.207178,0.032749,0.038185,0.038220,-3.096935,-0.325764,1.570327
250,0.053977,-0.013209,-0.288889,0.045319,0.050521,0.045872,2.717242,-0.324890,1.575128
125,0.382279,0.046903,-0.501042,0.033089,0.031511,0.034213,0.788460,-0.021122,1.884333
125,0.240051,0.042440,-0.478171,0.010000,0.008791,0.009561,-1.176755,0.628533,0.239763
125,0.276394,0.053700,-0.532611,0.020798,0.019805,0.021504,-1.151070,0.704292,0.281280
125,0.088527,0.054651,-0.529652,0.027827,0.026500,0.028772,0.010883,-0.257527,1.571463
250,0.223614,-0.001061,-0.345881,0.033103,0.036902,0.033507,-1.724573,-0.317321,1.560400
