label,x,y,z,w,h,l,roll,pitch,yaw
250,0.132888,-0.011936,-0.214442,0.032749,0.038185,0.038220,-3.096837,-0.508170,1.570287
250,0.088977,0.034965,-0.288880,0.045319,0.050521,0.045872,2.716343,-0.507294,1.575493
125,0.417279,0.132563,-0.486610,0.033089,0.031511,0.034213,0.731406,-0.194510,1.890497
125,0.275051,0.124025,-0.464928,0.010000,0.008791,0.009561,-0.965286,0.574435,0.359774
125,0.311394,0.144973,-0.516422,0.020798,0.019805,0.021504,-0.931812,0.641477,0.418334
125,0.123527,0.145372,-0.513340,0.027827,0.026500,0.028772,0.010750,-0.439934,1.571509
250,0.258613,0.057249,-0.342724,0.033103,0.036902,0.033507,-1.722424,-0.499717,1.559543
