label,x,y,z,w,h,l,roll,pitch,yaw
125,-0.284134,0.099163,-0.393390,0.024451,0.023284,0.025281,-1.362875,-0.502333,1.532225
125,-0.172967,-0.012298,-0.184528,0.009550,0.011135,0.011145,0.747315,-0.843988,-2.462900
250,-0.537541,0.193067,-0.557937,0.028999,0.027615,0.029984,0.129032,-0.348068,1.594641
125,0.085753,-0.001837,-0.192441,0.010982,0.010458,0.011354,-0.830510,-0.763199,-0.563277
125,-0.124474,0.128886,-0.448774,0.019115,0.022288,0.022309,0.580111,-0.500768,1.577074
125,0.069607,0.057526,-0.319831,0.021545,0.018939,0.020598,-1.725137,-0.579574,1.238794
250,0.195974,0.076077,-0.349386,0.028273,0.026756,0.028750,-1.597346,-0.509417,1.559348
250,-0.115549,-0.002205,-0.198488,0.033455,0.039008,0.039044,2.811929,-0.518588,1.574504
250,0.007514,0.171022,-0.511959,0.035605,0.033906,0.036814,-0.332185,-0.499673,1.567062
