label,x,y,z,w,h,l,roll,pitch,yaw
125,-0.319134,0.148073,-0.364836,0.024451,0.023284,0.025281,-1.363932,-0.478001,1.532723
125,0.050753,0.051996,-0.161487,0.010982,0.010458,0.011354,-0.859357,-0.775994,-0.543203
125,-0.159474,0.176439,-0.420927,0.019115,0.022288,0.022309,0.580283,-0.476419,1.576993
125,0.034607,0.108239,-0.290285,0.021545,0.018939,0.020598,-1.734483,-0.556534,1.243823
125,-0.035379,0.174648,-0.419018,0.021351,0.020205,0.021711,-0.492272,-0.475968,1.565455
250,0.160974,0.126066,-0.320282,0.028273,0.026756,0.028750,-1.597661,-0.485069,1.559498
250,0.036468,0.153071,-0.371805,0.023335,0.027208,0.027233,-1.188499,-0.481067,1.560310
250,-0.150549,0.051481,-0.167523,0.033455,0.039008,0.039044,2.812031,-0.494239,1.574454
250,-0.027486,0.217024,-0.485119,0.035605,0.033906,0.036814,-0.332287,-0.475324,1.567110
