label,x,y,z,w,h,l,roll,pitch,yaw
125,-0.354134,0.101835,-0.379143,0.024451,0.023284,0.025281,-1.370253,-0.319821,1.535186
125,0.015753,0.039012,-0.163192,0.010982,0.010458,0.011354,-1.064742,-0.847790,-0.393833
125,-0.194474,0.121005,-0.439004,0.019115,0.022288,0.022309,0.581312,-0.318134,1.576594
125,-0.000393,0.074250,-0.299245,0.021545,0.018939,0.020598,-1.789616,-0.405952,1.269420
125,-0.070379,0.119536,-0.436837,0.021351,0.020205,0.021711,-0.493158,-0.317682,1.565798
250,0.125974,0.087125,-0.331677,0.028273,0.026756,0.028750,-1.599542,-0.326791,1.560243
250,0.001468,0.105671,-0.386813,0.023335,0.027208,0.027233,-1.190242,-0.322787,1.560994
250,-0.185549,0.037552,-0.169071,0.033455,0.039008,0.039044,2.812642,-0.335952,1.574207
250,-0.062486,0.150964,-0.508791,0.035605,0.033906,0.036814,-0.332899,-0.317038,1.567346
