label,x,y,z,w,h,l,roll,pitch,yaw
125,-0.004047,0.022835,-0.164866,0.018128,0.015935,0.017331,-0.677167,-0.801410,-0.729195
125,-0.209746,0.060834,-0.224255,0.018745,0.017851,0.019382,2.554717,-0.581378,1.577387
250,0.127327,0.166895,-0.368365,0.037268,0.043454,0.043494,-1.271200,-0.530014,1.371282
250,0.126449,0.086861,-0.239809,0.043933,0.038620,0.042002,-1.947294,-0.576746,1.559729
125,-0.456722,0.242308,-0.492372,0.009550,0.011135,0.011145,-0.676987,0.801550,0.729446
250,-0.092827,0.008684,-0.135268,0.028999,0.027615,0.029984,-2.986011,-0.733820,1.540956
125,-0.197245,0.207465,-0.455251,0.013577,0.015135,0.013742,0.391675,0.161890,1.902819
125,-0.219600,0.173627,-0.396483,0.011274,0.010669,0.011464,0.876589,0.559598,2.725501
