label,x,y,z,w,h,l,roll,pitch,yaw
125,0.355675,0.172692,-0.462713,0.027309,0.031842,0.031872,1.019063,-0.563184,1.580902
125,0.014044,0.004087,-0.200210,0.009707,0.010822,0.009826,0.690267,-0.798060,-2.427279
125,0.194307,0.041038,-0.264581,0.019115,0.022288,0.022309,-2.556487,-0.576749,1.564243
125,0.070216,0.041916,-0.267249,0.021351,0.020205,0.021711,2.642180,-0.577188,1.576479
250,-0.125961,0.103847,-0.358586,0.028273,0.026756,0.028750,1.530692,-0.568033,1.582653
250,-0.001548,0.072329,-0.309457,0.023335,0.027208,0.027233,1.940659,-0.572045,1.581860
250,0.185832,0.199422,-0.498569,0.033455,0.039008,0.039044,-0.327395,-0.558937,1.566981
250,0.062199,0.005450,-0.197726,0.035605,0.033906,0.036814,2.803878,-0.577841,1.574728
250,0.422065,0.168710,-0.461385,0.026737,0.025302,0.027188,0.860653,-0.561901,1.579794
