label,x,y,z,w,h,l,roll,pitch,yaw
250,0.070745,0.016740,-0.215674,0.031538,0.035158,0.031923,2.811412,-0.577865,1.574644
250,0.005691,0.138091,-0.398547,0.039593,0.034805,0.037853,1.100812,-0.563899,1.581376
250,0.257900,0.043038,-0.260054,0.028110,0.031337,0.028453,-2.245446,-0.574668,1.561530
125,-0.010158,0.048912,-0.264803,0.033238,0.029219,0.031777,2.205439,-0.574352,1.580352
125,0.011484,0.004067,-0.190728,0.037416,0.032892,0.035772,2.593129,-0.576944,1.576983
