label,x,y,z,w,h,l,roll,pitch,yaw
250,0.441929,0.076556,-0.453731,0.028110,0.031337,0.028453,0.890618,-0.261507,1.578858
125,0.274764,0.077205,-0.484818,0.015913,0.015154,0.016453,-0.805826,0.179158,1.107075
125,0.295459,0.050289,-0.345179,0.033429,0.038978,0.039014,-1.591950,-0.268013,1.560429
250,0.243719,0.088976,-0.506758,0.024061,0.026822,0.024354,-0.616629,-0.173971,1.501590
250,0.143691,0.099369,-0.534160,0.029535,0.034437,0.034469,-0.098734,0.234438,1.521359
