label,x,y,z,w,h,l,roll,pitch,yaw
250,0.406929,0.193493,-0.416792,0.028110,0.031337,0.028453,0.888294,-0.515079,1.579745
125,0.239764,0.201919,-0.446722,0.015913,0.015154,0.016453,-0.693247,-0.048303,1.114491
125,0.037487,0.218946,-0.460705,0.027348,0.031887,0.031917,0.315817,-0.511867,1.574378
125,0.260459,0.140833,-0.318301,0.033429,0.038978,0.039014,-1.588951,-0.521579,1.559266
250,0.208719,0.218818,-0.465007,0.024061,0.026822,0.024354,-0.597569,-0.426902,1.495904
250,0.108691,0.235753,-0.488926,0.029535,0.034437,0.034469,-0.086334,-0.018845,1.522704
