label,x,y,z,w,h,l,roll,pitch,yaw
250,0.371929,0.058134,-0.463463,0.028110,0.031337,0.028453,0.890132,-0.318757,1.578997
125,0.298887,0.022988,-0.318176,0.010982,0.010458,0.011354,-1.241499,-0.158078,-0.053745
125,0.204764,0.060561,-0.494462,0.015913,0.015154,0.016453,-0.780019,0.127900,1.111023
125,0.002488,0.074532,-0.511498,0.027348,0.031887,0.031917,0.316552,-0.315538,1.574081
125,0.225459,0.025699,-0.356592,0.033429,0.038978,0.039014,-1.591324,-0.325262,1.560246
250,0.173719,0.073568,-0.515693,0.024061,0.026822,0.024354,-0.612564,-0.231084,1.500772
250,0.370722,0.047541,-0.431802,0.028295,0.024873,0.027052,1.064786,-0.319482,1.581414
