label,x,y,z,w,h,l,roll,pitch,yaw
250,0.336929,0.166034,-0.436232,0.028110,0.031337,0.028453,0.887880,-0.554386,1.579956
125,0.263887,0.097939,-0.303165,0.010982,0.010458,0.011354,-1.003798,-0.141154,-0.089342
125,0.169764,0.175630,-0.465808,0.015913,0.015154,0.016453,-0.675869,-0.083581,1.113346
125,-0.032512,0.193193,-0.479111,0.027348,0.031887,0.031917,0.315652,-0.551175,1.574462
125,0.190459,0.109544,-0.339886,0.033429,0.038978,0.039014,-1.588416,-0.560885,1.558990
250,0.138719,0.193235,-0.483414,0.024061,0.026822,0.024354,-0.594277,-0.466098,1.494482
250,0.335722,0.148341,-0.407918,0.028295,0.024873,0.027052,1.061869,-0.555105,1.582657
250,0.038691,0.211096,-0.506649,0.029535,0.034437,0.034469,-0.084441,-0.058108,1.522631
250,0.169051,-0.002103,-0.162050,0.033387,0.038929,0.038965,-2.498168,-0.631145,1.509252
