label,x,y,z,w,h,l,roll,pitch,yaw
250,0.099405,-0.024052,-0.309748,0.039593,0.034805,0.037853,-2.030813,-0.295123,1.561444
125,-0.226113,-0.011512,-0.325388,0.010982,0.010458,0.011354,-1.276261,-0.159830,-0.048242
125,-0.320236,0.019981,-0.502861,0.015913,0.015154,0.016453,-0.795461,0.158683,1.108818
125,-0.522512,0.033359,-0.520367,0.027348,0.031887,0.031917,0.316670,-0.281170,1.574047
125,-0.299541,-0.010122,-0.363874,0.033429,0.038978,0.039014,-1.591703,-0.290895,1.560361
250,-0.351280,0.032251,-0.524525,0.024061,0.026822,0.024354,-0.615015,-0.196799,1.501293
125,0.114998,0.018984,-0.464656,0.033238,0.029219,0.031777,-0.927025,-0.284678,1.562448
125,0.093218,0.045778,-0.546962,0.037416,0.032892,0.035772,-0.541997,-0.282108,1.565412
250,-0.451309,0.043268,-0.551683,0.029535,0.034437,0.034469,-0.097577,0.211583,1.521615
