label,x,y,z,w,h,l,roll,pitch,yaw
250,-0.070998,0.142837,-0.491214,0.031538,0.035158,0.031923,-0.325238,-0.371327,1.567355
250,-0.005595,0.064876,-0.286165,0.039593,0.034805,0.037853,-2.029905,-0.385249,1.561140
250,-0.258071,0.121962,-0.443714,0.028110,0.031337,0.028453,0.889641,-0.374516,1.579164
125,-0.425236,0.126112,-0.474530,0.015913,0.015154,0.016453,-0.755210,0.077895,1.113573
250,-0.456280,0.140282,-0.495002,0.024061,0.026822,0.024354,-0.608498,-0.286706,1.499731
125,0.009998,0.121680,-0.436570,0.033238,0.029219,0.031777,-0.926218,-0.374805,1.562186
125,-0.011782,0.155773,-0.516131,0.037416,0.032892,0.035772,-0.541477,-0.372237,1.565245
250,-0.259278,0.109620,-0.412692,0.028295,0.024873,0.027052,1.064150,-0.375239,1.581630
