label,x,y,z,w,h,l,roll,pitch,yaw
125,-0.072740,0.056345,-0.190147,0.027348,0.031887,0.031917,-2.823666,-0.559756,1.567129
125,-0.295453,0.144166,-0.327200,0.033429,0.038978,0.039014,1.539175,-0.549969,1.582522
250,-0.143995,0.039673,-0.161979,0.029535,0.034437,0.034469,2.967501,-1.050600,1.669198
250,-0.273711,0.253958,-0.506147,0.033387,0.038929,0.038965,0.579777,-0.478168,1.626627
