label,x,y,z,w,h,l,roll,pitch,yaw
125,-0.037740,0.021970,-0.210410,0.027348,0.031887,0.031917,-2.823698,-0.552301,1.567146
125,-0.260453,0.108767,-0.348114,0.033429,0.038978,0.039014,1.539277,-0.542515,1.582469
250,-0.208977,0.018288,-0.208668,0.024061,0.026822,0.024354,2.461013,-0.634378,1.655641
250,-0.108995,0.005508,-0.182118,0.029535,0.034437,0.034469,2.968956,-1.043181,1.667939
250,-0.238711,0.217221,-0.527874,0.033387,0.038929,0.038965,0.580244,-0.470725,1.626414
