label,x,y,z,w,h,l,roll,pitch,yaw
125,-0.298821,0.041799,-0.397047,0.010982,0.010458,0.011354,1.266136,0.160863,3.091270
125,-0.204983,-0.031026,-0.232006,0.015913,0.015154,0.016453,2.020989,-0.672877,2.169552
125,-0.002740,-0.029773,-0.209707,0.027348,0.031887,0.031917,-2.824618,-0.310107,1.567533
125,-0.225452,0.021465,-0.364208,0.033429,0.038978,0.039014,1.542208,-0.300333,1.581262
250,-0.173977,-0.032930,-0.207132,0.024061,0.026822,0.024354,2.483016,-0.392934,1.644750
250,-0.073995,-0.038969,-0.178292,0.029535,0.034437,0.034469,3.002412,-0.801803,1.641074
250,-0.203711,0.083640,-0.564734,0.033387,0.038929,0.038965,0.593933,-0.228868,1.621688
