label,x,y,z,w,h,l,roll,pitch,yaw
125,-0.263821,0.125522,-0.376646,0.010982,0.010458,0.011354,1.077765,0.148733,3.062142
125,-0.169983,0.023357,-0.227970,0.015913,0.015154,0.016453,1.866933,-0.821567,2.274650
125,0.032260,0.020454,-0.205825,0.027348,0.031887,0.031917,-2.823930,-0.496612,1.567262
125,-0.190453,0.099452,-0.348147,0.033429,0.038978,0.039014,1.540012,-0.486828,1.582107
250,-0.138977,0.016874,-0.203881,0.024061,0.026822,0.024354,2.466648,-0.578881,1.652428
250,-0.038995,0.005593,-0.176661,0.029535,0.034437,0.034469,2.978761,-0.987731,1.659604
250,-0.168711,0.197732,-0.533665,0.033387,0.038929,0.038965,0.583625,-0.415119,1.624964
