label,x,y,z,w,h,l,roll,pitch,yaw
125,-0.228821,0.056575,-0.390665,0.010982,0.010458,0.011354,1.296329,0.162291,3.096128
125,-0.134983,-0.011294,-0.223525,0.015913,0.015154,0.016453,2.042080,-0.648124,2.156611
125,0.067260,-0.009376,-0.201273,0.027348,0.031887,0.031917,-2.824719,-0.280273,1.567563
125,-0.155453,0.037230,-0.357234,0.033429,0.038978,0.039014,1.542532,-0.270500,1.581170
250,-0.103977,-0.012455,-0.198605,0.024061,0.026822,0.024354,2.485373,-0.363181,1.643880
250,-0.003995,-0.017631,-0.169598,0.029535,0.034437,0.034469,3.005335,-0.772040,1.639004
250,-0.133711,0.093396,-0.559525,0.033387,0.038929,0.038965,0.595482,-0.199072,1.621359
