label,x,y,z,w,h,l,roll,pitch,yaw
250,-0.267100,-0.015226,-0.266486,0.028110,0.031337,0.028453,-2.247394,-0.378053,1.562428
125,-0.099983,-0.033357,-0.240908,0.015913,0.015154,0.016453,1.967128,-0.730981,2.204349
125,0.102260,-0.033692,-0.218576,0.027348,0.031887,0.031917,-2.824368,-0.381282,1.567448
125,-0.120453,0.028403,-0.369043,0.033429,0.038978,0.039014,1.541409,-0.371505,1.581525
250,-0.068977,-0.037025,-0.216232,0.024061,0.026822,0.024354,2.477140,-0.463909,1.647193
250,-0.265840,-0.003031,-0.297563,0.028295,0.024873,0.027052,-2.071073,-0.377317,1.559963
250,0.031005,-0.045099,-0.187895,0.029535,0.034437,0.034469,2.994642,-0.872789,1.646850
250,-0.098711,0.104682,-0.564638,0.033387,0.038929,0.038965,0.590147,-0.299950,1.622678
