label,x,y,z,w,h,l,roll,pitch,yaw
250,-0.232100,0.037301,-0.247775,0.028110,0.031337,0.028453,-2.247134,-0.406605,1.562328
125,-0.158821,0.107342,-0.379696,0.010982,0.010458,0.011354,1.165320,0.155051,3.075398
125,-0.064983,0.018447,-0.222725,0.015913,0.015154,0.016453,1.943942,-0.753862,2.220026
125,0.137260,0.017474,-0.200412,0.027348,0.031887,0.031917,-2.824264,-0.409835,1.567408
125,-0.085453,0.083840,-0.349045,0.033429,0.038978,0.039014,1.541077,-0.400057,1.581650
250,-0.033977,0.014076,-0.198165,0.024061,0.026822,0.024354,2.474667,-0.492378,1.648331
250,-0.230840,0.050378,-0.278492,0.028295,0.024873,0.027052,-2.070737,-0.405868,1.559835
250,0.066005,0.005196,-0.170069,0.029535,0.034437,0.034469,2.991147,-0.901257,1.649560
250,-0.063711,0.165672,-0.542383,0.033387,0.038929,0.038965,0.588583,-0.328465,1.623162
