label,x,y,z,w,h,l,roll,pitch,yaw
250,-0.197100,0.064076,-0.236203,0.028110,0.031337,0.028453,-2.247189,-0.400585,1.562350
125,-0.123821,0.133322,-0.368543,0.010982,0.010458,0.011354,1.171401,0.155446,3.076339
125,-0.029983,0.045374,-0.211040,0.015913,0.015154,0.016453,1.948913,-0.749060,2.216632
125,0.172260,0.044535,-0.188721,0.027348,0.031887,0.031917,-2.824286,-0.403815,1.567417
125,-0.050453,0.110004,-0.337751,0.033429,0.038978,0.039014,1.541148,-0.394036,1.581623
250,0.001023,0.041151,-0.186453,0.024061,0.026822,0.024354,2.475195,-0.486376,1.648083
250,-0.195840,0.076968,-0.266998,0.028295,0.024873,0.027052,-2.070808,-0.399848,1.559863
250,0.101005,0.032440,-0.158305,0.029535,0.034437,0.034469,2.991904,-0.895255,1.648967
250,-0.028711,0.190671,-0.531578,0.033387,0.038929,0.038965,0.588915,-0.322452,1.623055
