label,x,y,z,w,h,l,roll,pitch,yaw
250,-0.379309,0.061766,-0.417200,0.039593,0.034805,0.037853,1.102960,-0.373750,1.580401
250,-0.127100,-0.005397,-0.263237,0.028110,0.031337,0.028453,-2.247335,-0.384517,1.562406
125,-0.053821,0.061714,-0.396673,0.010982,0.010458,0.011354,1.187633,0.156474,3.078860
125,0.040017,-0.023692,-0.237777,0.015913,0.015154,0.016453,1.961963,-0.736185,2.207807
125,0.019547,0.038894,-0.365510,0.033429,0.038978,0.039014,1.541335,-0.377969,1.581552
250,0.071023,-0.027520,-0.213126,0.024061,0.026822,0.024354,2.476587,-0.470355,1.647442
250,-0.125840,0.006999,-0.294235,0.028295,0.024873,0.027052,-2.070998,-0.383781,1.559935
250,0.171005,-0.035777,-0.184841,0.029535,0.034437,0.034469,2.993872,-0.879235,1.647442
250,0.041289,0.116436,-0.560609,0.033387,0.038929,0.038965,0.589795,-0.306406,1.622783
