label,x,y,z,w,h,l,roll,pitch,yaw
250,-0.344309,0.133016,-0.402631,0.039593,0.034805,0.037853,1.100760,-0.567985,1.581403
250,-0.092100,0.037397,-0.264528,0.028110,0.031337,0.028453,-2.245401,-0.578754,1.561506
125,-0.018821,0.129002,-0.382500,0.010982,0.010458,0.011354,0.991795,0.141423,3.049706
125,0.075017,0.014531,-0.243078,0.015913,0.015154,0.016453,1.779695,-0.884856,2.340426
125,0.054547,0.100596,-0.356328,0.033429,0.038978,0.039014,1.538865,-0.572201,1.582687
250,0.106023,0.006017,-0.219630,0.024061,0.026822,0.024354,2.457819,-0.663958,1.657572
250,-0.090840,0.055543,-0.292550,0.028295,0.024873,0.027052,-2.068495,-0.578013,1.558772
250,0.206005,-0.007544,-0.193471,0.029535,0.034437,0.034469,2.962929,-1.072722,1.673191
250,0.076289,0.214339,-0.532790,0.033387,0.038929,0.038965,0.578363,-0.500367,1.627292
