label,x,y,z,w,h,l,roll,pitch,yaw
250,-0.244255,-0.023241,-0.222390,0.031538,0.035158,0.031923,2.811949,-0.451920,1.574378
250,-0.057100,-0.002726,-0.269722,0.028110,0.031337,0.028453,-2.246738,-0.448726,1.562164
125,0.016179,0.072808,-0.398576,0.010982,0.010458,0.011354,1.122798,0.152128,3.068892
125,0.110017,-0.022618,-0.245488,0.015913,0.015154,0.016453,1.907869,-0.787097,2.245155
125,0.089547,0.048036,-0.368942,0.033429,0.038978,0.039014,1.540571,-0.442177,1.581857
250,0.141023,-0.028019,-0.221134,0.024061,0.026822,0.024354,2.470877,-0.534372,1.650192
250,-0.055840,0.011633,-0.299861,0.028295,0.024873,0.027052,-2.070225,-0.447989,1.559623
250,0.111289,0.137937,-0.558663,0.033387,0.038929,0.038965,0.586218,-0.370529,1.623971
