label,x,y,z,w,h,l,roll,pitch,yaw
250,-0.274309,0.214287,-0.350296,0.039593,0.034805,0.037853,1.100658,-0.576100,1.581459
250,-0.022100,0.117551,-0.212973,0.028110,0.031337,0.028453,-2.245310,-0.586869,1.561456
125,0.051179,0.210111,-0.330198,0.010982,0.010458,0.011354,0.983633,0.140674,3.048558
125,0.145017,0.094512,-0.191709,0.015913,0.015154,0.016453,1.770715,-0.890664,2.347391
125,0.124547,0.181493,-0.304257,0.033429,0.038978,0.039014,1.538750,-0.580317,1.582750
250,0.176023,0.085808,-0.168331,0.024061,0.026822,0.024354,2.456920,-0.672043,1.658129
250,-0.020840,0.135924,-0.240847,0.028295,0.024873,0.027052,-2.068378,-0.586128,1.558708
250,0.146289,0.296664,-0.479790,0.033387,0.038929,0.038965,0.577839,-0.508470,1.627545
