label,x,y,z,w,h,l,roll,pitch,yaw
250,-0.174255,0.050711,-0.191088,0.031538,0.035158,0.031923,2.811622,-0.530622,1.574533
250,-0.239309,0.163291,-0.379488,0.039593,0.034805,0.037853,1.101386,-0.516658,1.581080
250,0.012900,0.074884,-0.236660,0.028110,0.031337,0.028453,-2.245952,-0.527427,1.561795
125,0.086179,0.160316,-0.359177,0.010982,0.010458,0.011354,1.043458,0.145945,3.057105
125,0.180017,0.053149,-0.214066,0.015913,0.015154,0.016453,1.833650,-0.847254,2.299313
125,0.159547,0.133290,-0.331582,0.033429,0.038978,0.039014,1.539569,-0.520875,1.582322
125,-0.255158,0.080527,-0.241682,0.033238,0.029219,0.031777,2.205961,-0.527111,1.580078
250,0.014160,0.091569,-0.265577,0.028295,0.024873,0.027052,-2.069208,-0.526687,1.559147
250,0.181289,0.237829,-0.513648,0.033387,0.038929,0.038965,0.581579,-0.449117,1.625821
