label,x,y,z,w,h,l,roll,pitch,yaw
250,-0.139255,0.033295,-0.193620,0.031538,0.035158,0.031923,2.812084,-0.417413,1.574322
250,-0.204309,0.123871,-0.393532,0.039593,0.034805,0.037853,1.102649,-0.403454,1.580518
250,0.047900,0.052165,-0.241632,0.028110,0.031337,0.028453,-2.247063,-0.414221,1.562300
125,0.215017,0.033122,-0.216726,0.015913,0.015154,0.016453,1.937590,-0.759918,2.224387
125,0.194547,0.099474,-0.342544,0.033429,0.038978,0.039014,1.540987,-0.407673,1.581686
125,-0.220158,0.057205,-0.247258,0.033238,0.029219,0.031777,2.207106,-0.413905,1.579558
250,0.049160,0.065476,-0.272248,0.028295,0.024873,0.027052,-2.070646,-0.413484,1.559799
250,0.216289,0.182776,-0.535253,0.033387,0.038929,0.038965,0.588160,-0.336071,1.623299
