label,x,y,z,w,h,l,roll,pitch,yaw
250,-0.104255,-0.004215,-0.209709,0.031538,0.035158,0.031923,2.812088,-0.416442,1.574320
250,-0.169309,0.086167,-0.409709,0.039593,0.034805,0.037853,1.102660,-0.402482,1.580514
250,0.082900,0.014609,-0.257739,0.028110,0.031337,0.028453,-2.247072,-0.413250,1.562304
125,0.229547,0.061819,-0.358697,0.033429,0.038978,0.039014,1.540998,-0.406701,1.581681
125,-0.185158,0.019643,-0.263371,0.033238,0.029219,0.031777,2.207115,-0.412934,1.579555
125,-0.163516,-0.012713,-0.183051,0.037416,0.032892,0.035772,2.594216,-0.415523,1.576464
250,0.084160,0.027890,-0.288368,0.028295,0.024873,0.027052,-2.070657,-0.412513,1.559803
250,0.251289,0.144935,-0.551488,0.033387,0.038929,0.038965,0.588214,-0.335101,1.623282
