label,x,y,z,w,h,l,roll,pitch,yaw
250,-0.069255,0.005932,-0.198544,0.031538,0.035158,0.031923,2.812447,-0.319565,1.574191
250,-0.134309,0.076545,-0.406348,0.039593,0.034805,0.037853,1.103645,-0.305610,1.580172
250,0.117900,0.020022,-0.248169,0.028110,0.031337,0.028453,-2.247937,-0.316376,1.562612
125,0.264547,0.057246,-0.353221,0.033429,0.038978,0.039014,1.542104,-0.309830,1.581293
125,-0.150158,0.024488,-0.254261,0.033238,0.029219,0.031777,2.208007,-0.316060,1.579237
125,-0.128516,0.000053,-0.171188,0.037416,0.032892,0.035772,2.594793,-0.318647,1.576256
250,0.119160,0.030278,-0.279940,0.028295,0.024873,0.027052,-2.071776,-0.315641,1.560202
