label,x,y,z,w,h,l,roll,pitch,yaw
250,-0.034255,-0.035958,-0.214328,0.031538,0.035158,0.031923,2.812366,-0.341922,1.574217
250,-0.099309,0.039282,-0.420502,0.039593,0.034805,0.037853,1.103424,-0.327965,1.580241
250,0.152900,-0.020763,-0.263626,0.028110,0.031337,0.028453,-2.247743,-0.338731,1.562550
125,0.226179,0.040170,-0.399993,0.010982,0.010458,0.011354,1.233915,0.159179,3.086136
125,0.299548,0.018800,-0.367819,0.033429,0.038978,0.039014,1.541855,-0.332185,1.581371
125,-0.115158,-0.016162,-0.269616,0.033238,0.029219,0.031777,2.207807,-0.338416,1.579301
125,-0.093516,-0.042448,-0.187110,0.037416,0.032892,0.035772,2.594664,-0.341003,1.576298
250,0.154160,-0.009799,-0.295159,0.028295,0.024873,0.027052,-2.071525,-0.337996,1.560122
250,0.321290,0.087331,-0.566262,0.033387,0.038929,0.038965,0.592257,-0.260680,1.622094
