label,x,y,z,w,h,l,roll,pitch,yaw
250,0.000745,-0.038929,-0.214169,0.031538,0.035158,0.031923,2.812404,-0.331597,1.574205
250,-0.064309,0.034179,-0.421109,0.039593,0.034805,0.037853,1.103527,-0.317641,1.580209
250,0.187900,-0.024244,-0.263622,0.028110,0.031337,0.028453,-2.247833,-0.328407,1.562580
125,0.334547,0.014242,-0.368218,0.033429,0.038978,0.039014,1.541971,-0.321861,1.581334
125,-0.080158,-0.019705,-0.269659,0.033238,0.029219,0.031777,2.207899,-0.328092,1.579271
125,-0.058516,-0.045137,-0.186886,0.037416,0.032892,0.035772,2.594724,-0.330678,1.576279
250,0.189160,-0.013606,-0.295266,0.028295,0.024873,0.027052,-2.071641,-0.327672,1.560160
250,0.356289,0.080720,-0.567358,0.033387,0.038929,0.038965,0.592803,-0.250369,1.621956
