label,x,y,z,w,h,l,roll,pitch,yaw
250,0.035745,0.052278,-0.188053,0.031538,0.035158,0.031923,2.811782,-0.492968,1.574454
250,-0.029309,0.157686,-0.380559,0.039593,0.034805,0.037853,1.101822,-0.479005,1.580872
250,0.222900,0.074718,-0.234504,0.028110,0.031337,0.028453,-2.246337,-0.489773,1.561982
125,-0.045158,0.080168,-0.239734,0.033238,0.029219,0.031777,2.206357,-0.489457,1.579886
125,-0.023516,0.041767,-0.162123,0.037416,0.032892,0.035772,2.593724,-0.492047,1.576680
250,0.224160,0.090302,-0.264028,0.028295,0.024873,0.027052,-2.069705,-0.489034,1.559388
