label,x,y,z,w,h,l,roll,pitch,yaw
250,0.070745,-0.026352,-0.207435,0.031538,0.035158,0.031923,2.812499,-0.304932,1.574175
250,0.005691,0.041212,-0.416251,0.039593,0.034805,0.037853,1.103788,-0.290977,1.580130
250,0.257900,-0.012991,-0.257262,0.028110,0.031337,0.028453,-2.248062,-0.301743,1.562651
125,-0.010158,-0.008614,-0.263418,0.033238,0.029219,0.031777,2.208136,-0.301428,1.579197
125,0.011484,-0.031831,-0.179996,0.037416,0.032892,0.035772,2.594877,-0.304014,1.576231
