label,x,y,z,w,h,l,roll,pitch,yaw
125,0.147140,-0.039576,-0.166693,0.010982,0.010458,0.011354,-0.179745,-1.057931,-1.365207
125,-0.106250,0.083400,-0.402780,0.015753,0.015002,0.016288,1.059806,0.160313,3.052334
125,0.126933,0.133486,-0.483695,0.025493,0.024276,0.026358,-0.015043,-0.493817,1.570625
250,0.212870,-0.007243,-0.224080,0.030139,0.028701,0.031162,-2.627417,-0.512530,1.565181
250,-0.000747,0.048362,-0.327666,0.028020,0.026517,0.028493,1.870612,-0.506795,1.581706
250,0.248115,0.144761,-0.487744,0.038952,0.034242,0.037240,-0.693137,-0.496135,1.563501
