label,x,y,z,w,h,l,roll,pitch,yaw
250,0.567568,0.110542,-0.583009,0.035784,0.041723,0.041762,-0.118191,-0.339909,1.569541
125,0.112140,-0.052162,-0.154057,0.010982,0.010458,0.011354,-0.267948,-1.207423,-1.285102
125,-0.141250,0.033151,-0.406211,0.015753,0.015002,0.016288,1.215483,0.172083,3.078139
125,0.091933,0.070234,-0.493850,0.025493,0.024276,0.026358,-0.015071,-0.339840,1.570636
250,0.307080,0.008891,-0.325415,0.023457,0.027351,0.027376,-1.473582,-0.383967,0.808510
250,0.177870,-0.029013,-0.215723,0.030139,0.028701,0.031162,-2.628337,-0.358555,1.565570
250,-0.035747,0.010047,-0.326613,0.028020,0.026517,0.028493,1.872395,-0.352826,1.580961
250,0.213115,0.080754,-0.499581,0.038952,0.034242,0.037240,-0.694325,-0.342161,1.563985
250,0.149308,-0.057527,-0.133150,0.034821,0.032952,0.035408,-2.889259,-0.483582,1.534272
