label,x,y,z,w,h,l,roll,pitch,yaw
125,-0.097860,-0.074011,-0.153835,0.010982,0.010458,0.011354,-0.328041,-1.267938,-1.228284
125,-0.118067,0.026541,-0.500721,0.025493,0.024276,0.026358,-0.015081,-0.276239,1.570639
250,0.097080,-0.023972,-0.328728,0.023457,0.027351,0.027376,-1.520116,-0.337599,0.824944
250,-0.032130,-0.054828,-0.216849,0.030139,0.028701,0.031162,-2.628684,-0.294955,1.565681
250,-0.245747,-0.022895,-0.329996,0.028020,0.026517,0.028493,1.873069,-0.289229,1.580748
125,0.406995,0.026216,-0.510959,0.013598,0.015855,0.015870,-1.006395,1.014744,0.493365
125,0.374404,0.049341,-0.559033,0.032189,0.037532,0.037567,-0.214872,-0.175850,1.545720
250,0.208714,-0.000194,-0.394691,0.031664,0.027835,0.030272,1.340503,-0.283970,1.580945
250,-0.060692,-0.078036,-0.132630,0.034821,0.032952,0.035408,-2.891801,-0.420022,1.535382
