label,x,y,z,w,h,l,roll,pitch,yaw
125,-0.328067,0.045257,-0.493645,0.025493,0.024276,0.026358,-0.015084,-0.261779,1.570640
250,-0.112920,-0.002765,-0.320939,0.023457,0.027351,0.027376,-1.530477,-0.326961,0.828324
125,0.263440,-0.010169,-0.302239,0.010133,0.008908,0.009688,-1.276431,-0.389110,-0.114510
125,0.215460,0.041590,-0.495593,0.009550,0.011135,0.011145,-1.115327,0.914405,0.370149
125,0.196995,0.044783,-0.503877,0.013598,0.015855,0.015870,-1.030789,1.021460,0.472603
125,0.164404,0.067211,-0.552281,0.032189,0.037532,0.037567,-0.215240,-0.161394,1.545781
250,0.189600,-0.028627,-0.218941,0.032117,0.030393,0.032659,-2.698220,-0.280814,1.566343
250,-0.001286,0.020058,-0.387239,0.031664,0.027835,0.030272,1.340655,-0.269510,1.580904
250,-0.206885,0.055298,-0.500178,0.038952,0.034242,0.037240,-0.694875,-0.264102,1.564150
