label,x,y,z,w,h,l,roll,pitch,yaw
125,-0.189107,0.052527,-0.468307,0.009707,0.010822,0.009826,-1.245923,0.412467,0.134204
125,-0.433067,0.064779,-0.490069,0.025493,0.024276,0.026358,-0.015080,-0.286757,1.570639
250,-0.217920,0.012459,-0.318617,0.023457,0.027351,0.027376,-1.512531,-0.345315,0.822403
125,0.158440,0.004590,-0.300108,0.010133,0.008908,0.009688,-1.249643,-0.386130,-0.124636
125,0.091995,0.064561,-0.500310,0.013598,0.015855,0.015870,-0.988985,1.009694,0.508129
125,0.059404,0.088191,-0.548138,0.032189,0.037532,0.037567,-0.214604,-0.186365,1.545671
250,0.084600,-0.015943,-0.217297,0.032117,0.030393,0.032659,-2.698103,-0.305792,1.566309
250,-0.106286,0.036930,-0.384326,0.031664,0.027835,0.030272,1.340392,-0.294487,1.580977
250,-0.311885,0.074980,-0.496350,0.038952,0.034242,0.037240,-0.694701,-0.289080,1.564102
