label,x,y,z,w,h,l,roll,pitch,yaw
250,-0.097432,0.137924,-0.579168,0.035784,0.041723,0.041762,-0.118094,-0.410232,1.569506
125,0.018440,0.008336,-0.311953,0.010133,0.008908,0.009688,-1.118374,-0.367803,-0.173018
125,-0.080596,0.121832,-0.547807,0.032189,0.037532,0.037567,-0.211357,-0.309731,1.544873
250,-0.055400,-0.022234,-0.232299,0.032117,0.030393,0.032659,-2.697496,-0.429197,1.566091
250,-0.246286,0.050797,-0.391550,0.031664,0.027835,0.030272,1.339020,-0.417887,1.581456
250,-0.451885,0.102347,-0.498038,0.038952,0.034242,0.037240,-0.693802,-0.412483,1.563793
