label,x,y,z,w,h,l,roll,pitch,yaw
125,0.106182,-0.000688,-0.328132,0.015753,0.015002,0.016288,-1.204916,-0.172905,-0.065821
125,-0.127152,-0.029562,-0.237846,0.025493,0.024276,0.026358,3.124811,-0.370172,1.570976
250,-0.342014,0.033832,-0.405886,0.023457,0.027351,0.027376,1.193912,-0.152681,2.275269
250,0.000811,0.033736,-0.403713,0.028020,0.026517,0.028493,-1.263716,-0.357168,1.560611
250,-0.248348,-0.025251,-0.226823,0.038952,0.034242,0.037240,2.440913,-0.367826,1.577686
