label,x,y,z,w,h,l,roll,pitch,yaw
125,0.141182,0.059202,-0.321482,0.015753,0.015002,0.016288,-1.028790,-0.158873,-0.094978
125,-0.092152,0.015111,-0.237569,0.025493,0.024276,0.026358,3.124774,-0.544439,1.570992
250,-0.307014,0.106680,-0.392072,0.023457,0.027351,0.027376,1.076662,-0.284169,2.300760
250,-0.177620,0.167393,-0.490740,0.030139,0.028701,0.031162,0.506997,-0.525705,1.576439
250,0.035811,0.106209,-0.389949,0.028020,0.026517,0.028493,-1.261668,-0.531425,1.559727
250,-0.213348,0.017445,-0.225966,0.038952,0.034242,0.037240,2.439518,-0.542088,1.578301
250,-0.148918,0.213163,-0.565094,0.034821,0.032952,0.035408,0.220174,-0.400154,1.605675
