label,x,y,z,w,h,l,roll,pitch,yaw
125,0.176182,0.117111,-0.288293,0.015753,0.015002,0.016288,-1.009015,-0.156982,-0.098088
125,-0.057153,0.071382,-0.205261,0.025493,0.024276,0.026358,3.124770,-0.564059,1.570994
250,-0.272014,0.165965,-0.357938,0.023457,0.027351,0.027376,1.062972,-0.298765,2.304694
250,0.070811,0.165452,-0.355824,0.028020,0.026517,0.028493,-1.261413,-0.551044,1.559596
250,-0.178349,0.073488,-0.193614,0.038952,0.034242,0.037240,2.439344,-0.561708,1.578392
