label,x,y,z,w,h,l,roll,pitch,yaw
125,0.211182,0.036702,-0.313345,0.015753,0.015002,0.016288,-1.212714,-0.173407,-0.064477
125,-0.022152,0.008524,-0.222839,0.025493,0.024276,0.026358,3.124812,-0.362475,1.570975
250,-0.237014,0.070623,-0.391362,0.023457,0.027351,0.027376,1.198951,-0.146814,2.274518
250,-0.107620,0.112478,-0.499387,0.030139,0.028701,0.031162,0.508082,-0.343744,1.575980
250,0.105811,0.070544,-0.389189,0.028020,0.026517,0.028493,-1.263800,-0.349471,1.560640
250,-0.143348,0.012920,-0.211850,0.038952,0.034242,0.037240,2.440969,-0.360128,1.577666
250,-0.078918,0.144037,-0.580797,0.034821,0.032952,0.035408,0.226638,-0.218293,1.603700
