label,x,y,z,w,h,l,roll,pitch,yaw
125,-0.006785,0.247112,-0.526517,0.010982,0.010458,0.011354,0.140507,0.955130,1.742344
125,0.246182,0.089558,-0.311455,0.015753,0.015002,0.016288,-0.953996,-0.151398,-0.106540
125,-0.231073,0.049142,-0.254437,0.009707,0.010822,0.009826,0.916410,-0.349804,-2.884499
125,0.012847,0.039362,-0.231045,0.025493,0.024276,0.026358,3.124757,-0.618710,1.571002
250,-0.202014,0.142144,-0.378328,0.023457,0.027351,0.027376,1.024167,-0.339129,2.316865
250,-0.072620,0.210011,-0.472218,0.030139,0.028701,0.031162,0.506490,-0.599975,1.576710
250,-0.313759,0.105658,-0.318658,0.031664,0.027835,0.030272,-1.793018,-0.610949,1.558907
250,-0.108348,0.040829,-0.219301,0.038952,0.034242,0.037240,2.438836,-0.616357,1.578675
250,-0.043918,0.261172,-0.542971,0.034821,0.032952,0.035408,0.217265,-0.474378,1.606908
