label,x,y,z,w,h,l,roll,pitch,yaw
125,0.133215,0.044121,-0.582151,0.010982,0.010458,0.011354,0.345609,1.286299,1.929690
125,-0.091073,-0.051309,-0.259486,0.009707,0.010822,0.009826,1.278099,-0.414702,-3.020764
125,0.152848,-0.052691,-0.234170,0.025493,0.024276,0.026358,3.124828,-0.277247,1.570970
250,-0.062014,-0.005163,-0.407367,0.023457,0.027351,0.027376,1.254245,-0.081643,2.268210
250,0.067380,0.027344,-0.518563,0.030139,0.028701,0.031162,0.508538,-0.258517,1.575845
250,-0.364366,0.025124,-0.508643,0.032117,0.030393,0.032659,0.439420,-0.258201,1.575207
250,-0.173759,-0.019561,-0.338925,0.031664,0.027835,0.030272,-1.797149,-0.269505,1.560693
250,0.031652,-0.047376,-0.223595,0.038952,0.034242,0.037240,2.441577,-0.274902,1.577476
250,0.096082,0.051859,-0.602364,0.034821,0.032952,0.035408,0.229463,-0.133111,1.603206
