label,x,y,z,w,h,l,roll,pitch,yaw
125,0.273215,0.076258,-0.573292,0.010982,0.010458,0.011354,0.344742,1.285649,1.928858
125,0.048927,-0.019396,-0.250693,0.009707,0.010822,0.009826,1.277346,-0.414618,-3.020461
250,0.077986,0.026852,-0.398543,0.023457,0.027351,0.027376,1.253797,-0.082175,2.268247
250,0.207380,0.059437,-0.509716,0.030139,0.028701,0.031162,0.508535,-0.259211,1.575846
125,-0.298341,0.030270,-0.418968,0.010133,0.008908,0.009688,1.280362,0.391071,3.028153
125,-0.125569,-0.039414,-0.168750,0.010000,0.008791,0.009561,-0.489474,-1.266135,-1.061505
250,-0.224366,0.057210,-0.499798,0.032117,0.030393,0.032659,0.439416,-0.258895,1.575208
250,-0.033759,0.012407,-0.330111,0.031664,0.027835,0.030272,-1.797141,-0.270200,1.560691
250,0.171651,-0.015488,-0.214800,0.038952,0.034242,0.037240,2.441572,-0.275596,1.577477
