label,x,y,z,w,h,l,roll,pitch,yaw
250,-0.007943,-0.052780,-0.137836,0.035784,0.041723,0.041762,3.020990,-0.323054,1.572061
125,0.223927,-0.027368,-0.257421,0.009707,0.010822,0.009826,1.228464,-0.408719,-3.000898
125,-0.123341,0.029848,-0.423280,0.010133,0.008908,0.009688,1.231910,0.385543,3.009805
125,0.049431,-0.051066,-0.176465,0.010000,0.008791,0.009561,-0.424273,-1.226003,-1.123312
125,-0.075680,-0.033775,-0.233419,0.009550,0.011135,0.011145,1.054396,-0.897120,-2.723949
125,-0.057229,-0.035696,-0.224721,0.013598,0.015855,0.015870,0.963868,-1.000261,-2.612738
125,-0.024722,-0.043737,-0.171932,0.032189,0.037532,0.037567,2.909544,-0.423282,1.598069
250,-0.049366,0.060412,-0.502811,0.032117,0.030393,0.032659,0.439208,-0.304078,1.575266
250,0.141241,0.007990,-0.335321,0.031664,0.027835,0.030272,-1.796661,-0.315381,1.560552
