label,x,y,z,w,h,l,roll,pitch,yaw
125,-0.018552,0.076538,-0.458647,0.017395,0.016565,0.017986,0.874024,0.197790,2.255372
125,0.046420,0.150603,-0.626462,0.036282,0.034335,0.036894,0.262700,-0.357333,1.573579
250,0.170668,0.131723,-0.571852,0.035427,0.039494,0.035860,-0.194004,-0.357176,1.568731
125,0.458465,0.105509,-0.529107,0.009550,0.011135,0.011145,0.951862,0.904025,2.631300
250,-0.104592,0.079808,-0.424853,0.049149,0.046804,0.050818,1.251675,-0.363868,1.580969
250,0.084189,0.126513,-0.563350,0.036612,0.034647,0.037230,0.175473,-0.298899,1.583724
