label,x,y,z,w,h,l,roll,pitch,yaw
125,0.166707,0.116561,-0.523146,0.018269,0.020366,0.018492,-0.375312,0.050663,1.400834
125,0.011420,0.161559,-0.621921,0.036282,0.034335,0.036894,0.262712,-0.353399,1.573575
125,0.423465,0.116849,-0.524389,0.009550,0.011135,0.011145,0.957425,0.905939,2.635676
250,-0.139592,0.091558,-0.420035,0.049149,0.046804,0.050818,1.251718,-0.359935,1.580954
250,0.049189,0.137718,-0.558714,0.036612,0.034647,0.037230,0.175526,-0.294965,1.583709
