label,x,y,z,w,h,l,roll,pitch,yaw
250,0.322687,0.020225,-0.341528,0.027662,0.026342,0.028601,1.678221,-0.290446,1.603064
125,0.194168,-0.011765,-0.225552,0.010000,0.008791,0.009561,-1.211909,-0.633671,-0.218570
125,0.096707,0.072507,-0.531600,0.018269,0.020366,0.018492,-0.388272,0.125648,1.399692
125,-0.058580,0.109867,-0.633510,0.036282,0.034335,0.036894,0.262931,-0.277311,1.573506
250,0.065668,0.095413,-0.577566,0.035427,0.039494,0.035860,-0.194176,-0.277155,1.568785
125,0.353465,0.072699,-0.532861,0.009550,0.011135,0.011145,1.070377,0.939824,2.725785
250,0.354543,0.027669,-0.365825,0.024383,0.028431,0.028457,1.494688,-0.286221,1.581193
250,-0.209592,0.055414,-0.426887,0.049149,0.046804,0.050818,1.252522,-0.283851,1.580699
250,-0.020811,0.090899,-0.568674,0.036612,0.034647,0.037230,0.176532,-0.218884,1.583453
