label,x,y,z,w,h,l,roll,pitch,yaw
250,-0.272312,0.042627,-0.335932,0.027662,0.026342,0.028601,1.677380,-0.315238,1.603315
250,0.050891,0.016306,-0.257290,0.022076,0.025740,0.025764,-2.060529,-0.354917,1.487924
125,-0.498292,0.099607,-0.524649,0.018269,0.020366,0.018492,-0.384027,0.101205,1.400172
250,-0.529332,0.123646,-0.570032,0.035427,0.039494,0.035860,-0.194123,-0.301960,1.568770
125,-0.135368,-0.018660,-0.154291,0.012781,0.014247,0.012937,0.146633,-1.255527,-1.724914
125,-0.258850,0.024307,-0.291025,0.009550,0.011135,0.011145,1.226272,-0.431825,-2.992523
125,-0.071301,0.006593,-0.222722,0.028803,0.027429,0.029781,-2.761319,-0.321059,1.566897
125,0.012620,0.051697,-0.364632,0.024835,0.021832,0.023743,-1.471819,-0.310799,1.560341
125,-0.241535,0.099830,-0.525905,0.009550,0.011135,0.011145,1.032444,0.929458,2.695271
