label,x,y,z,w,h,l,roll,pitch,yaw
250,-0.077660,0.083088,-0.369914,0.027662,0.026342,0.028601,-1.439992,-0.470431,1.536105
250,-0.267723,0.053046,-0.310144,0.024967,0.029111,0.029138,2.426439,-0.481809,1.578167
125,0.051050,0.139834,-0.475765,0.010000,0.008791,0.009561,0.992085,0.582763,2.796438
125,0.148005,-0.010336,-0.195918,0.018269,0.020366,0.018492,2.567766,-0.870824,1.837147
125,-0.126781,0.174728,-0.548391,0.010000,0.008791,0.009561,-0.674266,0.946409,0.792911
125,-0.278482,0.137872,-0.475696,0.028803,0.027429,0.029781,0.375601,-0.464949,1.574920
125,-0.101750,0.134110,-0.481531,0.014621,0.017048,0.017064,-0.721369,0.470482,0.808320
125,-0.108754,-0.010880,-0.195236,0.009550,0.011135,0.011145,-0.809165,-0.847658,-0.620666
250,-0.109556,0.071741,-0.347233,0.024383,0.028431,0.028457,-1.640434,-0.474969,1.559583
