label,x,y,z,w,h,l,roll,pitch,yaw
250,-0.042660,0.113654,-0.362891,0.027662,0.026342,0.028601,-1.436130,-0.564570,1.534193
250,-0.232723,0.078124,-0.306211,0.024967,0.029111,0.029138,2.425612,-0.576005,1.578585
125,0.086050,0.180105,-0.462936,0.010000,0.008791,0.009561,0.888177,0.548399,2.740709
125,0.183005,0.004278,-0.198454,0.018269,0.020366,0.018492,2.524506,-0.961280,1.871498
125,-0.056046,0.136615,-0.405636,0.009550,0.011135,0.011145,-0.952940,0.378330,0.256711
125,-0.066750,0.174949,-0.469214,0.014621,0.017048,0.017064,-0.650734,0.401369,0.838174
125,-0.327641,0.097552,-0.338000,0.024835,0.021832,0.023743,1.658611,-0.569355,1.582617
125,-0.073754,0.003673,-0.197826,0.009550,0.011135,0.011145,-0.700261,-0.789796,-0.700267
250,-0.074556,0.100224,-0.341378,0.024383,0.028431,0.028457,-1.639182,-0.569161,1.558958
