label,x,y,z,w,h,l,roll,pitch,yaw
250,-0.007660,0.086445,-0.366633,0.027662,0.026342,0.028601,-1.440577,-0.455285,1.536367
250,-0.197723,0.057313,-0.306414,0.024967,0.029111,0.029138,2.426564,-0.466654,1.578110
125,0.121050,0.141581,-0.473332,0.010000,0.008791,0.009561,1.009224,0.587823,2.805906
125,-0.056781,0.175370,-0.546478,0.010000,0.008791,0.009561,-0.692736,0.957126,0.777868
125,-0.021046,0.104604,-0.411628,0.009550,0.011135,0.011145,-1.067985,0.403798,0.212814
125,-0.031750,0.135770,-0.479011,0.014621,0.017048,0.017064,-0.733180,0.481413,0.802909
125,-0.292640,0.073155,-0.340133,0.024835,0.021832,0.023743,1.660050,-0.460008,1.581907
125,-0.038754,-0.004865,-0.190551,0.009550,0.011135,0.011145,-0.827983,-0.856384,-0.606503
250,-0.039556,0.075443,-0.343783,0.024383,0.028431,0.028457,-1.640624,-0.459815,1.559669
