label,x,y,z,w,h,l,roll,pitch,yaw
250,0.027340,-0.015557,-0.384839,0.027662,0.026342,0.028601,-1.447341,-0.264582,1.538760
250,-0.295731,0.005666,-0.465540,0.022076,0.025740,0.025764,1.032954,-0.223208,1.650401
250,-0.162723,-0.032740,-0.320189,0.024967,0.029111,0.029138,2.428005,-0.275851,1.577585
125,0.156050,0.018342,-0.500059,0.010000,0.008791,0.009561,1.234216,0.639102,2.935843
125,-0.173482,0.016435,-0.499590,0.028803,0.027429,0.029781,0.376474,-0.258987,1.574609
125,-0.257640,-0.023580,-0.356300,0.024835,0.021832,0.023743,1.662236,-0.269212,1.581124
125,-0.003754,-0.071816,-0.194636,0.009550,0.011135,0.011145,-1.098637,-0.948587,-0.393352
