label,x,y,z,w,h,l,roll,pitch,yaw
250,-0.260731,0.091379,-0.456187,0.022076,0.025740,0.025764,1.017197,-0.405677,1.655295
250,-0.127723,0.027152,-0.320258,0.024967,0.029111,0.029138,2.426627,-0.458928,1.578082
125,0.191050,0.110128,-0.487822,0.010000,0.008791,0.009561,1.018005,0.590351,2.810785
125,0.013219,0.143351,-0.561227,0.010000,0.008791,0.009561,-0.702368,0.962526,0.769978
125,-0.138482,0.108168,-0.487707,0.028803,0.027429,0.029781,0.375706,-0.442067,1.574874
125,0.031246,-0.034129,-0.203917,0.009550,0.011135,0.011145,-0.837722,-0.860765,-0.599132
