label,x,y,z,w,h,l,roll,pitch,yaw
250,0.097340,0.067124,-0.366783,0.027662,0.026342,0.028601,-1.444198,-0.356603,1.537798
125,0.226050,0.111473,-0.478398,0.010000,0.008791,0.009561,1.123617,0.617345,2.870796
125,0.048219,0.137887,-0.554518,0.010000,0.008791,0.009561,-0.827872,1.022465,0.664794
125,0.083954,0.080758,-0.413349,0.009550,0.011135,0.011145,-1.173831,0.422614,0.170277
125,0.073250,0.105130,-0.483476,0.014621,0.017048,0.017064,-0.813640,0.551107,0.763151
125,-0.187641,0.056511,-0.339102,0.024835,0.021832,0.023743,1.661221,-0.361277,1.581439
125,0.066246,-0.006384,-0.182557,0.009550,0.011135,0.011145,-0.960091,-0.908549,-0.504381
250,0.065444,0.058428,-0.342960,0.024383,0.028431,0.028457,-1.641797,-0.361083,1.560137
