label,x,y,z,w,h,l,roll,pitch,yaw
250,0.167340,0.067727,-0.372889,0.027662,0.026342,0.028601,-1.441542,-0.429800,1.536780
250,-0.155731,0.101940,-0.448997,0.022076,0.025740,0.025764,1.018817,-0.387967,1.654669
125,-0.033482,0.118166,-0.480810,0.028803,0.027429,0.029781,0.375785,-0.424293,1.574841
125,-0.117641,0.055118,-0.346059,0.024835,0.021832,0.023743,1.660363,-0.434510,1.581772
125,0.136246,-0.019063,-0.194536,0.009550,0.011135,0.011145,-0.860503,-0.870661,-0.581782
250,0.135444,0.057312,-0.349766,0.024383,0.028431,0.028457,-1.640937,-0.434316,1.559804
