label,x,y,z,w,h,l,roll,pitch,yaw
250,0.202340,0.016009,-0.378081,0.027662,0.026342,0.028601,-1.446593,-0.286953,1.538556
250,-0.120731,0.039033,-0.458286,0.022076,0.025740,0.025764,1.031119,-0.245520,1.650827
125,0.001518,0.050562,-0.492086,0.028803,0.027429,0.029781,0.376385,-0.281370,1.574633
125,-0.082641,0.007349,-0.349728,0.024835,0.021832,0.023743,1.661995,-0.291593,1.581191
125,0.171246,-0.044492,-0.189184,0.009550,0.011135,0.011145,-1.063594,-0.939714,-0.421738
250,0.170444,0.008993,-0.353710,0.024383,0.028431,0.028457,-1.642571,-0.291400,1.560385
