label,x,y,z,w,h,l,roll,pitch,yaw
250,-0.050731,0.069835,-0.460802,0.022076,0.025740,0.025764,1.020744,-0.366576,1.653959
250,0.082277,0.010990,-0.322458,0.024967,0.029111,0.029138,2.426940,-0.419690,1.577949
125,0.135701,0.111736,-0.560859,0.012781,0.014247,0.012937,-0.112049,1.155909,1.448459
125,0.071518,0.085374,-0.492957,0.028803,0.027429,0.029781,0.375880,-0.402828,1.574803
125,-0.012641,0.025232,-0.356883,0.024835,0.021832,0.023743,1.660620,-0.413046,1.581666
