label,x,y,z,w,h,l,roll,pitch,yaw
125,-0.453958,0.091189,-0.523461,0.012228,0.011572,0.012435,0.648378,1.091545,2.277516
125,-0.240611,0.048011,-0.421591,0.015204,0.014389,0.015461,-1.171396,0.332725,0.136998
125,-0.354289,0.086329,-0.517898,0.014686,0.013985,0.015185,-0.599470,1.109445,0.918935
250,-0.209698,0.025061,-0.345045,0.028666,0.027298,0.029639,-1.607039,-0.387602,1.395787
125,0.210340,0.046983,-0.419924,0.011288,0.010749,0.011671,-1.173146,0.320458,0.131545
125,-0.134483,0.079830,-0.474215,0.032493,0.028564,0.031065,0.990284,-0.370890,1.579788
250,0.023018,0.061490,-0.425582,0.038862,0.036777,0.039518,0.365893,-0.367025,1.574644
250,0.229084,0.011298,-0.293138,0.038354,0.033716,0.036668,-1.881106,-0.439832,1.380852
250,-0.044450,-0.031602,-0.180062,0.041490,0.036472,0.039666,2.690154,-0.385363,1.575487
