label,x,y,z,w,h,l,roll,pitch,yaw
125,-0.488958,0.128800,-0.516079,0.012228,0.011572,0.012435,0.550582,1.030504,2.192099
125,-0.275611,0.077872,-0.417854,0.015204,0.014389,0.015461,-1.090558,0.321150,0.162972
125,-0.389289,0.123524,-0.510908,0.014686,0.013985,0.015185,-0.505689,1.045943,1.001600
250,-0.244698,0.049070,-0.343312,0.028666,0.027298,0.029639,-1.591980,-0.463802,1.389564
125,0.175340,0.076719,-0.416271,0.011288,0.010749,0.011671,-1.092560,0.309339,0.156517
125,-0.169483,0.113666,-0.467859,0.032493,0.028564,0.031065,0.989513,-0.448311,1.580095
250,-0.011982,0.091620,-0.420790,0.038862,0.036777,0.039518,0.365563,-0.444449,1.574774
250,0.194084,0.031334,-0.292625,0.038354,0.033716,0.036668,-1.864318,-0.515808,1.373127
250,-0.079450,-0.020184,-0.183206,0.041490,0.036472,0.039666,2.689748,-0.462786,1.575654
