label,x,y,z,w,h,l,roll,pitch,yaw
125,-0.459289,0.208552,-0.479181,0.014686,0.013985,0.015185,-0.376361,0.918935,1.109445
250,-0.314698,0.110557,-0.324169,0.028666,0.027298,0.029639,-1.560120,-0.606898,1.373268
125,0.042177,0.230382,-0.497275,0.010982,0.010458,0.011354,-0.587459,0.825968,0.834835
125,0.105340,0.148504,-0.392342,0.011288,0.010749,0.011671,-0.942643,0.283428,0.200381
125,-0.168647,0.138101,-0.374002,0.014904,0.013102,0.014249,1.117384,-0.507395,1.837854
125,-0.239483,0.192549,-0.438019,0.032493,0.028564,0.031065,0.987884,-0.593990,1.580908
250,-0.081982,0.163903,-0.394650,0.038862,0.036777,0.039518,0.364868,-0.590134,1.575118
250,0.124084,0.085650,-0.276594,0.038354,0.033716,0.036668,-1.828267,-0.658381,1.353104
250,-0.149450,0.018793,-0.175813,0.041490,0.036472,0.039666,2.688889,-0.608470,1.576094
