label,x,y,z,w,h,l,roll,pitch,yaw
125,-0.380611,0.108884,-0.411372,0.015204,0.014389,0.015461,-1.008389,0.307271,0.188382
125,-0.494289,0.161771,-0.500514,0.014686,0.013985,0.015185,-0.429166,0.977692,1.066522
125,0.007177,0.182353,-0.520015,0.010982,0.010458,0.011354,-0.656834,0.873971,0.782693
125,0.070340,0.107609,-0.409886,0.011288,0.010749,0.011671,-1.010594,0.296002,0.180961
125,-0.203647,0.098444,-0.390896,0.014904,0.013102,0.014249,1.136745,-0.443347,1.828988
125,-0.274483,0.148530,-0.458382,0.032493,0.028564,0.031065,0.988659,-0.527673,1.580496
250,-0.116982,0.122821,-0.413209,0.038862,0.036777,0.039518,0.365199,-0.523814,1.574943
250,0.089084,0.052564,-0.290226,0.038354,0.033716,0.036668,-1.845534,-0.593553,1.363226
250,-0.184450,-0.007467,-0.185237,0.041490,0.036472,0.039666,2.689299,-0.542151,1.575871
