label,x,y,z,w,h,l,roll,pitch,yaw
125,-0.415611,0.100018,-0.407645,0.015204,0.014389,0.015461,-1.083138,0.319984,0.165310
125,-0.027823,0.165455,-0.521306,0.010982,0.010458,0.011354,-0.741753,0.923214,0.716212
125,0.035340,0.098854,-0.406071,0.011288,0.010749,0.011671,-1.085161,0.308218,0.158765
125,-0.238647,0.091083,-0.386470,0.014904,0.013102,0.014249,1.156537,-0.373438,1.821123
125,-0.309483,0.136169,-0.457393,0.032493,0.028564,0.031065,0.989439,-0.455448,1.580127
250,-0.151982,0.113787,-0.410483,0.038862,0.036777,0.039518,0.365532,-0.451586,1.574788
250,0.054084,0.052587,-0.282751,0.038354,0.033716,0.036668,-1.862700,-0.522806,1.372324
