label,x,y,z,w,h,l,roll,pitch,yaw
125,-0.071313,-0.016334,-0.208111,0.012228,0.011572,0.012435,-0.542711,-1.027257,-0.956939
125,-0.181003,0.092978,-0.438589,0.010000,0.008791,0.009561,0.844427,0.840898,2.556777
125,-0.284484,0.030367,-0.308789,0.015204,0.014389,0.015461,1.085607,-0.318926,-2.977765
125,0.053374,0.112723,-0.447891,0.036483,0.032071,0.034879,-1.047283,-0.453802,1.561137
125,-0.170971,-0.015400,-0.215590,0.014686,0.013985,0.015185,0.502738,-1.040961,-2.138145
250,-0.044992,0.097645,-0.432529,0.022997,0.020216,0.021986,-0.772492,-0.451633,1.563012
250,-0.315270,0.071738,-0.377216,0.028666,0.027298,0.029639,1.390109,-0.435690,1.749530
250,-0.480241,0.156147,-0.530177,0.041490,0.036472,0.039666,-0.449163,-0.449780,1.565954
250,-0.018095,0.042661,-0.308211,0.034169,0.038090,0.034586,-2.038467,-0.463311,1.560841
