label,x,y,z,w,h,l,roll,pitch,yaw
125,0.033687,-0.062885,-0.206061,0.012228,0.011572,0.012435,-0.781475,-1.153715,-0.744555
125,-0.179484,-0.033580,-0.313104,0.015204,0.014389,0.015461,1.260654,-0.341540,-3.034659
125,-0.065971,-0.063208,-0.213591,0.014686,0.013985,0.015185,0.735335,-1.172595,-2.346784
250,-0.210270,-0.004165,-0.387459,0.028666,0.027298,0.029639,1.420804,-0.271084,1.738871
250,-0.375241,0.053627,-0.552328,0.041490,0.036472,0.039666,-0.450001,-0.282683,1.566255
250,0.086905,-0.021361,-0.314579,0.034169,0.038090,0.034586,-2.040198,-0.296220,1.561485
