label,x,y,z,w,h,l,roll,pitch,yaw
125,0.448997,0.028920,-0.444843,0.010000,0.008791,0.009561,1.068759,0.918994,2.730097
250,0.314730,0.017893,-0.380841,0.028666,0.027298,0.029639,1.420015,-0.275561,1.739084
125,-0.042480,-0.042188,-0.179658,0.010982,0.010458,0.011354,0.981426,-1.017874,-2.624270
125,-0.105432,-0.011415,-0.309252,0.011288,0.010749,0.011671,1.257293,-0.328392,-3.037411
125,0.168588,-0.003726,-0.328418,0.014904,0.013102,0.014249,-1.803656,-0.362681,1.321659
125,0.239292,-0.019705,-0.245796,0.032493,0.028564,0.031065,-2.147037,-0.301686,1.562029
250,0.081874,-0.003679,-0.295503,0.038862,0.036777,0.039518,-2.774784,-0.305563,1.567047
250,-0.123967,0.039670,-0.430687,0.038354,0.033716,0.036668,1.138059,-0.222082,1.746725
250,0.149759,0.076433,-0.545447,0.041490,0.036472,0.039666,-0.449980,-0.287225,1.566249
