label,x,y,z,w,h,l,roll,pitch,yaw
250,0.349730,0.082175,-0.370997,0.028666,0.027298,0.029639,1.391036,-0.431031,1.749141
125,-0.007480,-0.008779,-0.181756,0.010982,0.010458,0.011354,0.751950,-0.926622,-2.434227
125,-0.070432,0.041980,-0.304903,0.011288,0.010749,0.011671,1.092519,-0.307884,-2.985762
125,0.203588,0.052585,-0.322622,0.014904,0.013102,0.014249,-1.759105,-0.515283,1.302667
250,0.116874,0.047458,-0.290109,0.038862,0.036777,0.039518,-2.774125,-0.463385,1.566799
250,-0.088967,0.111515,-0.416800,0.038354,0.033716,0.036668,1.108464,-0.377358,1.755489
250,0.184759,0.165859,-0.524356,0.041490,0.036472,0.039666,-0.449188,-0.445046,1.565965
