label,x,y,z,w,h,l,roll,pitch,yaw
125,0.439306,0.117661,-0.457106,0.009550,0.011135,0.011145,1.119956,0.672754,2.848615
125,0.027520,0.013957,-0.164555,0.010982,0.010458,0.011354,0.899652,-0.990843,-2.555251
125,-0.035432,0.051363,-0.292393,0.011288,0.010749,0.011671,1.203261,-0.322590,-3.020129
125,0.238588,0.060028,-0.311138,0.014904,0.013102,0.014249,-1.789794,-0.412580,1.316418
250,0.151874,0.058380,-0.278264,0.038862,0.036777,0.039518,-2.774578,-0.357085,1.566980
250,-0.053967,0.108634,-0.411036,0.038354,0.033716,0.036668,1.128699,-0.272799,1.749018
250,0.219759,0.151259,-0.523750,0.041490,0.036472,0.039666,-0.449732,-0.338746,1.566172
