label,x,y,z,w,h,l,roll,pitch,yaw
125,-0.014516,0.120684,-0.442211,0.009550,0.011135,0.011145,-0.911953,0.581024,0.401847
125,0.007178,0.117917,-0.438673,0.010000,0.008791,0.009561,-0.950644,0.493771,0.326363
125,-0.139343,0.145750,-0.484207,0.019644,0.017268,0.018780,0.091830,-0.189227,1.607368
250,-0.238920,0.008530,-0.237302,0.041273,0.039059,0.041970,2.457815,-0.544974,1.578149
250,-0.022137,-0.016311,-0.196911,0.034511,0.038472,0.034932,-2.640267,-0.545986,1.565203
250,-0.280798,0.091295,-0.376489,0.040996,0.038796,0.041687,1.434442,-0.535880,1.582328
250,-0.401645,0.136382,-0.457170,0.030541,0.034046,0.030913,-0.989429,-0.531739,1.561069
125,-0.033607,0.085328,-0.396238,0.009707,0.010822,0.009826,-0.951640,-0.154862,0.844660
