label,x,y,z,w,h,l,roll,pitch,yaw
125,-0.072947,0.132124,-0.458165,0.011274,0.010669,0.011464,-0.266365,1.069903,1.269223
125,0.020484,0.123734,-0.433675,0.009550,0.011135,0.011145,-0.973955,0.601861,0.367268
125,0.042178,0.121169,-0.429989,0.010000,0.008791,0.009561,-1.010938,0.510812,0.297328
125,-0.104343,0.146431,-0.476997,0.019644,0.017268,0.018780,0.093878,-0.133740,1.607038
250,-0.203920,0.023124,-0.222857,0.041273,0.039059,0.041970,2.458277,-0.489452,1.577921
250,0.012863,0.000563,-0.181151,0.034511,0.038472,0.034932,-2.640619,-0.490464,1.565377
250,-0.366645,0.138579,-0.449482,0.030541,0.034046,0.030913,-0.990036,-0.476218,1.561363
125,0.001394,0.090984,-0.385810,0.009707,0.010822,0.009826,-0.988734,-0.113249,0.849620
250,-0.177662,-0.014689,-0.164301,0.023762,0.020889,0.022718,2.663744,-0.739502,1.716606
