label,x,y,z,w,h,l,roll,pitch,yaw
125,0.153365,0.107280,-0.317295,0.026015,0.024619,0.026454,1.673764,-0.603785,1.582871
250,0.244202,0.139637,-0.352757,0.040996,0.038796,0.041687,1.433526,-0.601388,1.582821
125,0.112981,0.066814,-0.263399,0.018393,0.020504,0.018618,-1.281016,-0.734043,0.352148
125,-0.174055,0.141382,-0.352543,0.043292,0.041227,0.044762,1.402053,-0.601077,1.582763
250,-0.112648,-0.003845,-0.136072,0.050129,0.047738,0.051831,2.884524,-0.612397,1.573883
250,0.047193,0.029295,-0.200143,0.032203,0.030475,0.032747,-2.449860,-0.873777,1.318977
250,0.123355,0.189910,-0.430313,0.030541,0.034046,0.030913,-0.988659,-0.597249,1.560657
250,0.136155,0.097286,-0.292167,0.034533,0.038497,0.034954,-1.845940,-0.605472,1.559114
250,0.229000,0.049689,-0.222321,0.040436,0.038266,0.041118,2.243110,-0.608972,1.580294
