label,x,y,z,w,h,l,roll,pitch,yaw
125,0.455657,0.168477,-0.466410,0.019644,0.017268,0.018780,0.093220,-0.151669,1.607132
250,0.314202,0.118107,-0.356723,0.040996,0.038796,0.041687,1.434935,-0.498300,1.582084
125,0.182982,0.054868,-0.260345,0.018393,0.020504,0.018618,-1.407062,-0.694453,0.434792
125,-0.167303,0.142756,-0.409176,0.028993,0.025487,0.027719,1.175026,-0.495796,1.581309
125,-0.104055,0.119865,-0.356689,0.043292,0.041227,0.044762,1.403455,-0.497988,1.582030
250,-0.042648,-0.002312,-0.126421,0.050129,0.047738,0.051831,2.884887,-0.509302,1.573689
250,0.117193,0.024057,-0.193563,0.032203,0.030475,0.032747,-2.485711,-0.773590,1.345313
250,0.193355,0.160132,-0.439040,0.030541,0.034046,0.030913,-0.989844,-0.494158,1.561273
250,0.206155,0.082217,-0.292095,0.034533,0.038497,0.034954,-1.847312,-0.502383,1.559837
