label,x,y,z,w,h,l,roll,pitch,yaw
125,-0.028564,0.120700,-0.414770,0.011274,0.010669,0.011464,1.055311,0.399046,2.924909
125,-0.062303,0.129309,-0.413896,0.028993,0.025487,0.027719,1.175357,-0.467674,1.581155
125,0.000945,0.107903,-0.360786,0.043292,0.041227,0.044762,1.403809,-0.469867,1.581865
250,0.062351,-0.007752,-0.127174,0.050129,0.047738,0.051831,2.884979,-0.481178,1.573645
