label,x,y,z,w,h,l,roll,pitch,yaw
125,0.200515,-0.003200,-0.239753,0.010982,0.010458,0.011354,-0.691989,-0.877181,-0.748018
125,0.071635,-0.014988,-0.219347,0.012246,0.010765,0.011707,0.491938,-0.978232,-2.144367
125,0.245260,0.077637,-0.356858,0.041073,0.036106,0.039268,-1.572330,-0.514732,1.559308
125,-0.079844,0.020150,-0.277865,0.018520,0.021594,0.021614,1.663572,-0.663105,2.193676
125,-0.021135,0.058044,-0.333861,0.033649,0.031844,0.034217,1.771945,-0.516714,1.582053
250,-0.070572,0.074896,-0.362127,0.034368,0.032728,0.035535,1.555862,-0.514567,1.582284
250,-0.063223,-0.008635,-0.218992,0.027266,0.031792,0.031821,1.507182,-0.852684,2.711178
