label,x,y,z,w,h,l,roll,pitch,yaw
125,0.165515,0.019925,-0.225103,0.010982,0.010458,0.011354,-0.708900,-0.887024,-0.734962
125,0.036635,0.008435,-0.204528,0.012246,0.010765,0.011707,0.506359,-0.990426,-2.156379
125,0.210260,0.099046,-0.343374,0.041073,0.036106,0.039268,-1.572520,-0.500160,1.559401
125,-0.114844,0.042717,-0.263552,0.018520,0.021594,0.021614,1.674262,-0.651241,2.187146
125,-0.056135,0.079791,-0.320094,0.033649,0.031844,0.034217,1.772132,-0.502141,1.581962
250,0.306920,0.063421,-0.288188,0.031434,0.027633,0.030053,-1.862468,-0.503016,1.559882
250,-0.105572,0.096229,-0.348602,0.034368,0.032728,0.035535,1.556053,-0.499995,1.582191
250,-0.098223,0.014792,-0.204266,0.027266,0.031792,0.031821,1.527170,-0.846504,2.696167
