label,x,y,z,w,h,l,roll,pitch,yaw
250,0.220616,0.108841,-0.242410,0.030020,0.026390,0.028701,2.440846,-0.595995,1.578548
125,-0.079485,0.072225,-0.200526,0.010982,0.010458,0.011354,-0.612376,-0.825456,-0.807933
125,-0.034740,0.161460,-0.311365,0.041073,0.036106,0.039268,-1.571313,-0.588376,1.558775
125,-0.301135,0.140228,-0.289872,0.033649,0.031844,0.034217,1.770948,-0.590358,1.582578
250,0.061920,0.121111,-0.259533,0.031434,0.027633,0.030053,-1.861310,-0.591232,1.559279
125,0.101304,0.102096,-0.227432,0.033622,0.039203,0.039239,2.059006,-0.593054,1.581413
125,0.174877,0.106024,-0.226551,0.047549,0.045280,0.049163,2.276808,-0.594845,1.579944
250,0.217287,0.202801,-0.371148,0.049529,0.046872,0.050365,0.818876,-0.581525,1.579576
