label,x,y,z,w,h,l,roll,pitch,yaw
250,0.185616,0.088212,-0.250572,0.030020,0.026390,0.028701,2.441597,-0.511375,1.578152
125,-0.244884,0.200378,-0.478416,0.010982,0.010458,0.011354,0.283036,-0.192301,1.673019
125,-0.114485,0.055268,-0.205743,0.010982,0.010458,0.011354,-0.704685,-0.884605,-0.738226
125,-0.069740,0.134815,-0.323728,0.041073,0.036106,0.039268,-1.572473,-0.503759,1.559378
250,0.026920,0.098991,-0.268671,0.031434,0.027633,0.030053,-1.862423,-0.506616,1.559860
125,0.066304,0.082757,-0.235078,0.033622,0.039203,0.039239,2.060033,-0.508436,1.580875
125,0.139877,0.086746,-0.234532,0.047549,0.045280,0.049163,2.277694,-0.510226,1.579479
250,0.182287,0.170955,-0.386791,0.049529,0.046872,0.050365,0.819720,-0.496905,1.579143
