label,x,y,z,w,h,l,roll,pitch,yaw
250,0.150616,0.066651,-0.259399,0.030020,0.026390,0.028701,2.441954,-0.468101,1.577984
125,-0.279884,0.168855,-0.491882,0.010982,0.010458,0.011354,0.287500,-0.149250,1.672260
125,-0.149485,0.035677,-0.213187,0.010982,0.010458,0.011354,-0.757053,-0.913075,-0.697235
125,-0.104740,0.110046,-0.334503,0.041073,0.036106,0.039268,-1.573025,-0.460487,1.559634
250,-0.008080,0.076637,-0.277947,0.031434,0.027633,0.030053,-1.862952,-0.463343,1.560107
125,0.031304,0.061872,-0.243684,0.033622,0.039203,0.039239,2.060521,-0.465164,1.580647
125,0.104877,0.065880,-0.243311,0.047549,0.045280,0.049163,2.278115,-0.466953,1.579281
250,0.147287,0.143423,-0.399070,0.049529,0.046872,0.050365,0.820122,-0.453632,1.578959
