label,x,y,z,w,h,l,roll,pitch,yaw
250,0.115616,0.008881,-0.274218,0.030020,0.026390,0.028701,2.442916,-0.341707,1.577605
125,-0.314884,0.080963,-0.517731,0.010982,0.010458,0.011354,0.300273,-0.023494,1.671156
125,-0.184485,-0.016020,-0.224470,0.010982,0.010458,0.011354,-0.933382,-0.987326,-0.553561
125,-0.139740,0.042462,-0.354193,0.041073,0.036106,0.039268,-1.574514,-0.334097,1.560211
250,-0.043079,0.016449,-0.293877,0.031434,0.027633,0.030053,-1.864380,-0.336953,1.560664
125,-0.003696,0.006121,-0.258026,0.033622,0.039203,0.039239,2.061838,-0.338772,1.580131
125,0.069877,0.010144,-0.258161,0.047549,0.045280,0.049163,2.279250,-0.340559,1.578834
250,0.112287,0.067434,-0.422453,0.049529,0.046872,0.050365,0.821208,-0.327239,1.578544
250,0.429422,0.068428,-0.456010,0.024581,0.021609,0.023501,-1.050967,0.029212,0.869632
