label,x,y,z,w,h,l,roll,pitch,yaw
250,0.080616,0.055714,-0.257002,0.030020,0.026390,0.028701,2.443145,-0.309558,1.577531
125,-0.349884,0.119931,-0.502706,0.010982,0.010458,0.011354,0.303494,0.008494,1.671132
125,-0.174740,0.086707,-0.338015,0.041073,0.036106,0.039268,-1.574871,-0.301950,1.560323
250,-0.078079,0.062646,-0.276894,0.031434,0.027633,0.030053,-1.864721,-0.304805,1.560772
125,-0.038696,0.053476,-0.240729,0.033622,0.039203,0.039239,2.062152,-0.306624,1.580031
125,0.034877,0.057493,-0.240994,0.047549,0.045280,0.049163,2.279521,-0.308411,1.578748
250,0.077287,0.109472,-0.407043,0.049529,0.046872,0.050365,0.821469,-0.295090,1.578465
250,0.394422,0.109387,-0.440614,0.024581,0.021609,0.023501,-1.071735,0.053769,0.868771
