label,x,y,z,w,h,l,roll,pitch,yaw
250,0.045616,0.076906,-0.254371,0.030020,0.026390,0.028701,2.441929,-0.471155,1.577996
125,-0.384884,0.179819,-0.486541,0.010982,0.010458,0.011354,0.287187,-0.152288,1.672307
125,-0.209740,0.120529,-0.329342,0.041073,0.036106,0.039268,-1.572987,-0.463541,1.559617
250,-0.113080,0.086948,-0.272889,0.031434,0.027633,0.030053,-1.862915,-0.466397,1.560091
125,-0.073696,0.072078,-0.238671,0.033622,0.039203,0.039239,2.060487,-0.468217,1.580662
125,-0.000123,0.076086,-0.238285,0.047549,0.045280,0.049163,2.278086,-0.470006,1.579294
250,0.042287,0.154104,-0.393807,0.049529,0.046872,0.050365,0.820094,-0.456686,1.578971
250,0.359422,0.159422,-0.426955,0.024581,0.021609,0.023501,-0.967390,-0.069687,0.867938
