label,x,y,z,w,h,l,roll,pitch,yaw
250,0.010616,0.107187,-0.241307,0.030020,0.026390,0.028701,2.441234,-0.553450,1.578337
125,-0.419884,0.228838,-0.464231,0.010982,0.010458,0.011354,0.278623,-0.234155,1.673953
125,-0.244740,0.156826,-0.312437,0.041073,0.036106,0.039268,-1.571911,-0.545833,1.559097
250,-0.148079,0.118718,-0.258936,0.031434,0.027633,0.030053,-1.861884,-0.548689,1.559589
125,-0.108696,0.101085,-0.226056,0.033622,0.039203,0.039239,2.059536,-0.550510,1.581127
125,-0.035123,0.105048,-0.225342,0.047549,0.045280,0.049163,2.277265,-0.552301,1.579696
250,0.007287,0.195586,-0.373925,0.049529,0.046872,0.050365,0.819311,-0.538980,1.579345
250,0.324422,0.203611,-0.406523,0.024581,0.021609,0.023501,-0.913759,-0.132351,0.862525
250,0.270264,0.124200,-0.264205,0.035351,0.031076,0.033797,-1.874934,-0.548814,1.559634
