label,x,y,z,w,h,l,roll,pitch,yaw
250,-0.059384,0.101277,-0.245330,0.030020,0.026390,0.028701,2.441143,-0.563568,1.578385
125,-0.314740,0.151633,-0.315955,0.041073,0.036106,0.039268,-1.571772,-0.555950,1.559024
250,-0.218079,0.112985,-0.262841,0.031434,0.027633,0.030053,-1.861750,-0.558807,1.559519
125,0.146502,0.064406,-0.196854,0.019301,0.022505,0.022526,-0.817590,-0.689545,-0.537835
125,-0.178696,0.095021,-0.230141,0.033622,0.039203,0.039239,2.059412,-0.560628,1.581192
125,-0.105123,0.098976,-0.229388,0.047549,0.045280,0.049163,2.277159,-0.562418,1.579752
250,-0.062713,0.191013,-0.377046,0.049529,0.046872,0.050365,0.819209,-0.549098,1.579398
250,0.254422,0.199367,-0.409562,0.024581,0.021609,0.023501,-0.907112,-0.140033,0.861623
250,0.200264,0.118520,-0.268055,0.035351,0.031076,0.033797,-1.874801,-0.558931,1.559564
