label,x,y,z,w,h,l,roll,pitch,yaw
250,-0.094384,0.060912,-0.271615,0.030020,0.026390,0.028701,2.441041,-0.574891,1.578440
125,-0.349740,0.112065,-0.341665,0.041073,0.036106,0.039268,-1.571614,-0.567273,1.558940
250,-0.253079,0.072818,-0.288993,0.031434,0.027633,0.030053,-1.861598,-0.570129,1.559437
125,0.111502,0.023495,-0.223560,0.019301,0.022505,0.022526,-0.805046,-0.683706,-0.545787
125,-0.213696,0.054485,-0.256498,0.033622,0.039203,0.039239,2.059272,-0.571950,1.581267
125,-0.140123,0.058431,-0.255700,0.047549,0.045280,0.049163,2.277038,-0.573741,1.579817
250,-0.097713,0.152134,-0.402307,0.049529,0.046872,0.050365,0.819094,-0.560421,1.579458
250,0.219422,0.160856,-0.434726,0.024581,0.021609,0.023501,-0.899656,-0.148622,0.860551
250,0.165264,0.078412,-0.294143,0.035351,0.031076,0.033797,-1.874650,-0.570254,1.559483
