label,x,y,z,w,h,l,roll,pitch,yaw
250,-0.129384,0.045176,-0.259697,0.030020,0.026390,0.028701,2.443231,-0.297453,1.577506
125,0.076502,0.022352,-0.203231,0.019301,0.022505,0.022526,-1.147933,-0.800546,-0.312412
125,-0.248696,0.043135,-0.243398,0.033622,0.039203,0.039239,2.062269,-0.294519,1.579996
125,-0.175123,0.047149,-0.243711,0.047549,0.045280,0.049163,2.279621,-0.296306,1.578718
250,-0.132713,0.097114,-0.410377,0.049529,0.046872,0.050365,0.821565,-0.282985,1.578437
250,0.184422,0.096622,-0.443945,0.024581,0.021609,0.023501,-1.079567,0.063010,0.868314
250,0.130264,0.055836,-0.286157,0.035351,0.031076,0.033797,-1.877886,-0.292825,1.560850
