label,x,y,z,w,h,l,roll,pitch,yaw
250,-0.164384,-0.027132,-0.279784,0.030020,0.026390,0.028701,2.443324,-0.284166,1.577479
125,0.041502,-0.049203,-0.223020,0.019301,0.022505,0.022526,-1.166168,-0.804547,-0.299298
125,-0.283696,-0.028956,-0.263459,0.033622,0.039203,0.039239,2.062396,-0.281232,1.579960
125,-0.210123,-0.024947,-0.263825,0.047549,0.045280,0.049163,2.279731,-0.283019,1.578687
250,0.149422,0.021862,-0.464699,0.024581,0.021609,0.023501,-1.088176,0.073150,0.867728
250,0.095264,-0.016824,-0.306383,0.035351,0.031076,0.033797,-1.878024,-0.279537,1.560888
