label,x,y,z,w,h,l,roll,pitch,yaw
250,-0.199384,0.101982,-0.244065,0.030020,0.026390,0.028701,2.441274,-0.548905,1.578316
125,0.006502,0.065826,-0.195054,0.019301,0.022505,0.022526,-0.834014,-0.696991,-0.527339
125,-0.245123,0.099915,-0.228092,0.047549,0.045280,0.049163,2.277313,-0.547755,1.579671
250,-0.202713,0.189777,-0.377084,0.049529,0.046872,0.050365,0.819356,-0.534435,1.579322
250,0.114422,0.197654,-0.409718,0.024581,0.021609,0.023501,-0.916740,-0.128898,0.862914
250,0.060264,0.118890,-0.267041,0.035351,0.031076,0.033797,-1.874993,-0.544268,1.559664
