label,x,y,z,w,h,l,roll,pitch,yaw
125,0.034620,-0.004409,-0.222325,0.010982,0.010458,0.011354,-2.718901,-0.880389,1.413631
125,-0.140258,0.101217,-0.353333,0.041073,0.036106,0.039268,1.555523,-0.575768,1.582718
125,0.185001,0.144436,-0.440375,0.018520,0.021594,0.021614,-0.909403,-0.287885,1.070315
125,0.126184,0.112330,-0.380978,0.033649,0.031844,0.034217,-1.359351,-0.573821,1.559139
250,-0.236814,0.132951,-0.411020,0.031434,0.027633,0.030053,1.266105,-0.572918,1.582171
125,-0.276138,0.154949,-0.441232,0.033622,0.039203,0.039239,-1.072584,-0.571135,1.560323
125,-0.349713,0.157376,-0.438070,0.047549,0.045280,0.049163,-0.856395,-0.569355,1.561789
250,0.175569,0.095004,-0.352907,0.034368,0.032728,0.035535,-1.575176,-0.575965,1.558874
250,0.168484,0.183366,-0.493125,0.027266,0.031792,0.031821,-0.690595,0.103794,0.924767
