label,x,y,z,w,h,l,roll,pitch,yaw
250,-0.360476,0.106493,-0.438848,0.030020,0.026390,0.028701,-0.694703,-0.472562,1.563579
125,0.069620,-0.021436,-0.218674,0.010982,0.010458,0.011354,-2.740052,-0.785794,1.429301
125,-0.105258,0.071195,-0.359172,0.041073,0.036106,0.039268,1.556807,-0.480120,1.582071
125,0.220000,0.105903,-0.449945,0.018520,0.021594,0.021614,-0.956218,-0.203686,1.081718
125,0.161184,0.079617,-0.387752,0.033649,0.031844,0.034217,-1.360605,-0.478172,1.559769
125,-0.314713,0.119004,-0.448886,0.047549,0.045280,0.049163,-0.857362,-0.473704,1.562271
250,0.210569,0.065051,-0.358155,0.034368,0.032728,0.035535,-1.576459,-0.480316,1.559521
250,0.203484,0.139617,-0.506171,0.027266,0.031792,0.031821,-0.749070,0.179955,0.916490
