label,x,y,z,w,h,l,roll,pitch,yaw
250,-0.325476,0.165390,-0.415046,0.030020,0.026390,0.028701,-0.693907,-0.565817,1.563183
125,0.104620,0.017514,-0.207742,0.010982,0.010458,0.011354,-2.719488,-0.878021,1.414083
125,-0.025287,0.189000,-0.464896,0.010982,0.010458,0.011354,0.626250,0.837064,2.343036
125,-0.070258,0.122826,-0.339003,0.041073,0.036106,0.039268,1.555557,-0.573371,1.582700
250,-0.166814,0.154422,-0.396766,0.031434,0.027633,0.030053,1.266137,-0.570521,1.582153
125,-0.206138,0.176347,-0.427031,0.033622,0.039203,0.039239,-1.072613,-0.568737,1.560339
125,-0.279713,0.178781,-0.423875,0.047549,0.045280,0.049163,-0.856420,-0.566958,1.561803
250,0.245569,0.116614,-0.338563,0.034368,0.032728,0.035535,-1.575209,-0.573567,1.558892
250,0.238484,0.204639,-0.478992,0.027266,0.031792,0.031821,-0.692046,0.105708,0.924615
