label,x,y,z,w,h,l,roll,pitch,yaw
250,-0.220476,0.109668,-0.427596,0.030020,0.026390,0.028701,-0.695549,-0.362744,1.563922
125,0.034742,0.083315,-0.344531,0.041073,0.036106,0.039268,1.558132,-0.370306,1.581523
125,0.301184,0.088555,-0.373862,0.033649,0.031844,0.034217,-1.361900,-0.368358,1.560302
250,-0.061814,0.102612,-0.407480,0.031434,0.027633,0.030053,1.268591,-0.367454,1.581038
125,-0.101138,0.117983,-0.441544,0.033622,0.039203,0.039239,-1.074872,-0.365669,1.561361
125,-0.174713,0.121004,-0.438945,0.047549,0.045280,0.049163,-0.858361,-0.363887,1.562678
250,-0.217401,0.058282,-0.276722,0.049529,0.046872,0.050365,-2.316584,-0.377209,1.562917
250,0.350569,0.077320,-0.342847,0.034368,0.032728,0.035535,-1.577785,-0.370502,1.560069
250,0.343484,0.135214,-0.498144,0.027266,0.031792,0.031821,-0.818272,0.266615,0.901146
