label,x,y,z,w,h,l,roll,pitch,yaw
250,-0.185476,0.114198,-0.432503,0.030020,0.026390,0.028701,-0.694867,-0.452060,1.563652
125,0.069742,0.080541,-0.352120,0.041073,0.036106,0.039268,1.557065,-0.459618,1.581954
125,0.395000,0.113381,-0.443585,0.018520,0.021594,0.021614,-0.966018,-0.185577,1.083613
125,0.336184,0.088376,-0.380867,0.033649,0.031844,0.034217,-1.360857,-0.457670,1.559883
250,-0.026814,0.105376,-0.413096,0.031434,0.027633,0.030053,1.267573,-0.456767,1.581446
125,-0.391265,0.136106,-0.489680,0.019301,0.022505,0.022526,0.928214,0.737103,2.675432
125,-0.066138,0.123724,-0.445654,0.033622,0.039203,0.039239,-1.073935,-0.454983,1.560987
125,-0.139713,0.126501,-0.442795,0.047549,0.045280,0.049163,-0.857556,-0.453202,1.562358
250,-0.182401,0.049559,-0.286814,0.049529,0.046872,0.050365,-2.315797,-0.466524,1.562594
