label,x,y,z,w,h,l,roll,pitch,yaw
250,-0.150476,0.124922,-0.433951,0.030020,0.026390,0.028701,-0.694340,-0.516241,1.563407
125,0.278630,0.157532,-0.505244,0.012246,0.010765,0.011707,-0.485133,0.969724,1.002063
125,0.104742,0.086179,-0.355893,0.041073,0.036106,0.039268,1.556238,-0.523797,1.582344
250,0.008186,0.114873,-0.415151,0.031434,0.027633,0.030053,1.266786,-0.520947,1.581816
125,-0.031138,0.135272,-0.446464,0.033622,0.039203,0.039239,-1.073210,-0.519163,1.560648
125,-0.104713,0.137859,-0.443433,0.047549,0.045280,0.049163,-0.856933,-0.517383,1.562067
250,-0.147401,0.051071,-0.292708,0.049529,0.046872,0.050365,-2.315187,-0.530705,1.562302
250,-0.410168,0.113218,-0.408388,0.035351,0.031076,0.033797,1.253782,-0.520823,1.581770
