label,x,y,z,w,h,l,roll,pitch,yaw
250,-0.115476,0.072320,-0.437422,0.030020,0.026390,0.028701,-0.695938,-0.308733,1.564051
125,0.139742,0.050490,-0.353056,0.041073,0.036106,0.039268,1.558742,-0.316297,1.581318
125,0.406184,0.054138,-0.382628,0.033649,0.031844,0.034217,-1.362496,-0.314349,1.560502
250,0.043186,0.066360,-0.416955,0.031434,0.027633,0.030053,1.269172,-0.313445,1.580844
125,-0.321265,0.085836,-0.497143,0.019301,0.022505,0.022526,1.111158,0.793467,2.802400
125,0.003862,0.079870,-0.451799,0.033622,0.039203,0.039239,-1.075407,-0.311660,1.561539
125,-0.069713,0.083026,-0.449367,0.047549,0.045280,0.049163,-0.858822,-0.309877,1.562830
250,-0.112401,0.029154,-0.283994,0.049529,0.046872,0.050365,-2.317033,-0.323199,1.563071
250,-0.375168,0.066134,-0.409997,0.035351,0.031076,0.033797,1.256158,-0.313321,1.580802
