label,x,y,z,w,h,l,roll,pitch,yaw
125,0.254713,0.179395,-0.470022,0.010982,0.010458,0.011354,0.633213,0.841814,2.348218
125,0.209742,0.114058,-0.343692,0.041073,0.036106,0.039268,1.555651,-0.566724,1.582649
250,0.113186,0.145270,-0.401664,0.031434,0.027633,0.030053,1.266226,-0.563874,1.582105
125,0.073862,0.166993,-0.432074,0.033622,0.039203,0.039239,-1.072695,-0.562090,1.560383
125,0.000287,0.169449,-0.428935,0.047549,0.045280,0.049163,-0.856491,-0.560311,1.561840
250,-0.042401,0.076272,-0.282073,0.049529,0.046872,0.050365,-2.314753,-0.573633,1.562075
