label,x,y,z,w,h,l,roll,pitch,yaw
250,-0.010476,0.157564,-0.414343,0.030020,0.026390,0.028701,-0.694406,-0.508480,1.563439
125,0.289713,0.178279,-0.465464,0.010982,0.010458,0.011354,0.688836,0.877197,2.390364
125,0.244742,0.119428,-0.335986,0.041073,0.036106,0.039268,1.556341,-0.516037,1.582293
250,0.148186,0.147661,-0.395465,0.031434,0.027633,0.030053,1.266884,-0.513186,1.581767
125,0.108862,0.167816,-0.426936,0.033622,0.039203,0.039239,-1.073300,-0.511402,1.560692
125,0.035287,0.170428,-0.423925,0.047549,0.045280,0.049163,-0.857011,-0.509622,1.562105
250,-0.007401,0.084812,-0.272531,0.049529,0.046872,0.050365,-2.315263,-0.522944,1.562340
