label,x,y,z,w,h,l,roll,pitch,yaw
125,0.324713,0.138009,-0.476140,0.010982,0.010458,0.011354,0.847419,0.956702,2.516437
125,0.453630,0.146718,-0.497816,0.012246,0.010765,0.011707,-0.635893,1.076887,0.873089
125,0.279742,0.095736,-0.340343,0.041073,0.036106,0.039268,1.557890,-0.391214,1.581613
250,0.183186,0.116344,-0.402874,0.031434,0.027633,0.030053,1.268360,-0.388362,1.581123
125,-0.181265,0.141768,-0.481379,0.019301,0.022505,0.022526,1.013050,0.766088,2.733383
125,0.143862,0.132424,-0.436610,0.033622,0.039203,0.039239,-1.074659,-0.386577,1.561283
125,0.070287,0.135390,-0.433948,0.047549,0.045280,0.049163,-0.858178,-0.384795,1.562611
250,0.027599,0.069290,-0.273071,0.049529,0.046872,0.050365,-2.316405,-0.398117,1.562849
250,-0.235168,0.115598,-0.395952,0.035351,0.031076,0.033797,1.255349,-0.388238,1.581081
