label,x,y,z,w,h,l,roll,pitch,yaw
250,0.094524,0.190658,-0.396523,0.030020,0.026390,0.028701,-0.694185,-0.534316,1.563329
125,0.394713,0.212686,-0.447092,0.010982,0.010458,0.011354,0.659915,0.859354,2.368290
250,0.253186,0.180271,-0.377907,0.031434,0.027633,0.030053,1.266554,-0.539021,1.581933
125,-0.111265,0.217189,-0.451707,0.019301,0.022505,0.022526,0.832278,0.697795,2.612318
125,0.213862,0.201232,-0.408847,0.033622,0.039203,0.039239,-1.072997,-0.537238,1.560540
125,0.140287,0.203764,-0.405770,0.047549,0.045280,0.049163,-0.856750,-0.535458,1.561975
250,0.097599,0.114266,-0.256638,0.049529,0.046872,0.050365,-2.315007,-0.548780,1.562210
250,-0.219586,0.089385,-0.234824,0.024581,0.021609,0.023501,1.417484,-0.649198,2.515063
250,-0.165168,0.178494,-0.371176,0.035351,0.031076,0.033797,1.253550,-0.538897,1.581887
