label,x,y,z,w,h,l,roll,pitch,yaw
250,0.129524,0.071918,-0.442133,0.030020,0.026390,0.028701,-0.695536,-0.364500,1.563918
125,0.429713,0.085083,-0.495697,0.010982,0.010458,0.011354,0.874804,0.967736,2.538906
250,0.288186,0.064826,-0.422029,0.031434,0.027633,0.030053,1.268572,-0.369210,1.581045
125,0.248862,0.080257,-0.456067,0.033622,0.039203,0.039239,-1.074854,-0.367425,1.561355
125,0.175287,0.083273,-0.453462,0.047549,0.045280,0.049163,-0.858346,-0.365643,1.562673
250,0.132599,0.020266,-0.291349,0.049529,0.046872,0.050365,-2.316569,-0.378965,1.562911
250,-0.184586,-0.000571,-0.265643,0.024581,0.021609,0.023501,1.578104,-0.543244,2.424612
250,-0.130168,0.064212,-0.415094,0.035351,0.031076,0.033797,1.255560,-0.369086,1.581002
