label,x,y,z,w,h,l,roll,pitch,yaw
250,0.164524,0.059341,-0.442798,0.030020,0.026390,0.028701,-0.695830,-0.323995,1.564017
125,0.464713,0.070327,-0.496851,0.010982,0.010458,0.011354,0.935628,0.989857,2.589387
250,0.323186,0.053070,-0.422423,0.031434,0.027633,0.030053,1.269010,-0.328706,1.580895
125,-0.041265,0.073767,-0.502305,0.019301,0.022505,0.022526,1.090745,0.788284,2.787886
125,0.283862,0.067109,-0.457058,0.033622,0.039203,0.039239,-1.075258,-0.326921,1.561492
125,0.210287,0.070229,-0.454577,0.047549,0.045280,0.049163,-0.858693,-0.325138,1.562790
250,0.167599,0.013838,-0.290046,0.049529,0.046872,0.050365,-2.316908,-0.338460,1.563030
250,-0.149586,-0.005941,-0.263518,0.024581,0.021609,0.023501,1.613212,-0.516354,2.406867
250,-0.095168,0.052737,-0.415469,0.035351,0.031076,0.033797,1.255997,-0.328582,1.580853
