label,x,y,z,w,h,l,roll,pitch,yaw
250,0.199524,0.114767,-0.427276,0.030020,0.026390,0.028701,-0.695295,-0.396848,1.563828
250,0.358186,0.107029,-0.407412,0.031434,0.027633,0.030053,1.268212,-0.401557,1.581180
125,-0.006265,0.133486,-0.485575,0.019301,0.022505,0.022526,0.996328,0.760780,2.721822
125,0.318862,0.123552,-0.440933,0.033622,0.039203,0.039239,-1.074522,-0.399772,1.561231
125,0.245287,0.126483,-0.438231,0.047549,0.045280,0.049163,-0.858061,-0.397991,1.562567
250,0.202599,0.058266,-0.278241,0.049529,0.046872,0.050365,-2.316291,-0.411312,1.562804
250,-0.114586,0.036608,-0.253223,0.024581,0.021609,0.023501,1.549247,-0.564317,2.439790
250,-0.060168,0.106191,-0.400501,0.035351,0.031076,0.033797,1.255202,-0.401433,1.581137
