label,x,y,z,w,h,l,roll,pitch,yaw
250,-0.050964,0.065964,-0.303049,0.036150,0.042151,0.042190,1.817496,-0.406980,1.581345
125,0.392488,0.145527,-0.505681,0.025221,0.028116,0.025529,0.742819,-0.146768,1.833002
125,0.093689,0.008924,-0.194894,0.018777,0.020933,0.019007,2.877118,-0.865047,1.700355
125,0.181715,0.033623,-0.250565,0.019832,0.017434,0.018961,-2.630425,-0.487238,1.520692
125,-0.135016,0.070086,-0.311340,0.030266,0.028822,0.031294,1.162791,-0.127158,-3.086830
250,-0.025652,0.099889,-0.405295,0.016179,0.018037,0.016377,1.137486,0.355833,2.981799
