label,x,y,z,w,h,l,roll,pitch,yaw
125,0.267823,0.022285,-0.369371,0.010000,0.008791,0.009561,-1.306513,0.083680,0.022615
125,0.153974,-0.013919,-0.236022,0.009550,0.011135,0.011145,-0.697817,-1.224186,-0.842649
125,0.275300,0.056871,-0.502188,0.021085,0.024584,0.024607,-1.207806,0.747927,0.252798
250,0.188669,0.085561,-0.587343,0.034712,0.030514,0.033186,-0.250964,0.047323,1.489581
250,0.102474,-0.023546,-0.178369,0.036355,0.031958,0.034757,3.022807,-0.273266,1.572024
250,0.304833,0.011000,-0.332159,0.024476,0.021516,0.023401,-1.436282,-0.268729,0.588292
250,0.306393,0.026150,-0.364498,0.035416,0.031133,0.033860,-1.518736,-0.262829,1.560454
