label,x,y,z,w,h,l,roll,pitch,yaw
125,0.232823,0.172615,-0.320183,0.010000,0.008791,0.009561,-0.988827,0.072462,0.047601
125,0.118974,0.096659,-0.204756,0.009550,0.011135,0.011145,-0.332106,-0.952171,-1.170339
125,0.240300,0.246870,-0.435608,0.021085,0.024584,0.024607,-0.825136,0.629961,0.498271
250,0.153669,0.300667,-0.507581,0.034712,0.030514,0.033186,-0.224740,-0.268520,1.486650
250,0.067474,0.069545,-0.152974,0.036355,0.031958,0.034757,3.022346,-0.590173,1.572219
250,0.269833,0.150296,-0.288340,0.024476,0.021516,0.023401,-1.146739,-0.432359,0.487909
250,0.271393,0.174769,-0.314348,0.035416,0.031133,0.033860,-1.514883,-0.579717,1.558858
