label,x,y,z,w,h,l,roll,pitch,yaw
125,0.197823,0.173043,-0.319666,0.010000,0.008791,0.009561,-0.994606,0.072735,0.047182
125,0.135817,0.066759,-0.158054,0.009707,0.010822,0.009826,-0.563748,-0.872555,-0.880798
125,0.083974,0.097754,-0.203802,0.009550,0.011135,0.011145,-0.336014,-0.957482,-1.167149
125,0.205300,0.246630,-0.435517,0.021085,0.024584,0.024607,-0.831421,0.632709,0.494562
250,0.118669,0.300011,-0.507800,0.034712,0.030514,0.033186,-0.225243,-0.262770,1.486781
250,0.032474,0.070939,-0.151865,0.036355,0.031958,0.034757,3.022356,-0.584403,1.572213
250,0.234833,0.150907,-0.287695,0.024476,0.021516,0.023401,-1.152346,-0.429648,0.490251
250,0.236393,0.175230,-0.313844,0.035416,0.031133,0.033860,-1.514965,-0.573947,1.558903
