label,x,y,z,w,h,l,roll,pitch,yaw
125,0.100817,0.000452,-0.188053,0.009707,0.010822,0.009826,-0.693723,-0.959130,-0.777568
125,0.048974,0.025885,-0.237112,0.009550,0.011135,0.011145,-0.430674,-1.063428,-1.086835
125,0.202786,0.005345,-0.195423,0.025221,0.028116,0.025529,-2.140909,-0.681052,1.233909
125,0.170300,0.146647,-0.484644,0.021085,0.024584,0.024607,-0.964616,0.684170,0.412960
250,0.083669,0.191211,-0.562673,0.034712,0.030514,0.033186,-0.235160,-0.145982,1.488798
250,-0.002526,0.005327,-0.182395,0.036355,0.031958,0.034757,3.022542,-0.467211,1.572120
125,0.501045,0.152509,-0.501879,0.018777,0.020933,0.019007,-0.164828,0.007493,1.487612
125,0.413116,0.126273,-0.446760,0.019832,0.017434,0.018961,0.471858,-0.373725,1.618493
