label,x,y,z,w,h,l,roll,pitch,yaw
250,0.050892,0.101625,-0.391767,0.036150,0.042151,0.042190,-1.313471,-0.464961,1.559963
125,-0.424700,0.141595,-0.487634,0.021085,0.024584,0.024607,-0.952600,0.680041,0.420535
125,-0.023088,0.030598,-0.279331,0.011274,0.010669,0.011464,-0.985595,-0.616625,-0.365929
125,0.071813,0.021273,-0.250193,0.013151,0.015334,0.015348,-1.039914,-0.473284,-0.261481
125,-0.181884,0.120835,-0.449960,0.019832,0.017434,0.018961,0.471334,-0.383914,1.618687
125,0.134958,0.097989,-0.383398,0.030266,0.028822,0.031294,-1.099348,0.124880,0.063412
250,0.025750,0.045149,-0.299983,0.016179,0.018037,0.016377,-1.071697,-0.343707,-0.181673
