label,x,y,z,w,h,l,roll,pitch,yaw
125,-0.267842,0.148002,-0.304571,0.010000,0.008791,0.009561,1.055491,-0.074077,-3.099702
125,-0.205529,0.241789,-0.473629,0.009707,0.010822,0.009826,0.625729,0.919364,2.308384
125,-0.153774,0.215608,-0.424872,0.009550,0.011135,0.011145,0.378678,1.013468,2.009196
125,-0.307512,0.238547,-0.465571,0.025221,0.028116,0.025529,0.713632,-0.252196,1.838794
250,-0.102181,0.249130,-0.472655,0.036355,0.031958,0.034757,-0.119387,-0.503825,1.569429
250,-0.304791,0.166080,-0.339066,0.024476,0.021516,0.023401,1.068881,-0.185823,2.525065
250,-0.306406,0.154205,-0.305388,0.035416,0.031133,0.033860,1.612934,-0.514203,1.582269
