label,x,y,z,w,h,l,roll,pitch,yaw
125,-0.232842,0.151227,-0.305130,0.010000,0.008791,0.009561,0.985608,-0.070978,-3.094636
125,-0.170528,0.256571,-0.467239,0.009707,0.010822,0.009826,0.553271,0.866396,2.251919
125,-0.118774,0.227054,-0.420425,0.009550,0.011135,0.011145,0.327807,0.949667,1.966880
125,-0.272512,0.252774,-0.459426,0.025221,0.028116,0.025529,0.694188,-0.319424,1.844280
250,-0.067181,0.263826,-0.465755,0.036355,0.031958,0.034757,-0.119274,-0.573592,1.569371
250,-0.269791,0.171665,-0.338281,0.024476,0.021516,0.023401,1.010489,-0.225834,2.537004
250,-0.271406,0.157472,-0.305513,0.035416,0.031133,0.033860,1.611976,-0.583965,1.582769
