label,x,y,z,w,h,l,roll,pitch,yaw
125,-0.197842,0.040297,-0.340484,0.010000,0.008791,0.009561,1.282261,-0.081581,-3.117409
125,-0.135528,0.093778,-0.526269,0.009707,0.010822,0.009826,0.943293,1.066678,2.575784
125,-0.237512,0.092426,-0.517689,0.025221,0.028116,0.025529,0.773091,-0.033747,1.830269
125,-0.205538,0.000249,-0.209223,0.021085,0.024584,0.024607,1.176571,-0.740148,-2.868073
250,-0.119050,-0.019918,-0.121516,0.034712,0.030514,0.033186,2.837453,-0.595974,1.669459
250,-0.032181,0.101150,-0.526966,0.036355,0.031958,0.034757,-0.119706,-0.277620,1.569551
250,-0.234791,0.050177,-0.378155,0.024476,0.021516,0.023401,1.253164,-0.052626,2.503036
250,-0.236406,0.046159,-0.342672,0.035416,0.031133,0.033860,1.615618,-0.288012,1.581214
