label,x,y,z,w,h,l,roll,pitch,yaw
125,-0.162842,0.015776,-0.350035,0.010000,0.008791,0.009561,1.256937,-0.080945,-3.115354
125,-0.048774,0.058008,-0.481409,0.009550,0.011135,0.011145,0.606840,1.186826,2.213495
125,-0.202512,0.072361,-0.525868,0.025221,0.028116,0.025529,0.766603,-0.058149,1.830567
125,-0.170538,-0.027573,-0.219827,0.021085,0.024584,0.024607,1.143856,-0.733060,-2.846095
250,-0.084050,-0.049948,-0.132657,0.034712,0.030514,0.033186,2.834395,-0.621096,1.671207
250,0.002819,0.081318,-0.534922,0.036355,0.031958,0.034757,-0.119673,-0.302868,1.569542
250,-0.199791,0.026604,-0.387444,0.024476,0.021516,0.023401,1.232845,-0.067663,2.504257
250,-0.201406,0.021691,-0.352074,0.035416,0.031133,0.033860,1.615341,-0.313258,1.581296
