label,x,y,z,w,h,l,roll,pitch,yaw
125,-0.127842,0.040402,-0.342597,0.010000,0.008791,0.009561,1.249176,-0.080739,-3.114727
125,-0.065528,0.099981,-0.526518,0.009707,0.010822,0.009826,0.887474,1.048316,2.527154
125,-0.013774,0.083649,-0.473640,0.009550,0.011135,0.011145,0.594646,1.180605,2.202203
125,-0.135538,-0.003954,-0.212728,0.021085,0.024584,0.024607,1.133914,-0.730782,-2.839450
250,-0.049050,-0.027002,-0.125734,0.034712,0.030514,0.033186,2.833436,-0.628796,1.671769
250,0.037819,0.107372,-0.526971,0.036355,0.031958,0.034757,-0.119663,-0.310607,1.569539
250,-0.164791,0.051519,-0.379921,0.024476,0.021516,0.023401,1.226609,-0.072266,2.504693
250,-0.166406,0.046332,-0.344590,0.035416,0.031133,0.033860,1.615256,-0.320996,1.581323
