label,x,y,z,w,h,l,roll,pitch,yaw
125,-0.092842,0.070114,-0.333730,0.010000,0.008791,0.009561,1.226183,-0.080102,-3.112880
125,-0.030528,0.133895,-0.516236,0.009707,0.010822,0.009826,0.850786,1.034801,2.495483
125,-0.132512,0.132064,-0.507745,0.025221,0.028116,0.025529,0.758697,-0.087784,1.831144
125,-0.100538,0.022793,-0.204912,0.021085,0.024584,0.024607,1.104702,-0.723747,-2.820028
250,-0.014050,-0.002244,-0.118470,0.034712,0.030514,0.033186,2.830530,-0.651605,1.673505
250,0.072819,0.141294,-0.516520,0.036355,0.031958,0.034757,-0.119632,-0.333534,1.569529
250,-0.129791,0.082084,-0.370790,0.024476,0.021516,0.023401,1.208109,-0.085888,2.506154
250,-0.131406,0.076089,-0.335586,0.035416,0.031133,0.033860,1.614999,-0.343922,1.581406
