label,x,y,z,w,h,l,roll,pitch,yaw
125,-0.057842,0.032794,-0.346045,0.010000,0.008791,0.009561,1.237475,-0.080420,-3.113785
125,0.004472,0.094515,-0.529259,0.009707,0.010822,0.009826,0.868592,1.041512,2.510823
125,-0.065538,-0.013073,-0.216703,0.021085,0.024584,0.024607,1.119002,-0.727255,-2.829517
250,0.020950,-0.037135,-0.129984,0.034712,0.030514,0.033186,2.831969,-0.640404,1.672638
250,-0.094791,0.044346,-0.383238,0.024476,0.021516,0.023401,1.217200,-0.079202,2.505405
250,-0.096406,0.038748,-0.347970,0.035416,0.031133,0.033860,1.615126,-0.332663,1.581364
