label,x,y,z,w,h,l,roll,pitch,yaw
125,0.091226,0.090033,-0.476647,0.009550,0.011135,0.011145,0.508798,1.128992,2.123643
125,-0.062512,0.107456,-0.519995,0.025221,0.028116,0.025529,0.748523,-0.125678,1.832228
125,-0.030538,-0.013605,-0.221679,0.021085,0.024584,0.024607,1.055597,-0.710749,-2.787746
250,0.055950,-0.042013,-0.136285,0.034712,0.030514,0.033186,2.825315,-0.690612,1.676749
125,-0.431774,0.069908,-0.443125,0.011274,0.010669,0.011464,1.084146,0.646075,2.833211
125,-0.273285,0.001148,-0.262496,0.019832,0.017434,0.018961,-2.631648,-0.465431,1.521253
250,-0.059791,0.052144,-0.385104,0.024476,0.021516,0.023401,1.176358,-0.109120,2.509246
250,-0.061406,0.044773,-0.350163,0.035416,0.031133,0.033860,1.614551,-0.383140,1.581566
