label,x,y,z,w,h,l,roll,pitch,yaw
125,0.161226,0.153961,-0.464029,0.009550,0.011135,0.011145,0.348867,0.977715,1.984178
125,0.007488,0.178480,-0.503796,0.025221,0.028116,0.025529,0.702787,-0.290035,1.841699
125,0.039462,0.008605,-0.230318,0.021085,0.024584,0.024607,0.855806,-0.641563,-2.662389
250,0.125950,-0.033866,-0.150974,0.034712,0.030514,0.033186,2.797842,-0.859814,1.696045
250,0.212819,0.189333,-0.510459,0.036355,0.031958,0.034757,-0.119324,-0.543080,1.569398
125,-0.361774,0.128446,-0.434404,0.011274,0.010669,0.011464,0.889183,0.585081,2.720343
125,-0.203285,0.030064,-0.268043,0.019832,0.017434,0.018961,-2.621217,-0.635525,1.515777
250,-0.410652,0.118493,-0.411267,0.016179,0.018037,0.016377,0.982563,0.328339,2.929732
250,0.008594,0.087917,-0.347047,0.035416,0.031133,0.033860,1.612405,-0.553455,1.582538
