label,x,y,z,w,h,l,roll,pitch,yaw
125,0.082158,0.168489,-0.294056,0.010000,0.008791,0.009561,0.964721,-0.069983,-3.093165
125,0.144472,0.277191,-0.453932,0.009707,0.010822,0.009826,0.533368,0.850091,2.236857
125,0.196226,0.246705,-0.407744,0.009550,0.011135,0.011145,0.314339,0.930379,1.956003
125,0.042488,0.273233,-0.446201,0.025221,0.028116,0.025529,0.688214,-0.339503,1.846213
125,0.074462,0.089539,-0.181806,0.021085,0.024584,0.024607,0.799906,-0.617122,-2.629478
250,0.247819,0.284414,-0.452298,0.036355,0.031958,0.034757,-0.119238,-0.594451,1.569351
125,-0.326774,0.219701,-0.379469,0.011274,0.010669,0.011464,0.833729,0.563365,2.690214
125,-0.168285,0.112907,-0.218379,0.019832,0.017434,0.018961,-2.617565,-0.686816,1.513534
250,0.043594,0.174741,-0.294308,0.035416,0.031133,0.033860,1.611672,-0.604823,1.582939
