label,x,y,z,w,h,l,roll,pitch,yaw
125,0.117158,0.113432,-0.325451,0.010000,0.008791,0.009561,1.032363,-0.073091,-3.098002
125,0.179472,0.211096,-0.492299,0.009707,0.010822,0.009826,0.600685,0.902124,2.288599
125,0.077488,0.207669,-0.484318,0.025221,0.028116,0.025529,0.707282,-0.274453,1.840447
125,0.109462,0.042238,-0.208129,0.021085,0.024584,0.024607,0.873814,-0.648940,-2.673220
125,-0.386626,0.178422,-0.437761,0.013151,0.015334,0.015348,0.964902,0.455539,2.845733
125,-0.133285,0.063084,-0.246196,0.019832,0.017434,0.018961,-2.622309,-0.619380,1.516418
250,-0.340652,0.149186,-0.390831,0.016179,0.018037,0.016377,0.999281,0.331696,2.935150
250,0.080209,0.132301,-0.359520,0.024476,0.021516,0.023401,1.049665,-0.199138,2.528741
250,0.078594,0.119652,-0.326125,0.035416,0.031133,0.033860,1.612626,-0.537288,1.582423
