label,x,y,z,w,h,l,roll,pitch,yaw
250,-0.050964,0.049872,-0.302080,0.036150,0.042151,0.042190,1.819002,-0.268905,1.580845
125,0.494472,0.101958,-0.522341,0.009707,0.010822,0.009826,0.980951,1.077702,2.608858
125,0.392488,0.100786,-0.513735,0.025221,0.028116,0.025529,0.778508,-0.013341,1.830142
125,0.023226,0.072408,-0.433029,0.011274,0.010669,0.011464,1.226357,0.676544,2.920652
125,0.093689,0.008261,-0.187104,0.018777,0.020933,0.019007,2.900941,-0.727967,1.683283
125,0.181715,0.025063,-0.245644,0.019832,0.017434,0.018961,-2.637761,-0.349319,1.523679
125,-0.135016,0.052814,-0.310859,0.030266,0.028822,0.031294,1.301910,-0.133478,-3.104937
250,-0.025652,0.069401,-0.408023,0.016179,0.018037,0.016377,1.284005,0.374260,3.034189
