label,x,y,z,w,h,l,roll,pitch,yaw
125,-0.042398,0.120664,-0.314871,0.017211,0.016287,0.017501,1.506569,-0.579851,1.903887
125,0.149685,0.249502,-0.497932,0.037683,0.035661,0.038319,-0.122991,-0.562289,1.569337
125,-0.011613,0.119947,-0.315547,0.012819,0.014947,0.014961,1.264425,-0.510281,2.407604
125,0.241839,0.092208,-0.259240,0.027101,0.023824,0.025910,-2.175796,-0.577923,1.561013
250,0.044723,0.242310,-0.500865,0.022167,0.021109,0.022919,0.326712,0.265400,1.870800
250,-0.050612,0.053856,-0.193172,0.038930,0.036841,0.039587,2.299498,-0.578890,1.579670
250,-0.089420,0.243433,-0.490406,0.035301,0.033407,0.035897,0.802758,-0.525102,1.629729
250,-0.006765,0.045206,-0.189594,0.026734,0.025299,0.027185,2.467095,-0.580036,1.578225
250,0.192981,0.042173,-0.186909,0.021892,0.019244,0.020929,-2.548450,-0.974437,1.276635
