label,x,y,z,w,h,l,roll,pitch,yaw
125,-0.212583,0.044473,-0.240141,0.010982,0.010458,0.011354,0.706543,-0.751441,-2.466949
125,0.034465,0.095534,-0.309894,0.011430,0.010885,0.011819,-0.967962,-0.199070,-0.135286
125,-0.069620,0.003900,-0.173920,0.028121,0.026779,0.029076,-2.822564,-0.792518,1.491268
125,-0.034947,0.212668,-0.482233,0.033330,0.031541,0.033892,-0.488968,-0.580483,1.565146
250,-0.186586,0.217933,-0.488572,0.030991,0.027243,0.029629,0.332161,-0.579854,1.574719
250,-0.029470,0.060922,-0.255834,0.028630,0.025168,0.027372,-2.387559,-0.596609,1.562562
250,-0.003488,0.183262,-0.443183,0.024513,0.021549,0.023436,-0.650115,-0.221802,1.225474
250,-0.316394,0.104999,-0.319003,0.029796,0.034741,0.034773,1.700400,-0.590629,1.582725
