label,x,y,z,w,h,l,roll,pitch,yaw
125,-0.158191,0.079706,-0.188647,0.011274,0.010669,0.011464,0.328068,-0.958666,-1.964917
125,0.042430,0.169149,-0.331149,0.017211,0.016287,0.017501,-1.286154,-0.518972,1.250281
125,-0.150009,0.055358,-0.138729,0.037683,0.035661,0.038319,3.015403,-0.585078,1.572296
125,0.011645,0.168265,-0.331565,0.012819,0.014947,0.014961,-1.077714,-0.339552,0.813018
125,-0.241708,0.208420,-0.380330,0.027101,0.023824,0.025910,0.953620,-0.569391,1.580515
250,-0.045045,0.049639,-0.143940,0.022167,0.021109,0.022919,-1.803630,-1.248864,0.456293
250,0.050864,0.252642,-0.442050,0.038930,0.036841,0.039587,-0.834080,-0.568456,1.561970
250,0.089111,0.059519,-0.147034,0.035301,0.033407,0.035897,-2.274423,-0.620668,1.508199
250,0.007029,0.252388,-0.451465,0.026734,0.025299,0.027185,-0.668052,-0.567319,1.563414
