label,x,y,z,w,h,l,roll,pitch,yaw
125,-0.088192,0.025256,-0.210756,0.011274,0.010669,0.011464,0.440649,-1.083134,-2.061115
125,0.112429,0.094319,-0.364174,0.017211,0.016287,0.017501,-1.332828,-0.387995,1.270776
125,-0.080009,0.007981,-0.157971,0.037683,0.035661,0.038319,3.015631,-0.447560,1.572183
125,-0.171708,0.126478,-0.418274,0.027101,0.023824,0.025910,0.955087,-0.431879,1.579810
250,0.024955,0.001601,-0.162349,0.022167,0.021109,0.022919,-2.124138,-1.169508,0.756626
250,0.120864,0.161822,-0.485474,0.038930,0.036841,0.039587,-0.835412,-0.430943,1.562609
250,0.159111,0.010964,-0.166769,0.035301,0.033407,0.035897,-2.284108,-0.483397,1.513290
250,-0.122710,0.161075,-0.499049,0.021892,0.019244,0.020929,0.343650,-0.014747,1.733728
