label,x,y,z,w,h,l,roll,pitch,yaw
125,0.318292,0.170066,-0.397984,0.027101,0.023824,0.025910,0.954842,-0.456263,1.579915
125,0.072783,0.185640,-0.438662,0.010982,0.010458,0.011354,-0.854420,0.824622,0.568838
125,-0.174403,0.150612,-0.360062,0.011430,0.010885,0.011819,1.096890,0.216001,3.032107
125,-0.070056,0.223085,-0.506960,0.028121,0.026779,0.029076,0.246193,-0.256736,1.628158
125,-0.105322,0.059105,-0.172729,0.033330,0.031541,0.033892,2.645521,-0.470824,1.576114
250,0.046303,0.056108,-0.164796,0.030991,0.027243,0.029629,-2.807210,-0.471473,1.567130
250,-0.110365,0.180312,-0.416853,0.028630,0.025168,0.027372,0.744490,-0.454681,1.578366
250,0.176436,0.147153,-0.346824,0.029796,0.034741,0.034773,-1.431224,-0.460657,1.559734
250,0.367290,0.206621,-0.477892,0.021892,0.019244,0.020929,0.339692,-0.038809,1.733834
