label,x,y,z,w,h,l,roll,pitch,yaw
125,0.177783,0.182041,-0.441081,0.010982,0.010458,0.011354,-0.833415,0.815304,0.584196
125,-0.069403,0.145675,-0.363092,0.011430,0.010885,0.011819,1.079501,0.214101,3.028396
125,0.034944,0.220648,-0.508729,0.028121,0.026779,0.029076,0.245175,-0.273802,1.628425
125,-0.000322,0.050979,-0.177350,0.033330,0.031541,0.033892,2.645418,-0.487918,1.576161
250,0.151303,0.047847,-0.169469,0.030991,0.027243,0.029629,-2.807139,-0.488567,1.567098
250,-0.005365,0.176342,-0.419367,0.028630,0.025168,0.027372,0.744344,-0.471774,1.578431
250,-0.031704,0.071068,-0.221970,0.024513,0.021549,0.023436,2.062203,-0.772749,2.050950
250,0.281436,0.141990,-0.349914,0.029796,0.034741,0.034773,-1.431011,-0.477750,1.559637
250,0.472290,0.203690,-0.479947,0.021892,0.019244,0.020929,0.336913,-0.055676,1.733965
