label,x,y,z,w,h,l,roll,pitch,yaw
125,0.212783,0.179852,-0.444265,0.010982,0.010458,0.011354,-0.792251,0.795833,0.613888
125,-0.034403,0.140815,-0.367578,0.011430,0.010885,0.011819,1.044426,0.210075,3.021012
125,0.069944,0.220771,-0.510541,0.028121,0.026779,0.029076,0.243089,-0.308269,1.629024
125,0.034678,0.039765,-0.185216,0.033330,0.031541,0.033892,2.645204,-0.522442,1.576265
250,0.186303,0.036362,-0.177447,0.030991,0.027243,0.029629,-2.806991,-0.523091,1.567026
250,0.029635,0.173406,-0.422761,0.028630,0.025168,0.027372,0.744043,-0.506298,1.578573
250,0.003296,0.061382,-0.229116,0.024513,0.021549,0.023436,2.039239,-0.803241,2.067233
250,0.316436,0.136678,-0.354536,0.029796,0.034741,0.034773,-1.430569,-0.512272,1.559428
