label,x,y,z,w,h,l,roll,pitch,yaw
250,-0.050793,0.200810,-0.473119,0.029850,0.028426,0.030863,0.793579,-0.445085,1.652290
250,0.445536,0.215701,-0.492214,0.033692,0.037559,0.034103,0.609680,-0.505453,1.577371
125,0.128650,0.225633,-0.511642,0.009707,0.010822,0.009826,-0.027997,1.056933,1.538651
125,0.082200,0.174178,-0.420777,0.031578,0.035203,0.031964,0.400002,-0.504436,1.575268
250,0.297203,0.114950,-0.311238,0.036020,0.040154,0.036460,-1.692135,-0.514881,1.559399
250,0.240164,0.085668,-0.271274,0.024371,0.027168,0.024668,-2.120920,-0.518891,1.561009
250,0.122066,0.236792,-0.534512,0.030478,0.033976,0.030850,0.013434,0.129932,1.580053
250,0.008573,0.048301,-0.195008,0.032768,0.038207,0.038242,2.496049,-0.521641,1.577704
250,0.164830,0.018572,-0.153261,0.023830,0.026565,0.024121,-2.913943,-0.755420,1.507388
