label,x,y,z,w,h,l,roll,pitch,yaw
125,0.072234,0.145758,-0.516498,0.010000,0.008791,0.009561,0.513300,1.025514,2.153690
125,0.248088,0.096264,-0.441821,0.010000,0.008791,0.009561,-1.014856,0.543049,0.310664
125,-0.063091,0.061124,-0.364552,0.016965,0.014914,0.016220,1.101955,0.012239,3.135394
125,0.126512,-0.037030,-0.164472,0.024584,0.021611,0.023504,-3.130579,-0.730612,1.567601
250,0.158919,0.005680,-0.235092,0.041819,0.039575,0.042525,-2.899984,-0.478515,1.568115
250,0.534840,0.155963,-0.546142,0.023830,0.026565,0.024121,0.174996,-0.225845,1.618539
250,0.339730,0.064636,-0.351519,0.036302,0.040468,0.036745,-1.597821,-0.469099,1.559591
250,0.101259,0.029785,-0.294923,0.025630,0.022531,0.024504,2.834359,-0.478338,1.574187
