label,x,y,z,w,h,l,roll,pitch,yaw
125,0.037234,0.154808,-0.507863,0.010000,0.008791,0.009561,0.564311,1.062612,2.197797
125,0.213088,0.108730,-0.431031,0.010000,0.008791,0.009561,-1.065414,0.556267,0.284249
125,-0.098091,0.077108,-0.352257,0.016965,0.014914,0.016220,1.147047,0.012506,3.135952
125,0.091512,-0.011928,-0.147956,0.024584,0.021611,0.023504,-3.130765,-0.685523,1.567722
250,0.123919,0.027557,-0.220430,0.041819,0.039575,0.042525,-2.900117,-0.433425,1.568173
250,0.367762,0.093298,-0.366555,0.036020,0.040154,0.036460,1.440978,-0.422442,1.581674
250,0.499840,0.163666,-0.537937,0.023830,0.026565,0.024121,0.177182,-0.180806,1.618097
250,0.304730,0.081204,-0.339396,0.036302,0.040468,0.036745,-1.598375,-0.424012,1.559831
250,0.066259,0.048940,-0.281286,0.025630,0.022531,0.024504,2.834528,-0.433249,1.574112
