label,x,y,z,w,h,l,roll,pitch,yaw
125,0.002234,0.121314,-0.514658,0.010000,0.008791,0.009561,0.706954,1.140789,2.325173
125,-0.133091,0.059729,-0.352000,0.016965,0.014914,0.016220,1.248234,0.013012,3.137244
125,0.056512,-0.008215,-0.139750,0.024584,0.021611,0.023504,-3.131138,-0.584342,1.567943
250,0.184759,0.007552,-0.171561,0.033692,0.037559,0.034103,-2.525157,-0.330699,1.564701
250,0.088919,0.023747,-0.215842,0.041819,0.039575,0.042525,-2.900397,-0.332245,1.568278
250,0.332762,0.074392,-0.367860,0.036020,0.040154,0.036460,1.442136,-0.321267,1.581253
250,0.464840,0.127089,-0.545473,0.023830,0.026565,0.024121,0.181973,-0.079737,1.617474
250,0.269730,0.065103,-0.339618,0.036302,0.040468,0.036745,-1.599543,-0.322838,1.560257
250,0.031259,0.038874,-0.278547,0.025630,0.022531,0.024504,2.834882,-0.332068,1.573980
