label,x,y,z,w,h,l,roll,pitch,yaw
125,-0.242766,0.194418,-0.492519,0.010000,0.008791,0.009561,0.496827,1.012211,2.139663
125,-0.066912,0.143745,-0.418637,0.010000,0.008791,0.009561,-0.997269,0.538132,0.319715
250,-0.060241,0.026765,-0.172285,0.033692,0.037559,0.034103,-2.524040,-0.492826,1.564253
250,-0.156081,0.049895,-0.213371,0.041819,0.039575,0.042525,-2.899935,-0.494375,1.568092
250,0.087762,0.124415,-0.355220,0.036020,0.040154,0.036460,1.440230,-0.483388,1.582002
250,0.144722,0.142187,-0.401563,0.024371,0.027168,0.024668,1.012989,-0.479390,1.580385
250,0.219840,0.205091,-0.521998,0.023830,0.026565,0.024121,0.174216,-0.241687,1.618719
250,0.024730,0.110689,-0.328848,0.036302,0.040468,0.036745,-1.597620,-0.484959,1.559499
