label,x,y,z,w,h,l,roll,pitch,yaw
125,-0.347766,0.101655,-0.519561,0.010000,0.008791,0.009561,0.742167,1.155670,2.357289
125,-0.067171,0.056472,-0.370814,0.010000,0.008791,0.009561,-1.267778,0.088350,0.027579
125,-0.171912,0.065262,-0.437696,0.010000,0.008791,0.009561,-1.205989,0.586037,0.208157
250,-0.165241,-0.004969,-0.174179,0.033692,0.037559,0.034103,-2.525290,-0.309965,1.564743
125,0.151679,-0.012155,-0.154111,0.009707,0.010822,0.009826,0.045601,-1.268673,-1.618558
250,-0.017238,0.057786,-0.371821,0.036020,0.040154,0.036460,1.442363,-0.300534,1.581184
250,0.039722,0.066835,-0.420624,0.024371,0.027168,0.024668,1.014812,-0.296533,1.579692
250,0.271178,0.096851,-0.500464,0.032768,0.038207,0.038242,-0.638701,-0.293776,1.564553
250,-0.080270,0.049085,-0.343393,0.036302,0.040468,0.036745,-1.599772,-0.302105,1.560328
