label,x,y,z,w,h,l,roll,pitch,yaw
125,-0.137171,0.104976,-0.370771,0.010000,0.008791,0.009561,-1.017190,0.078783,0.048605
125,-0.241912,0.130033,-0.433402,0.010000,0.008791,0.009561,-0.924110,0.515887,0.356526
125,0.081679,-0.015109,-0.177770,0.009707,0.010822,0.009826,0.023079,-1.018942,-1.597896
125,0.127962,0.039517,-0.266852,0.031578,0.035203,0.031964,-2.735369,-0.560881,1.566157
250,-0.087238,0.106499,-0.371422,0.036020,0.040154,0.036460,1.439349,-0.550410,1.582437
250,-0.030278,0.127335,-0.416471,0.024371,0.027168,0.024668,1.012237,-0.546412,1.580754
250,0.088303,-0.029710,-0.156943,0.030478,0.033976,0.030850,-3.102386,-1.195128,1.543173
250,0.044840,0.198164,-0.532422,0.023830,0.026565,0.024121,0.170848,-0.308635,1.619635
250,-0.150270,0.091038,-0.346029,0.036302,0.040468,0.036745,-1.596732,-0.551980,1.559058
