label,x,y,z,w,h,l,roll,pitch,yaw
250,0.156049,0.022756,-0.198556,0.029850,0.028426,0.030863,-2.270551,-0.504203,1.486661
125,0.120600,0.017315,-0.188796,0.010000,0.008791,0.009561,-0.934346,-0.774949,-0.477227
125,0.022962,0.049865,-0.250414,0.031578,0.035203,0.031964,-2.735950,-0.447749,1.566438
250,-0.135278,0.120231,-0.408990,0.024371,0.027168,0.024668,1.013476,-0.433284,1.580170
250,-0.016697,-0.006512,-0.133392,0.030478,0.033976,0.030850,-3.109027,-1.082028,1.549213
250,0.096178,0.160852,-0.483993,0.032768,0.038207,0.038242,-0.637764,-0.430530,1.564220
250,-0.060160,0.177517,-0.532196,0.023830,0.026565,0.024121,0.176467,-0.195632,1.618231
250,-0.255270,0.092118,-0.334901,0.036302,0.040468,0.036745,-1.598196,-0.438854,1.559755
