label,x,y,z,w,h,l,roll,pitch,yaw
250,0.051049,-0.027566,-0.204527,0.029850,0.028426,0.030863,-2.285060,-0.341325,1.492634
125,0.015600,-0.031346,-0.194012,0.010000,0.008791,0.009561,-1.152250,-0.838657,-0.319506
125,-0.128321,-0.037483,-0.159493,0.009707,0.010822,0.009826,0.050279,-1.295296,-1.623042
125,-0.082038,-0.009255,-0.260104,0.031578,0.035203,0.031964,-2.736689,-0.284337,1.566703
250,-0.297238,0.026631,-0.378990,0.036020,0.040154,0.036460,1.442651,-0.273879,1.581102
250,-0.240278,0.034376,-0.428016,0.024371,0.027168,0.024668,1.015058,-0.269878,1.579624
250,-0.121697,-0.045842,-0.135470,0.030478,0.033976,0.030850,-3.114812,-0.918644,1.554099
250,-0.008822,0.062253,-0.508628,0.032768,0.038207,0.038242,-0.638873,-0.267121,1.564601
250,-0.165160,0.070855,-0.558900,0.023830,0.026565,0.024121,0.184185,-0.032399,1.617350
