label,x,y,z,w,h,l,roll,pitch,yaw
125,-0.072515,0.012861,-0.197056,0.010000,0.008791,0.009561,-0.422622,-0.945415,-1.064348
125,0.063086,0.099740,-0.347481,0.016965,0.014914,0.016220,-1.007537,-0.012947,-0.008175
125,-0.126161,0.221274,-0.534645,0.024584,0.021611,0.023504,0.006731,-0.301392,1.572857
250,-0.158699,0.182600,-0.461794,0.041819,0.039575,0.042525,0.237320,-0.553489,1.573577
250,-0.101142,0.143565,-0.410327,0.025630,0.022531,0.024504,-0.305396,-0.553672,1.567241
