label,x,y,z,w,h,l,roll,pitch,yaw
125,-0.037515,0.011292,-0.197953,0.010000,0.008791,0.009561,-0.423064,-0.945881,-1.063990
125,-0.213227,0.050100,-0.279010,0.010000,0.008791,0.009561,0.912849,-0.510764,-2.780379
125,0.098086,0.098091,-0.348424,0.016965,0.014914,0.016220,-1.008070,-0.012951,-0.008168
125,-0.091161,0.219526,-0.535653,0.024584,0.021611,0.023504,0.006732,-0.300859,1.572857
250,-0.066142,0.141883,-0.411294,0.025630,0.022531,0.024504,-0.305398,-0.553139,1.567242
