label,x,y,z,w,h,l,roll,pitch,yaw
125,-0.002515,-0.012695,-0.197159,0.010000,0.008791,0.009561,-0.548330,-1.054123,-0.958387
125,-0.178227,0.015492,-0.282492,0.010000,0.008791,0.009561,1.052972,-0.551632,-2.851462
125,0.133086,0.054267,-0.357445,0.016965,0.014914,0.016220,-1.135576,-0.013884,-0.006455
250,-0.332797,0.054331,-0.336520,0.036020,0.040154,0.036460,-1.693121,-0.436418,1.559851
