label,x,y,z,w,h,l,roll,pitch,yaw
125,0.032485,-0.011688,-0.201089,0.010000,0.008791,0.009561,-0.503716,-1.020463,-0.996808
125,-0.247863,0.060670,-0.339185,0.010000,0.008791,0.009561,1.093347,-0.080827,-3.099845
125,-0.143227,0.019938,-0.285208,0.010000,0.008791,0.009561,1.007639,-0.539562,-2.827934
125,0.168086,0.061722,-0.358526,0.016965,0.014914,0.016220,-1.094987,-0.013611,-0.007013
250,-0.149464,0.154762,-0.522277,0.033692,0.037559,0.034103,0.609959,-0.467573,1.577240
250,-0.297797,0.060937,-0.337615,0.036020,0.040154,0.036460,-1.692621,-0.477002,1.559631
250,-0.234718,0.074633,-0.363889,0.036302,0.040468,0.036745,1.531968,-0.475399,1.582037
