label,x,y,z,w,h,l,roll,pitch,yaw
125,0.102485,0.041488,-0.178741,0.010000,0.008791,0.009561,-0.423493,-0.946333,-1.063641
125,-0.073227,0.080254,-0.259817,0.010000,0.008791,0.009561,0.913404,-0.510947,-2.780650
125,0.238086,0.128209,-0.329256,0.016965,0.014914,0.016220,-1.008587,-0.012955,-0.008162
250,0.016301,0.210950,-0.443656,0.041819,0.039575,0.042525,0.237323,-0.552439,1.573575
125,-0.396350,0.245894,-0.503292,0.009707,0.010822,0.009826,-0.025073,1.008442,1.541162
250,-0.227797,0.125623,-0.308492,0.036020,0.040154,0.036460,-1.691481,-0.563392,1.559064
250,-0.284836,0.094437,-0.269994,0.024371,0.027168,0.024668,-2.120357,-0.567403,1.560718
250,-0.402934,0.258149,-0.525593,0.030478,0.033976,0.030850,0.012983,0.081420,1.580005
250,-0.164718,0.141535,-0.333485,0.036302,0.040468,0.036745,1.530822,-0.561788,1.582606
