label,x,y,z,w,h,l,roll,pitch,yaw
125,0.242138,0.084276,-0.323792,0.010000,0.008791,0.009561,1.130274,-0.082309,-3.102854
125,0.468839,0.182010,-0.543945,0.024584,0.021611,0.023504,0.006990,-0.177112,1.572795
250,0.340536,0.171561,-0.510225,0.033692,0.037559,0.034103,0.610220,-0.430739,1.577127
250,0.436301,0.152666,-0.466861,0.041819,0.039575,0.042525,0.237699,-0.429209,1.573398
250,0.192203,0.084600,-0.322234,0.036020,0.040154,0.036460,-1.693075,-0.440170,1.559832
250,0.135164,0.058383,-0.280194,0.024371,0.027168,0.024668,-2.121729,-0.444179,1.561384
250,-0.096427,0.026813,-0.201352,0.032768,0.038207,0.038242,2.496621,-0.446926,1.577438
250,0.059830,0.000283,-0.157503,0.023830,0.026565,0.024121,-2.920030,-0.680845,1.511396
250,0.255282,0.097320,-0.348994,0.036302,0.040468,0.036745,1.532425,-0.438566,1.581836
