label,x,y,z,w,h,l,roll,pitch,yaw
125,0.128650,0.239388,-0.510569,0.009707,0.010822,0.009826,-0.023049,0.969809,1.542854
125,0.082200,0.180218,-0.424528,0.031578,0.035203,0.031964,0.399533,-0.591598,1.575512
250,0.297203,0.111679,-0.320561,0.036020,0.040154,0.036460,-1.690931,-0.602037,1.558761
250,0.240164,0.079029,-0.283297,0.024371,0.027168,0.024668,-2.119883,-0.606049,1.560456
250,0.122066,0.252495,-0.532380,0.030478,0.033976,0.030850,0.012627,0.042774,1.579983
250,0.164830,0.001914,-0.171573,0.023830,0.026565,0.024121,-2.905656,-0.842391,1.501444
