label,x,y,z,w,h,l,roll,pitch,yaw
250,0.257589,0.190621,-0.441898,0.028285,0.032980,0.033010,-0.734121,-0.440400,1.388711
125,0.501761,0.231113,-0.502259,0.027687,0.030865,0.028025,0.358910,-0.591446,1.575055
125,0.180263,-0.002509,-0.164321,0.028057,0.026551,0.028530,-2.891597,-0.610496,1.567797
125,-0.045934,0.025444,-0.207943,0.027468,0.025994,0.027931,1.386057,-0.918924,2.838296
125,-0.048371,0.102809,-0.326005,0.012319,0.014363,0.014377,0.965998,-0.107616,-3.067487
250,-0.008082,0.030763,-0.205752,0.032499,0.028569,0.031070,2.436527,-0.634855,1.605618
250,0.314473,0.216927,-0.480414,0.029860,0.026249,0.028548,-0.714997,-0.355817,1.301334
250,-0.058394,0.055565,-0.251889,0.020556,0.023968,0.023990,1.969825,-0.696772,1.806412
250,0.461404,0.192528,-0.445917,0.028446,0.025006,0.027196,0.634956,-0.377624,1.775582
