label,x,y,z,w,h,l,roll,pitch,yaw
125,0.010936,0.113646,-0.385990,0.009707,0.010822,0.009826,1.019674,0.296476,2.963915
125,-0.011091,0.143530,-0.432025,0.011274,0.010669,0.011464,0.954599,0.522591,2.801827
125,0.077857,-0.012061,-0.134804,0.011274,0.010669,0.011464,0.321199,-1.014799,-1.944148
125,0.054657,-0.012251,-0.153810,0.013742,0.015319,0.013909,0.476981,-0.971917,-2.129874
250,0.147375,0.022658,-0.210706,0.031591,0.030084,0.032664,-2.995896,-0.534415,1.569119
125,0.519394,0.207476,-0.534034,0.028057,0.026551,0.028530,0.248470,-0.514830,1.573638
250,0.238798,0.037175,-0.236308,0.028446,0.025006,0.027196,-2.257371,-0.723707,1.315325
250,-0.049756,0.135728,-0.405383,0.033374,0.031583,0.033937,1.188327,-0.520813,1.581515
