label,x,y,z,w,h,l,roll,pitch,yaw
125,-0.116091,0.172812,-0.417721,0.011274,0.010669,0.011464,0.916683,0.510588,2.783097
125,-0.027143,0.006892,-0.126140,0.011274,0.010669,0.011464,0.298159,-0.982007,-1.924778
125,-0.050343,0.007368,-0.145141,0.013742,0.015319,0.013909,0.445346,-0.941932,-2.104012
125,0.093550,0.023353,-0.167942,0.027687,0.030865,0.028025,-2.776445,-0.568950,1.566583
250,0.205513,0.121880,-0.317433,0.041344,0.039125,0.042042,-1.654223,-0.560470,1.559038
250,0.042375,0.044251,-0.200778,0.031591,0.030084,0.032664,-2.995826,-0.569500,1.569083
250,0.133798,0.059657,-0.225855,0.028446,0.025006,0.027196,-2.245170,-0.757617,1.307090
250,-0.154757,0.164080,-0.391369,0.033374,0.031583,0.033937,1.187884,-0.555896,1.581742
