label,x,y,z,w,h,l,roll,pitch,yaw
125,-0.062143,-0.005133,-0.132470,0.011274,0.010669,0.011464,0.306691,-0.994570,-1.931903
125,-0.085343,-0.004912,-0.151475,0.013742,0.015319,0.013909,0.457123,-0.953449,-2.113575
125,0.058550,0.010767,-0.174488,0.027687,0.030865,0.028025,-2.776512,-0.555539,1.566618
250,0.170513,0.107280,-0.325287,0.041344,0.039125,0.042042,-1.654408,-0.547060,1.559135
250,0.007375,0.031222,-0.207601,0.031591,0.030084,0.032664,-2.995854,-0.556089,1.569097
125,0.270946,0.110353,-0.344927,0.010000,0.008791,0.009561,1.024580,0.008469,3.136444
125,0.379394,0.223004,-0.526848,0.028057,0.026551,0.028530,0.248399,-0.536503,1.573674
250,0.098798,0.046291,-0.232883,0.028446,0.025006,0.027196,-2.249924,-0.744663,1.310334
250,-0.189756,0.148485,-0.399783,0.033374,0.031583,0.033937,1.188055,-0.542486,1.581652
