label,x,y,z,w,h,l,roll,pitch,yaw
250,-0.152394,0.017275,-0.247229,0.028285,0.032980,0.033010,2.211333,-0.623019,1.773584
250,-0.284487,0.069096,-0.339673,0.041344,0.039125,0.042042,-1.655295,-0.479527,1.559570
125,0.130716,0.004633,-0.242144,0.014890,0.014179,0.015395,-1.286454,-0.803293,0.096582
125,-0.184053,0.070838,-0.359475,0.010000,0.008791,0.009561,1.092119,0.008798,3.137028
125,-0.171367,0.018559,-0.258593,0.010000,0.008791,0.009561,0.997255,-0.557015,-2.812511
125,0.153335,0.078254,-0.379764,0.012319,0.014363,0.014377,-1.088549,0.117247,0.061159
250,0.047658,0.014817,-0.248522,0.022644,0.026403,0.026428,-2.633720,-0.487401,1.565318
250,-0.209204,-0.004315,-0.205783,0.029860,0.026249,0.028548,2.120512,-0.684970,1.898383
