label,x,y,z,w,h,l,roll,pitch,yaw
250,-0.187394,0.022280,-0.235103,0.028285,0.032980,0.033010,2.236868,-0.514540,1.759809
250,-0.319487,0.063583,-0.332700,0.041344,0.039125,0.042042,-1.656623,-0.368947,1.560118
125,0.095716,0.010276,-0.228653,0.014890,0.014179,0.015395,-1.442601,-0.786466,0.208152
125,-0.219053,0.063128,-0.352574,0.010000,0.008791,0.009561,1.202709,0.009248,3.138026
125,-0.110606,0.141763,-0.551576,0.028057,0.026551,0.028530,0.248943,-0.358380,1.573437
125,0.118335,0.068259,-0.373558,0.012319,0.014363,0.014377,-1.199775,0.123275,0.047801
250,0.012658,0.019695,-0.236116,0.022644,0.026403,0.026428,-2.634370,-0.376816,1.565590
250,0.128217,0.102605,-0.454480,0.020556,0.023968,0.023990,-0.970132,-0.253741,1.384953
