label,x,y,z,w,h,l,roll,pitch,yaw
125,0.025716,0.083004,-0.204851,0.014890,0.014179,0.015395,-1.145069,-0.807766,-0.005466
125,-0.289053,0.160371,-0.315142,0.010000,0.008791,0.009561,0.994116,0.008309,3.136189
125,-0.180606,0.278510,-0.493547,0.028057,0.026551,0.028530,0.248295,-0.566966,1.573728
125,0.045673,0.249130,-0.451311,0.027468,0.025994,0.027931,-0.657294,0.138537,0.947524
125,0.048335,0.169737,-0.334608,0.012319,0.014363,0.014377,-0.990128,0.110704,0.072361
250,-0.057342,0.093764,-0.210202,0.022644,0.026403,0.026428,-2.633076,-0.585400,1.564989
250,0.007823,0.253159,-0.447188,0.032499,0.028569,0.031070,-0.665962,-0.542038,1.538133
250,0.058217,0.220095,-0.406664,0.020556,0.023968,0.023990,-0.927449,-0.458476,1.369993
