label,x,y,z,w,h,l,roll,pitch,yaw
250,-0.407411,0.108095,-0.464594,0.028285,0.032980,0.033010,-0.777986,-0.204629,1.402713
125,0.023999,0.041310,-0.314700,0.009707,0.010822,0.009826,-1.188726,-0.322695,-0.126742
125,0.045939,0.024547,-0.262402,0.011274,0.010669,0.011464,-1.137006,-0.571166,-0.245375
250,-0.275487,0.073765,-0.364109,0.041344,0.039125,0.042042,1.475772,-0.360484,1.581439
125,-0.388455,0.100478,-0.456026,0.010000,0.008791,0.009561,-1.131407,0.589465,0.255585
250,0.084647,0.040224,-0.285240,0.033374,0.031583,0.033937,-1.945974,-0.365095,1.560849
