label,x,y,z,w,h,l,roll,pitch,yaw
250,-0.372411,0.098138,-0.474186,0.028285,0.032980,0.033010,-0.767479,-0.264420,1.400271
125,0.080939,0.002487,-0.277430,0.011274,0.010669,0.011464,-1.067746,-0.555338,-0.282367
250,-0.240487,0.057780,-0.375967,0.041344,0.039125,0.042042,1.475065,-0.421139,1.581708
125,-0.340949,0.043406,-0.362450,0.010000,0.008791,0.009561,-1.148699,-0.010495,-0.004713
125,-0.353455,0.090016,-0.466095,0.010000,0.008791,0.009561,-1.061550,0.573000,0.293953
250,-0.315527,0.117178,-0.516765,0.029860,0.026249,0.028548,-0.763149,-0.183196,1.314205
250,0.119647,0.019519,-0.299275,0.033374,0.031583,0.033937,-1.945312,-0.425750,1.560594
