label,x,y,z,w,h,l,roll,pitch,yaw
125,0.268999,0.020773,-0.331674,0.009707,0.010822,0.009826,-1.105558,-0.311576,-0.152692
250,-0.030487,0.057063,-0.378339,0.041344,0.039125,0.042042,1.474834,-0.440276,1.581805
125,-0.445504,0.095871,-0.489314,0.014890,0.014179,0.015395,0.824503,0.393887,2.414885
125,-0.130949,0.042433,-0.365099,0.010000,0.008791,0.009561,-1.129560,-0.010402,-0.004913
250,-0.362463,0.096912,-0.477228,0.022644,0.026403,0.026428,0.501486,-0.432448,1.576113
