label,x,y,z,w,h,l,roll,pitch,yaw
250,-0.127411,0.112483,-0.472736,0.028285,0.032980,0.033010,-0.759194,-0.310246,1.397922
125,0.303999,0.030049,-0.330845,0.009707,0.010822,0.009826,-1.077176,-0.307296,-0.161335
250,0.004513,0.067602,-0.376499,0.041344,0.039125,0.042042,1.474497,-0.467645,1.581953
125,-0.410504,0.109433,-0.486371,0.014890,0.014179,0.015395,0.802515,0.375617,2.406631
125,-0.095949,0.052616,-0.363665,0.010000,0.008791,0.009561,-1.102188,-0.010264,-0.005196
250,-0.327463,0.110143,-0.474261,0.022644,0.026403,0.026428,0.501324,-0.459818,1.576183
