label,x,y,z,w,h,l,roll,pitch,yaw
250,0.284513,0.025636,-0.374837,0.041344,0.039125,0.042042,1.476526,-0.292575,1.581197
250,0.447874,0.062389,-0.509785,0.031591,0.030084,0.032664,0.142833,-0.283603,1.572284
125,-0.130504,0.047689,-0.490315,0.014890,0.014179,0.015395,0.949434,0.489175,2.468388
125,0.184051,0.013114,-0.359588,0.010000,0.008791,0.009561,-1.277277,-0.011012,-0.003328
125,0.075263,-0.047050,-0.154426,0.028057,0.026551,0.028530,-2.892547,-0.303194,1.568222
125,-0.150934,-0.033601,-0.204460,0.027468,0.025994,0.027931,1.803976,-0.779465,2.521790
250,-0.047463,0.050498,-0.478513,0.022644,0.026403,0.026428,0.502302,-0.284740,1.575826
250,-0.113082,-0.027868,-0.203980,0.032499,0.028569,0.031070,2.447650,-0.327707,1.600408
250,-0.163394,-0.018184,-0.255458,0.020556,0.023968,0.023990,2.046450,-0.396406,1.766117
