label,x,y,z,w,h,l,roll,pitch,yaw
125,0.291510,0.129063,-0.537039,0.010982,0.010458,0.011354,-1.027869,0.791611,0.405526
125,0.067166,0.114682,-0.505561,0.025649,0.024425,0.026520,0.319925,-0.136877,1.653719
125,-0.049228,0.080051,-0.412432,0.029403,0.027825,0.029899,1.178852,-0.327060,1.692266
125,0.296951,0.102968,-0.479651,0.019740,0.023016,0.023038,-0.833731,0.118758,1.004659
250,0.026569,0.011251,-0.225026,0.033158,0.036964,0.033563,2.517515,-0.379657,1.577068
250,0.017971,0.122806,-0.506948,0.036734,0.032292,0.035119,0.568867,-0.363116,1.576578
