label,x,y,z,w,h,l,roll,pitch,yaw
125,0.256510,0.281598,-0.469790,0.010982,0.010458,0.011354,-0.775286,0.691401,0.576829
125,0.032166,0.260940,-0.442024,0.025649,0.024425,0.026520,0.301469,-0.347191,1.658167
125,-0.084228,0.207567,-0.358218,0.029403,0.027825,0.029899,1.149313,-0.536430,1.704696
125,0.261951,0.244058,-0.419144,0.019740,0.023016,0.023038,-0.720916,-0.059761,1.008004
250,-0.008431,0.101030,-0.189384,0.033158,0.036964,0.033563,2.515932,-0.590724,1.577810
250,-0.017029,0.269174,-0.441678,0.036734,0.032292,0.035119,0.567425,-0.574184,1.577233
