label,x,y,z,w,h,l,roll,pitch,yaw
125,0.221510,0.037887,-0.556487,0.010982,0.010458,0.011354,-1.175697,0.829096,0.298308
125,-0.002834,0.026999,-0.523637,0.025649,0.024425,0.026520,0.328897,-0.028750,1.652976
125,-0.119228,0.002655,-0.427306,0.029403,0.027825,0.029899,1.192295,-0.219337,1.688634
125,0.226951,0.018159,-0.496611,0.019740,0.023016,0.023038,-0.893152,0.210070,0.994921
250,-0.043431,-0.045447,-0.233551,0.033158,0.036964,0.033563,2.518219,-0.271163,1.576842
250,-0.052029,0.034925,-0.525895,0.036734,0.032292,0.035119,0.569514,-0.254621,1.576381
