label,x,y,z,w,h,l,roll,pitch,yaw
125,0.186510,0.068910,-0.548424,0.010982,0.010458,0.011354,-1.170040,0.827911,0.302477
125,-0.037834,0.057890,-0.515618,0.025649,0.024425,0.026520,0.328569,-0.032740,1.652986
125,-0.154228,0.033162,-0.419385,0.029403,0.027825,0.029899,1.191813,-0.223313,1.688740
125,0.191951,0.048943,-0.488628,0.019740,0.023016,0.023038,-0.890925,0.206712,0.995382
250,-0.078431,-0.015716,-0.225825,0.033158,0.036964,0.033563,2.518194,-0.275166,1.576849
250,-0.087029,0.065825,-0.517845,0.036734,0.032292,0.035119,0.569491,-0.258624,1.576387
