label,x,y,z,w,h,l,roll,pitch,yaw
125,0.151510,0.061550,-0.551480,0.010982,0.010458,0.011354,-1.153777,0.824399,0.314436
125,-0.072834,0.050151,-0.518803,0.025649,0.024425,0.026520,0.327618,-0.044269,1.653023
125,-0.189228,0.024311,-0.422863,0.029403,0.027825,0.029899,1.190413,-0.234800,1.689058
125,0.156951,0.040893,-0.491919,0.019740,0.023016,0.023038,-0.884506,0.197002,0.996669
125,0.492907,0.049474,-0.519253,0.020617,0.024039,0.024061,-0.333948,0.138050,1.424744
250,-0.113431,-0.026802,-0.229881,0.033158,0.036964,0.033563,2.518121,-0.286734,1.576869
250,-0.122029,0.058112,-0.520938,0.036734,0.032292,0.035119,0.569424,-0.270192,1.576404
