label,x,y,z,w,h,l,roll,pitch,yaw
250,0.289179,0.011566,-0.272660,0.034715,0.030517,0.033189,2.316641,-0.480947,1.579052
125,-0.107834,0.127031,-0.510927,0.025649,0.024425,0.026520,0.311192,-0.239131,1.655354
125,-0.224228,0.083042,-0.421836,0.029403,0.027825,0.029899,1.165203,-0.428885,1.697310
125,0.121951,0.112725,-0.486354,0.019740,0.023016,0.023038,-0.778733,0.032020,1.008807
125,0.457907,0.126454,-0.511499,0.020617,0.024039,0.024061,-0.305624,-0.055435,1.425919
250,-0.148431,-0.004592,-0.242462,0.033158,0.036964,0.033563,2.516789,-0.482267,1.577371
250,-0.157028,0.135254,-0.511475,0.036734,0.032292,0.035119,0.568204,-0.465726,1.576845
