label,x,y,z,w,h,l,roll,pitch,yaw
125,0.081510,0.258513,-0.482738,0.010982,0.010458,0.011354,-0.828272,0.716710,0.542522
125,-0.142834,0.239202,-0.454019,0.025649,0.024425,0.026520,0.305820,-0.299712,1.656784
125,-0.259228,0.189881,-0.367765,0.029403,0.027825,0.029899,1.156518,-0.489187,1.701160
125,0.086951,0.223429,-0.430360,0.019740,0.023016,0.023038,-0.746342,-0.019438,1.009011
125,0.422907,0.238661,-0.454625,0.020617,0.024039,0.024061,-0.296792,-0.115597,1.425165
250,-0.183431,0.091509,-0.194048,0.033158,0.036964,0.033563,2.516323,-0.543067,1.577600
250,-0.192029,0.247443,-0.454066,0.036734,0.032292,0.035119,0.567779,-0.526527,1.577047
