label,x,y,z,w,h,l,roll,pitch,yaw
250,0.219179,0.042436,-0.266960,0.034715,0.030517,0.033189,2.315713,-0.575387,1.579521
125,0.046510,0.200122,-0.521329,0.010982,0.010458,0.011354,-0.790633,0.698987,0.566998
125,-0.177834,0.179856,-0.493276,0.025649,0.024425,0.026520,0.302763,-0.333228,1.657736
125,-0.294228,0.127662,-0.408730,0.029403,0.027825,0.029899,1.151472,-0.522538,1.703605
125,0.051951,0.163296,-0.470161,0.019740,0.023016,0.023038,-0.728403,-0.047905,1.008407
125,0.387907,0.179335,-0.493900,0.020617,0.024039,0.024061,-0.291857,-0.148881,1.424514
250,-0.218431,0.023502,-0.238420,0.033158,0.036964,0.033563,2.516050,-0.576708,1.577745
250,-0.227028,0.188094,-0.493046,0.036734,0.032292,0.035119,0.567531,-0.560168,1.577176
