label,x,y,z,w,h,l,roll,pitch,yaw
250,0.184179,0.092558,-0.233337,0.034715,0.030517,0.033189,2.316019,-0.545421,1.579358
125,0.011510,0.242551,-0.492317,0.010982,0.010458,0.011354,-0.824105,0.714809,0.545257
125,-0.212834,0.223135,-0.463669,0.025649,0.024425,0.026520,0.305490,-0.303373,1.656882
125,-0.329228,0.173498,-0.377597,0.029403,0.027825,0.029899,1.155975,-0.492831,1.701416
125,0.016951,0.207275,-0.440069,0.019740,0.023016,0.023038,-0.744384,-0.022548,1.008969
125,0.352907,0.222596,-0.464277,0.020617,0.024039,0.024061,-0.296255,-0.119233,1.425102
250,-0.262028,0.231376,-0.463686,0.036734,0.032292,0.035119,0.567753,-0.530201,1.577061
