label,x,y,z,w,h,l,roll,pitch,yaw
250,0.437057,0.114424,-0.482023,0.047202,0.044950,0.048804,-0.913456,-0.424622,1.562085
250,0.149179,0.011442,-0.267396,0.034715,0.030517,0.033189,2.317037,-0.437520,1.578877
125,-0.023490,0.132672,-0.541022,0.010982,0.010458,0.011354,-0.952322,0.766813,0.458631
125,-0.247834,0.116454,-0.510450,0.025649,0.024425,0.026520,0.314930,-0.195855,1.654547
125,-0.364228,0.076375,-0.419533,0.029403,0.027825,0.029899,1.171116,-0.385797,1.694967
125,-0.018049,0.103228,-0.485279,0.019740,0.023016,0.023038,-0.801925,0.068757,1.007638
125,0.317907,0.115853,-0.510997,0.020617,0.024039,0.024061,-0.311893,-0.012460,1.426132
250,-0.297028,0.124645,-0.511354,0.036734,0.032292,0.035119,0.568492,-0.422298,1.576721
