label,x,y,z,w,h,l,roll,pitch,yaw
250,0.402057,0.179829,-0.456602,0.047202,0.044950,0.048804,-0.912585,-0.511870,1.561691
250,0.114179,0.058536,-0.251766,0.034715,0.030517,0.033189,2.316223,-0.524767,1.579254
125,-0.058490,0.203148,-0.513788,0.010982,0.010458,0.011354,-0.847707,0.725384,0.529692
125,-0.282834,0.184327,-0.484745,0.025649,0.024425,0.026520,0.307339,-0.282794,1.656348
125,-0.399228,0.136479,-0.397666,0.029403,0.027825,0.029899,1.158996,-0.472350,1.700014
125,-0.053049,0.168959,-0.460822,0.019740,0.023016,0.023038,-0.755387,-0.005067,1.009121
125,0.289239,0.128283,-0.404714,0.009707,0.010822,0.009826,-0.686772,0.267340,0.901409
250,-0.332028,0.192567,-0.484932,0.036734,0.032292,0.035119,0.567901,-0.509547,1.576987
