label,x,y,z,w,h,l,roll,pitch,yaw
250,0.367057,0.172158,-0.460029,0.047202,0.044950,0.048804,-0.912694,-0.501378,1.561744
250,0.079179,0.053020,-0.253930,0.034715,0.030517,0.033189,2.316325,-0.514276,1.579203
125,-0.093490,0.194876,-0.517455,0.010982,0.010458,0.011354,-0.859865,0.730649,0.521602
125,-0.317834,0.176361,-0.488217,0.025649,0.024425,0.026520,0.308270,-0.272340,1.656093
125,-0.088049,0.161244,-0.464134,0.019740,0.023016,0.023038,-0.760975,0.003813,1.009125
125,0.254239,0.121159,-0.407602,0.009707,0.010822,0.009826,-0.693538,0.275562,0.899595
125,0.230791,0.025586,-0.229667,0.013468,0.012746,0.013696,-0.899729,-1.245606,-0.553232
250,-0.367028,0.184598,-0.488490,0.036734,0.032292,0.035119,0.567975,-0.499055,1.576951
