label,x,y,z,w,h,l,roll,pitch,yaw
250,0.332057,0.076930,-0.490539,0.047202,0.044950,0.048804,-0.914067,-0.358861,1.562318
250,0.044179,-0.011725,-0.269608,0.034715,0.030517,0.033189,2.317606,-0.371758,1.578652
125,-0.128490,0.091261,-0.550610,0.010982,0.010458,0.011354,-1.036497,0.794188,0.399380
125,-0.352834,0.077087,-0.519038,0.025649,0.024425,0.026520,0.320474,-0.130319,1.653646
125,-0.123049,0.065544,-0.493053,0.019740,0.023016,0.023038,-0.837289,0.124311,1.004228
125,0.219239,0.033895,-0.431400,0.009707,0.010822,0.009826,-0.789032,0.385865,0.868518
125,0.195791,-0.035435,-0.241694,0.013468,0.012746,0.013696,-1.357130,-1.293602,-0.115634
125,0.212907,0.076451,-0.519545,0.020617,0.024039,0.024061,-0.321380,0.052616,1.425942
250,-0.402028,0.085201,-0.520479,0.036734,0.032292,0.035119,0.568908,-0.356535,1.576563
