label,x,y,z,w,h,l,roll,pitch,yaw
250,0.297057,0.172156,-0.460674,0.047202,0.044950,0.048804,-0.912609,-0.509589,1.561703
250,0.009179,0.051331,-0.255561,0.034715,0.030517,0.033189,2.316245,-0.522487,1.579243
125,-0.163490,0.195345,-0.517912,0.010982,0.010458,0.011354,-0.850340,0.726534,0.527944
125,-0.387834,0.176591,-0.488827,0.025649,0.024425,0.026520,0.307542,-0.280522,1.656292
125,-0.158049,0.161277,-0.464869,0.019740,0.023016,0.023038,-0.756602,-0.003137,1.009126
125,0.184239,0.120729,-0.408668,0.009707,0.010822,0.009826,-0.688240,0.269128,0.901020
125,0.160791,0.023698,-0.231524,0.013468,0.012746,0.013696,-0.878141,-1.241221,-0.573674
125,0.177907,0.176038,-0.489423,0.020617,0.024039,0.024061,-0.299601,-0.096539,1.425462
250,-0.437028,0.184830,-0.489032,0.036734,0.032292,0.035119,0.567917,-0.507266,1.576979
