label,x,y,z,w,h,l,roll,pitch,yaw
250,0.192057,0.211716,-0.438337,0.047202,0.044950,0.048804,-0.912559,-0.514410,1.561678
250,0.221981,0.098970,-0.247271,0.036650,0.040857,0.037097,-1.958090,-0.524311,1.560124
250,-0.095821,0.089903,-0.233809,0.034715,0.030517,0.033189,2.316198,-0.527307,1.579266
250,0.150742,0.048929,-0.170246,0.026266,0.030626,0.030654,-2.255856,-0.823336,1.202114
125,-0.268490,0.235181,-0.495463,0.010982,0.010458,0.011354,-0.844781,0.724098,0.531632
125,-0.263049,0.200857,-0.442584,0.019740,0.023016,0.023038,-0.754034,-0.007217,1.009113
125,0.079239,0.160038,-0.386580,0.009707,0.010822,0.009826,-0.685139,0.265347,0.901839
125,0.055791,0.062155,-0.209905,0.013468,0.012746,0.013696,-0.865725,-1.238580,-0.585416
125,0.072907,0.215737,-0.467067,0.020617,0.024039,0.024061,-0.298899,-0.101309,1.425393
