label,x,y,z,w,h,l,roll,pitch,yaw
250,0.186981,0.066147,-0.271057,0.036650,0.040857,0.037097,-1.957436,-0.575803,1.559781
250,-0.130821,0.056399,-0.258080,0.034715,0.030517,0.033189,2.315677,-0.578801,1.579540
250,0.115742,0.012207,-0.196710,0.026266,0.030626,0.030654,-2.227045,-0.871172,1.180514
125,0.020791,0.027457,-0.235636,0.013468,0.012746,0.013696,-0.744646,-1.207676,-0.699281
