label,x,y,z,w,h,l,roll,pitch,yaw
250,0.151981,-0.010020,-0.276301,0.036650,0.040857,0.037097,-1.960847,-0.272966,1.561202
250,-0.165821,-0.015453,-0.261006,0.034715,0.030517,0.033189,2.318388,-0.275958,1.578404
250,0.080742,-0.039331,-0.189249,0.026266,0.030626,0.030654,-2.363617,-0.585550,1.272436
125,-0.338490,0.060180,-0.550571,0.010982,0.010458,0.011354,-1.167065,0.827280,0.304668
125,-0.333049,0.040087,-0.490817,0.019740,0.023016,0.023038,-0.889752,0.204942,0.995621
125,0.009239,0.014481,-0.426420,0.009707,0.010822,0.009826,-0.857982,0.458147,0.840249
125,-0.014209,-0.036385,-0.230952,0.013468,0.012746,0.013696,-1.705299,-1.288566,0.219261
