label,x,y,z,w,h,l,roll,pitch,yaw
250,0.087057,0.060972,-0.489633,0.047202,0.044950,0.048804,-0.914614,-0.297223,1.562494
250,0.116981,-0.007952,-0.278761,0.036650,0.040857,0.037097,-1.960503,-0.307127,1.561104
250,-0.200821,-0.013905,-0.263661,0.034715,0.030517,0.033189,2.318115,-0.310119,1.578482
250,0.045742,-0.040220,-0.192761,0.026266,0.030626,0.030654,-2.351296,-0.618168,1.265460
125,-0.373490,0.071575,-0.550473,0.010982,0.010458,0.011354,-1.119467,0.816463,0.339533
125,-0.025761,0.021662,-0.427956,0.009707,0.010822,0.009826,-0.832875,0.432579,0.851066
125,-0.049209,-0.035851,-0.234339,0.013468,0.012746,0.013696,-1.582986,-1.294034,0.101682
125,-0.032093,0.058707,-0.518554,0.020617,0.024039,0.024061,-0.330329,0.113608,1.425198
