label,x,y,z,w,h,l,roll,pitch,yaw
250,0.052057,0.256477,-0.412821,0.047202,0.044950,0.048804,-0.911650,-0.596960,1.561198
250,0.081981,0.128360,-0.231703,0.036650,0.040857,0.037097,-1.957019,-0.606860,1.559549
250,-0.235821,0.118213,-0.219034,0.034715,0.030517,0.033189,2.315346,-0.609858,1.579725
250,0.010742,0.072137,-0.159067,0.026266,0.030626,0.030654,-2.208042,-0.899808,1.165800
125,-0.408490,0.284572,-0.467817,0.010982,0.010458,0.011354,-0.753232,0.680125,0.590795
125,-0.403049,0.246005,-0.417949,0.019740,0.023016,0.023038,-0.709970,-0.077058,1.007255
125,-0.060761,0.200707,-0.365501,0.009707,0.010822,0.009826,-0.632933,0.200264,0.913892
125,-0.084209,0.088588,-0.197500,0.013468,0.012746,0.013696,-0.681137,-1.186981,-0.758417
125,-0.067093,0.262853,-0.441121,0.020617,0.024039,0.024061,-0.286748,-0.182983,1.423670
