label,x,y,z,w,h,l,roll,pitch,yaw
125,-0.067425,0.041098,-0.184276,0.025649,0.024425,0.026520,-2.758940,-0.573316,1.473411
125,0.049127,0.075728,-0.277206,0.029403,0.027825,0.029899,-1.878899,-0.380905,1.446945
250,-0.026352,0.146256,-0.464099,0.033158,0.036964,0.033563,-0.621327,-0.333039,1.564619
250,-0.018237,0.046311,-0.177840,0.036734,0.032292,0.035119,-2.570299,-0.349581,1.565059
