label,x,y,z,w,h,l,roll,pitch,yaw
250,-0.429016,0.126096,-0.436344,0.034715,0.030517,0.033189,-0.820004,-0.355475,1.562978
125,-0.032425,0.026391,-0.190383,0.025649,0.024425,0.026520,-2.756461,-0.594338,1.472045
125,0.084127,0.062977,-0.282561,0.029403,0.027825,0.029899,-1.876064,-0.401866,1.445863
250,0.008648,0.137436,-0.467922,0.033158,0.036964,0.033563,-0.621188,-0.354162,1.564573
250,0.016763,0.031467,-0.183839,0.036734,0.032292,0.035119,-2.570170,-0.370704,1.565013
