label,x,y,z,w,h,l,roll,pitch,yaw
250,-0.394016,0.208655,-0.402384,0.034715,0.030517,0.033189,-0.818506,-0.522300,1.562339
125,0.002575,0.069491,-0.176394,0.025649,0.024425,0.026520,-2.733867,-0.760243,1.457836
125,0.119127,0.120876,-0.261218,0.029403,0.027825,0.029899,-1.851526,-0.567283,1.434393
250,0.043648,0.225082,-0.431641,0.033158,0.036964,0.033563,-0.619996,-0.520988,1.564066
250,0.051763,0.073410,-0.169098,0.036734,0.032292,0.035119,-2.569051,-0.537531,1.564521
