label,x,y,z,w,h,l,roll,pitch,yaw
250,-0.359016,0.095293,-0.452767,0.034715,0.030517,0.033189,-0.819546,-0.409245,1.562807
125,-0.186824,-0.029503,-0.180446,0.010982,0.010458,0.011354,0.971565,-0.771904,-2.697003
125,0.037575,-0.017487,-0.212520,0.025649,0.024425,0.026520,-2.749816,-0.647838,1.468176
125,0.154127,0.024000,-0.302599,0.029403,0.027825,0.029899,-1.868607,-0.455208,1.442764
125,-0.192164,-0.007243,-0.239436,0.019740,0.023016,0.023038,1.763425,-0.743267,2.380782
250,0.078648,0.108314,-0.483690,0.033158,0.036964,0.033563,-0.620824,-0.407933,1.564437
250,0.086763,-0.012770,-0.205713,0.036734,0.032292,0.035119,-2.569828,-0.424475,1.564881
