label,x,y,z,w,h,l,roll,pitch,yaw
250,-0.324016,0.043248,-0.461654,0.034715,0.030517,0.033189,-0.820415,-0.305342,1.563111
125,-0.151824,-0.052630,-0.177858,0.010982,0.010458,0.011354,1.108088,-0.812058,-2.794267
125,0.072575,-0.044005,-0.211006,0.025649,0.024425,0.026520,-2.762237,-0.544440,1.475160
125,0.189127,-0.012085,-0.304902,0.029403,0.027825,0.029899,-1.882717,-0.352114,1.448313
125,-0.157164,-0.036608,-0.238839,0.019740,0.023016,0.023038,1.859355,-0.669244,2.318454
125,-0.475573,0.042332,-0.498495,0.013468,0.012746,0.013696,0.438524,0.878575,2.008246
250,0.113648,0.052992,-0.493761,0.033158,0.036964,0.033563,-0.621515,-0.304028,1.564678
250,0.121763,-0.038607,-0.204724,0.036734,0.032292,0.035119,-2.570475,-0.320570,1.565116
