label,x,y,z,w,h,l,roll,pitch,yaw
250,-0.289016,0.080811,-0.449218,0.034715,0.030517,0.033189,-0.820451,-0.300824,1.563122
250,-0.535458,0.100047,-0.522762,0.026266,0.030626,0.030654,0.615439,0.029218,1.817879
125,-0.116824,-0.013783,-0.164992,0.010982,0.010458,0.011354,1.114273,-0.813586,-2.798758
125,0.107575,-0.005309,-0.198178,0.025649,0.024425,0.026520,-2.762740,-0.539942,1.475419
125,0.224127,0.026187,-0.292217,0.029403,0.027825,0.029899,-1.883304,-0.347630,1.448514
125,-0.122164,0.001963,-0.226044,0.019740,0.023016,0.023038,1.863262,-0.665927,2.316036
125,-0.440573,0.079729,-0.486055,0.013468,0.012746,0.013696,0.441538,0.882665,2.010570
250,0.156763,0.000117,-0.191921,0.036734,0.032292,0.035119,-2.570502,-0.316052,1.565125
