label,x,y,z,w,h,l,roll,pitch,yaw
250,-0.254016,0.193331,-0.413812,0.034715,0.030517,0.033189,-0.818073,-0.565558,1.562115
125,-0.081824,0.027662,-0.164239,0.010982,0.010458,0.011354,0.787409,-0.695822,-2.573384
125,0.142575,0.044524,-0.194052,0.025649,0.024425,0.026520,-2.726847,-0.803215,1.452890
125,0.259127,0.099529,-0.276573,0.029403,0.027825,0.029899,-1.844351,-0.610129,1.430408
125,-0.087164,0.058834,-0.219045,0.019740,0.023016,0.023038,1.592858,-0.844259,2.502697
125,-0.405573,0.201925,-0.449648,0.013468,0.012746,0.013696,0.302468,0.637459,1.913950
250,0.191763,0.048124,-0.186593,0.036734,0.032292,0.035119,-2.568727,-0.580790,1.564349
