label,x,y,z,w,h,l,roll,pitch,yaw
250,-0.219016,0.158222,-0.427485,0.034715,0.030517,0.033189,-0.819022,-0.467775,1.562584
250,-0.465459,0.189411,-0.496810,0.026266,0.030626,0.030654,0.574423,-0.132647,1.820006
125,-0.046824,0.017709,-0.162931,0.010982,0.010458,0.011354,0.899632,-0.745416,-2.647501
125,0.177575,0.031581,-0.194247,0.025649,0.024425,0.026520,-2.741941,-0.706047,1.463241
125,0.294127,0.078266,-0.281745,0.029403,0.027825,0.029899,-1.860033,-0.513246,1.438770
125,-0.052164,0.043382,-0.220518,0.019740,0.023016,0.023038,1.703629,-0.782755,2.422122
125,-0.370573,0.163276,-0.463990,0.013468,0.012746,0.013696,0.346529,0.729095,1.941799
250,0.218648,0.173030,-0.457594,0.033158,0.036964,0.033563,-0.620407,-0.466463,1.564261
