label,x,y,z,w,h,l,roll,pitch,yaw
250,-0.184016,0.093799,-0.443869,0.034715,0.030517,0.033189,-0.820674,-0.272859,1.563185
250,-0.430458,0.110970,-0.517921,0.026266,0.030626,0.030654,0.622289,0.056334,1.818172
125,-0.011824,0.007189,-0.157108,0.010982,0.010458,0.011354,1.152993,-0.822616,-2.827020
125,-0.017164,0.021221,-0.218577,0.019740,0.023016,0.023038,1.886998,-0.645236,2.301564
125,-0.335573,0.091687,-0.480661,0.013468,0.012746,0.013696,0.460883,0.907881,2.025667
250,0.253648,0.102495,-0.476275,0.033158,0.036964,0.033563,-0.621721,-0.271545,1.564737
