label,x,y,z,w,h,l,roll,pitch,yaw
250,-0.149016,0.091232,-0.451693,0.034715,0.030517,0.033189,-0.819773,-0.382879,1.562894
250,-0.395458,0.116431,-0.523412,0.026266,0.030626,0.030654,0.595365,-0.050348,1.818091
125,0.023176,-0.026341,-0.176176,0.010982,0.010458,0.011354,1.005149,-0.782964,-2.720562
125,0.017836,-0.005644,-0.235733,0.019740,0.023016,0.023038,1.788937,-0.724923,2.363690
250,0.288648,0.103434,-0.482948,0.033158,0.036964,0.033563,-0.621004,-0.381566,1.564506
