label,x,y,z,w,h,l,roll,pitch,yaw
250,-0.114016,0.068593,-0.459155,0.034715,0.030517,0.033189,-0.819904,-0.367342,1.562942
250,-0.360458,0.092675,-0.531257,0.026266,0.030626,0.030654,0.599171,-0.035282,1.817928
125,0.058176,-0.044685,-0.181845,0.010982,0.010458,0.011354,1.025282,-0.789214,-2.734808
125,0.052836,-0.024916,-0.241716,0.019740,0.023016,0.023038,1.803583,-0.713965,2.354039
125,-0.289342,-0.006576,-0.309108,0.009707,0.010822,0.009826,1.626675,-0.853657,2.719042
125,-0.265573,0.069962,-0.495982,0.013468,0.012746,0.013696,0.399955,0.822028,1.979249
250,0.323648,0.080308,-0.490596,0.033158,0.036964,0.033563,-0.621109,-0.366029,1.564545
