label,x,y,z,w,h,l,roll,pitch,yaw
250,-0.396843,0.188348,-0.396844,0.036650,0.040857,0.037097,1.170950,-0.546515,1.581604
250,-0.079016,0.195552,-0.410824,0.034715,0.030517,0.033189,-0.818296,-0.543563,1.562232
250,-0.325458,0.231901,-0.477587,0.026266,0.030626,0.030654,0.555343,-0.206068,1.823224
125,0.093176,0.035411,-0.157668,0.010982,0.010458,0.011354,0.811803,-0.707512,-2.589131
125,0.087836,0.065371,-0.213146,0.019740,0.023016,0.023038,1.619049,-0.830971,2.483234
125,-0.254342,0.095241,-0.276279,0.009707,0.010822,0.009826,1.363242,-0.909616,2.922910
125,-0.230573,0.203356,-0.446840,0.013468,0.012746,0.013696,0.311822,0.658152,1.919595
250,0.358648,0.212597,-0.439724,0.033158,0.036964,0.033563,-0.619829,-0.542252,1.563981
