label,x,y,z,w,h,l,roll,pitch,yaw
250,-0.361843,0.063416,-0.437068,0.036650,0.040857,0.037097,1.173814,-0.289704,1.580431
250,-0.044016,0.066833,-0.452419,0.034715,0.030517,0.033189,-0.820564,-0.286747,1.563154
250,-0.290458,0.085031,-0.526226,0.026266,0.030626,0.030654,0.618885,0.042868,1.818003
125,0.128176,-0.023751,-0.166889,0.010982,0.010458,0.011354,1.133670,-0.818225,-2.812886
125,0.122836,-0.008866,-0.228157,0.019740,0.023016,0.023038,1.875305,-0.655546,2.308645
125,-0.219342,0.003988,-0.296807,0.009707,0.010822,0.009826,1.734245,-0.817654,2.639206
125,-0.195573,0.065232,-0.489237,0.013468,0.012746,0.013696,0.451124,0.895381,2.018013
125,-0.213165,-0.016297,-0.201042,0.020617,0.024039,0.024061,2.702235,-0.702422,1.761646
250,0.393648,0.075978,-0.484701,0.033158,0.036964,0.033563,-0.621633,-0.285433,1.564713
