label,x,y,z,w,h,l,roll,pitch,yaw
250,-0.326843,0.170148,-0.411265,0.036650,0.040857,0.037097,1.170481,-0.582756,1.581855
250,-0.009016,0.177854,-0.424974,0.034715,0.030517,0.033189,-0.817925,-0.579805,1.562034
125,0.163176,0.008645,-0.177787,0.010982,0.010458,0.011354,0.771862,-0.688095,-2.563464
125,0.157836,0.040595,-0.232143,0.019740,0.023016,0.023038,1.575474,-0.852681,2.515739
125,-0.184342,0.072733,-0.294153,0.009707,0.010822,0.009826,1.305076,-0.916665,2.968949
125,-0.160573,0.186957,-0.460684,0.013468,0.012746,0.013696,0.296561,0.624034,1.910466
125,-0.178165,0.025648,-0.208331,0.020617,0.024039,0.024061,2.602472,-0.988173,1.837081
250,0.428648,0.195935,-0.453238,0.033158,0.036964,0.033563,-0.619534,-0.578494,1.563824
