label,x,y,z,w,h,l,roll,pitch,yaw
250,-0.262273,0.014867,-0.234547,0.047202,0.044950,0.048804,2.218743,-0.487336,1.579792
250,0.025984,0.121325,-0.446958,0.034715,0.030517,0.033189,-0.818960,-0.474467,1.562556
250,-0.220458,0.152978,-0.516072,0.026266,0.030626,0.030654,0.572757,-0.139133,1.820232
125,0.192836,0.005103,-0.240764,0.019740,0.023016,0.023038,1.696497,-0.787153,2.427163
125,-0.149343,0.030543,-0.305809,0.009707,0.010822,0.009826,1.470766,-0.891774,2.838602
125,-0.143166,-0.007257,-0.215512,0.020617,0.024039,0.024061,2.646233,-0.886049,1.801768
250,0.463648,0.136334,-0.476967,0.033158,0.036964,0.033563,-0.620358,-0.473155,1.564238
