label,x,y,z,w,h,l,roll,pitch,yaw
250,-0.227273,-0.028556,-0.237991,0.047202,0.044950,0.048804,2.220082,-0.346873,1.579248
250,0.060984,0.047114,-0.463215,0.034715,0.030517,0.033189,-0.820182,-0.334004,1.563038
250,-0.185458,0.068779,-0.536080,0.026266,0.030626,0.030654,0.607325,-0.002956,1.817772
125,0.227836,-0.039095,-0.242780,0.019740,0.023016,0.023038,1.834085,-0.690108,2.334339
125,-0.114343,-0.023013,-0.310746,0.009707,0.010822,0.009826,1.672211,-0.839466,2.684932
125,-0.108166,-0.047798,-0.216046,0.020617,0.024039,0.024061,2.690001,-0.748787,1.769766
250,0.498648,0.057774,-0.495029,0.033158,0.036964,0.033563,-0.621329,-0.332691,1.564620
