label,x,y,z,w,h,l,roll,pitch,yaw
250,-0.192273,0.020040,-0.230205,0.047202,0.044950,0.048804,2.218905,-0.471286,1.579717
250,-0.221843,0.117086,-0.429757,0.036650,0.040857,0.037097,1.171976,-0.461371,1.581108
250,0.095984,0.123075,-0.444298,0.034715,0.030517,0.033189,-0.819108,-0.458417,1.562622
250,-0.150458,0.153614,-0.513911,0.026266,0.030626,0.030654,0.576749,-0.123578,1.819709
125,-0.079343,0.034570,-0.301710,0.009707,0.010822,0.009826,1.495012,-0.886840,2.819771
125,-0.073166,-0.001776,-0.210818,0.020617,0.024039,0.024061,2.651934,-0.870417,1.797380
