label,x,y,z,w,h,l,roll,pitch,yaw
250,-0.157273,-0.008569,-0.237848,0.047202,0.044950,0.048804,2.219441,-0.416237,1.579486
250,-0.186843,0.077350,-0.442437,0.036650,0.040857,0.037097,1.172594,-0.406323,1.580848
250,0.130984,0.082530,-0.457286,0.034715,0.030517,0.033189,-0.819597,-0.403369,1.562827
250,-0.115458,0.109193,-0.528474,0.026266,0.030626,0.030654,0.590338,-0.070214,1.818394
125,-0.044343,0.002004,-0.310044,0.009707,0.010822,0.009826,1.575839,-0.867800,2.757596
125,-0.038166,-0.029285,-0.217290,0.020617,0.024039,0.024061,2.669990,-0.816689,1.783888
