label,x,y,z,w,h,l,roll,pitch,yaw
250,-0.122273,0.031636,-0.225853,0.047202,0.044950,0.048804,2.218720,-0.489525,1.579802
250,-0.151843,0.132306,-0.423601,0.036650,0.040857,0.037097,1.171764,-0.479610,1.581204
250,-0.080459,0.170363,-0.507075,0.026266,0.030626,0.030654,0.572211,-0.141255,1.820308
125,-0.009343,0.047468,-0.297081,0.009707,0.010822,0.009826,1.467436,-0.892424,2.841194
125,-0.003166,0.009470,-0.206867,0.020617,0.024039,0.024061,2.645438,-0.888181,1.802384
