label,x,y,z,w,h,l,roll,pitch,yaw
250,-0.087273,0.032808,-0.235554,0.047202,0.044950,0.048804,2.217637,-0.589638,1.580359
250,-0.116843,0.152738,-0.422250,0.036650,0.040857,0.037097,1.170521,-0.579721,1.581833
250,0.200984,0.160402,-0.435983,0.034715,0.030517,0.033189,-0.817956,-0.576770,1.562052
250,-0.045458,0.198948,-0.501503,0.026266,0.030626,0.030654,0.546810,-0.238217,1.825105
125,0.025657,0.055679,-0.304843,0.009707,0.010822,0.009826,1.309986,-0.916137,2.965053
125,0.049427,0.169397,-0.471720,0.013468,0.012746,0.013696,0.297810,0.626895,1.911197
125,0.031834,0.008855,-0.218879,0.020617,0.024039,0.024061,2.603917,-0.985245,1.835876
