label,x,y,z,w,h,l,roll,pitch,yaw
250,-0.052273,0.069638,-0.206434,0.047202,0.044950,0.048804,2.218569,-0.504241,1.579874
250,-0.081843,0.173206,-0.402680,0.036650,0.040857,0.037097,1.171590,-0.494326,1.581285
250,0.235984,0.179671,-0.417016,0.034715,0.030517,0.033189,-0.818802,-0.491373,1.562483
250,-0.010459,0.212488,-0.485585,0.026266,0.030626,0.030654,0.568532,-0.155514,1.820852
125,0.060657,0.086516,-0.277422,0.009707,0.010822,0.009826,1.444915,-0.896656,2.858759
125,0.084427,0.185585,-0.453390,0.013468,0.012746,0.013696,0.335276,0.707070,1.934395
125,0.066834,0.047195,-0.187776,0.020617,0.024039,0.024061,2.639988,-0.902497,1.806638
