label,x,y,z,w,h,l,roll,pitch,yaw
250,0.181597,0.227827,-0.504721,0.035505,0.031212,0.033945,-0.268437,-0.488550,1.567777
250,0.017908,0.076890,-0.228227,0.039341,0.037230,0.040005,2.374037,-0.505399,1.578701
250,0.001680,0.177416,-0.412760,0.034428,0.038379,0.034848,0.901248,-0.492000,1.579722
125,0.366992,0.211680,-0.487910,0.020182,0.023532,0.023553,0.947093,0.612613,2.749310
250,0.473480,0.205807,-0.466026,0.033714,0.029637,0.032232,0.547787,-0.414725,1.629145
125,0.209332,0.090663,-0.270475,0.017371,0.020254,0.020273,-2.254559,-0.504523,1.561972
250,0.333189,0.145480,-0.361581,0.030541,0.029084,0.031578,-1.352067,-0.482849,1.484325
250,0.247702,0.212253,-0.478925,0.031098,0.036260,0.036294,-0.615544,-0.490034,1.564223
250,0.343779,0.147241,-0.366300,0.027205,0.030328,0.027537,1.134992,-0.306978,2.200851
