label,x,y,z,w,h,l,roll,pitch,yaw
125,-0.069034,0.039128,-0.243862,0.009550,0.011135,0.011145,1.253108,-0.475081,-2.992303
125,-0.001997,0.006442,-0.156523,0.013616,0.012967,0.014079,1.078331,-0.942808,-2.731964
125,-0.101994,0.068511,-0.369372,0.030160,0.028542,0.030669,1.271889,-0.028150,2.685549
250,0.102460,0.025564,-0.205255,0.036224,0.034281,0.036836,2.987262,-0.291362,1.572397
