label,x,y,z,w,h,l,roll,pitch,yaw
125,-0.104034,0.041457,-0.245397,0.009550,0.011135,0.011145,1.186563,-0.465238,-2.962147
125,-0.036997,0.003582,-0.160181,0.013616,0.012967,0.014079,0.987590,-0.916846,-2.659210
125,-0.136994,0.078330,-0.368915,0.030160,0.028542,0.030669,1.217828,-0.054578,2.687786
250,0.191772,0.022437,-0.195854,0.033714,0.029637,0.032232,-2.544514,-0.423717,1.512069
250,0.067460,0.025598,-0.207676,0.036224,0.034281,0.036836,2.987160,-0.351494,1.572429
250,0.321288,0.057654,-0.306231,0.027205,0.030328,0.027537,-1.513176,-0.379933,0.921098
