label,x,y,z,w,h,l,roll,pitch,yaw
125,-0.139034,0.014212,-0.250741,0.009550,0.011135,0.011145,1.258257,-0.475764,-2.994660
125,-0.071997,-0.018069,-0.163252,0.013616,0.012967,0.014079,1.085577,-0.944639,-2.737831
125,-0.171994,0.043014,-0.376386,0.030160,0.028542,0.030669,1.276047,-0.026111,2.685437
250,0.156772,-0.001562,-0.200071,0.033714,0.029637,0.032232,-2.548571,-0.359064,1.513617
125,0.420558,0.053131,-0.420748,0.017371,0.020254,0.020273,0.882215,-0.270505,1.578824
250,0.296871,0.028486,-0.317115,0.030541,0.029084,0.031578,1.728015,-0.289897,1.650680
250,0.032460,0.000827,-0.212072,0.036224,0.034281,0.036836,2.987270,-0.286733,1.572394
250,0.286288,0.026438,-0.312495,0.027205,0.030328,0.027537,-1.554543,-0.328078,0.935445
