label,x,y,z,w,h,l,roll,pitch,yaw
125,-0.174034,-0.006776,-0.266998,0.009550,0.011135,0.011145,1.140435,-0.457304,-2.941613
125,-0.106997,-0.048201,-0.183450,0.013616,0.012967,0.014079,0.927895,-0.896455,-2.612195
125,-0.206994,0.035259,-0.388856,0.030160,0.028542,0.030669,1.179925,-0.072974,2.690202
250,0.121772,-0.027862,-0.218299,0.033714,0.029637,0.032232,-2.541752,-0.465705,1.510880
250,0.261871,0.014494,-0.331471,0.030541,0.029084,0.031578,1.718792,-0.396367,1.653787
250,-0.002540,-0.024207,-0.229977,0.036224,0.034281,0.036836,2.987085,-0.393556,1.572456
250,0.251288,0.011965,-0.327097,0.027205,0.030328,0.027537,-1.485396,-0.413290,0.910365
