label,x,y,z,w,h,l,roll,pitch,yaw
125,-0.209034,0.064539,-0.243163,0.009550,0.011135,0.011145,1.027381,-0.433999,-2.892836
125,-0.141997,0.014615,-0.164398,0.013616,0.012967,0.014079,0.792598,-0.838912,-2.508878
125,-0.241994,0.119070,-0.359965,0.030160,0.028542,0.030669,1.085147,-0.118221,2.699258
250,0.086772,0.038482,-0.196932,0.033714,0.029637,0.032232,-2.534323,-0.570132,1.507197
125,0.227089,0.050577,-0.221746,0.011274,0.010669,0.011464,1.010305,-0.489696,-2.854534
125,0.350558,0.138272,-0.401215,0.017371,0.020254,0.020273,0.880314,-0.481947,1.579526
250,0.226871,0.092426,-0.305062,0.030541,0.029084,0.031578,1.708924,-0.500615,1.658072
250,-0.037540,0.043337,-0.208165,0.036224,0.034281,0.036836,2.986888,-0.498182,1.572541
250,0.216288,0.089454,-0.300976,0.027205,0.030328,0.027537,-1.412529,-0.494919,0.878363
