label,x,y,z,w,h,l,roll,pitch,yaw
125,0.158295,0.043304,-0.167966,0.020182,0.023532,0.023553,-1.002893,-0.628996,-0.359091
125,-0.276994,0.131861,-0.351348,0.030160,0.028542,0.030669,1.119978,-0.101741,2.695434
250,0.051772,0.057582,-0.185346,0.033714,0.029637,0.032232,-2.537150,-0.531866,1.508678
125,0.192089,0.068716,-0.210606,0.011274,0.010669,0.011464,1.052214,-0.500187,-2.874442
125,0.315558,0.149468,-0.393304,0.017371,0.020254,0.020273,0.880685,-0.443607,1.579361
250,0.191871,0.107341,-0.295465,0.030541,0.029084,0.031578,1.712657,-0.462416,1.656343
250,-0.072540,0.062003,-0.196757,0.036224,0.034281,0.036836,2.986963,-0.459840,1.572507
250,0.181288,0.104528,-0.291267,0.027205,0.030328,0.027537,-1.439915,-0.465251,0.891013
