label,x,y,z,w,h,l,roll,pitch,yaw
250,0.471912,0.144302,-0.448020,0.039341,0.037230,0.040005,-0.758509,-0.483696,1.562997
125,0.123295,0.001118,-0.192232,0.020182,0.023532,0.023553,-0.955943,-0.614067,-0.386433
250,0.016772,0.016096,-0.209012,0.033714,0.029637,0.032232,-2.534123,-0.572768,1.507089
125,0.157089,0.028256,-0.233794,0.011274,0.010669,0.011464,1.007436,-0.488947,-2.853185
125,0.266628,0.039083,-0.272923,0.014630,0.016310,0.014809,0.939770,-0.644975,-2.727694
125,0.280558,0.116425,-0.413031,0.017371,0.020254,0.020273,0.880288,-0.484589,1.579538
250,0.156871,0.070325,-0.317000,0.030541,0.029084,0.031578,1.708661,-0.503247,1.658199
250,-0.107540,0.020981,-0.220232,0.036224,0.034281,0.036836,2.986883,-0.500823,1.572544
250,0.146288,0.067342,-0.312921,0.027205,0.030328,0.027537,-1.410611,-0.496951,0.877450
