label,x,y,z,w,h,l,roll,pitch,yaw
250,0.133725,0.062337,-0.136063,0.035505,0.031212,0.033945,2.871516,-0.600294,1.574009
250,0.296912,0.237520,-0.398181,0.039341,0.037230,0.040005,-0.757579,-0.583404,1.562523
125,-0.051705,0.069585,-0.157918,0.020182,0.023532,0.023553,-0.845945,-0.573613,-0.448037
250,-0.158228,0.086159,-0.173124,0.033714,0.029637,0.032232,-2.526023,-0.672263,1.502360
125,-0.017911,0.100725,-0.196572,0.011274,0.010669,0.011464,0.900821,-0.458237,-2.804517
125,0.105558,0.206299,-0.366141,0.017371,0.020254,0.020273,0.879245,-0.584296,1.580070
250,-0.018129,0.150868,-0.275176,0.030541,0.029084,0.031578,1.698114,-0.602554,1.663744
250,0.067573,0.077918,-0.161732,0.031098,0.036260,0.036294,2.520599,-0.598798,1.577802
250,-0.028712,0.147494,-0.271415,0.027205,0.030328,0.027537,-1.334851,-0.572436,0.838803
