label,x,y,z,w,h,l,roll,pitch,yaw
250,0.098725,0.067552,-0.132575,0.035505,0.031212,0.033945,2.871508,-0.602255,1.574013
250,0.261912,0.243249,-0.394349,0.039341,0.037230,0.040005,-0.757559,-0.585366,1.562512
125,-0.086705,0.074842,-0.154416,0.020182,0.023532,0.023553,-0.843841,-0.572762,-0.449178
125,-0.052911,0.106059,-0.193009,0.011274,0.010669,0.011464,0.898757,-0.457587,-2.803605
250,-0.053129,0.156356,-0.271514,0.030541,0.029084,0.031578,1.697893,-0.604507,1.663870
250,0.032573,0.083183,-0.158213,0.031098,0.036260,0.036294,2.520582,-0.600760,1.577811
250,-0.063712,0.152974,-0.267760,0.027205,0.030328,0.027537,-1.333289,-0.573894,0.837957
