label,x,y,z,w,h,l,roll,pitch,yaw
250,-0.076275,0.057928,-0.137868,0.035505,0.031212,0.033945,2.871630,-0.570514,1.573946
250,0.086912,0.225229,-0.405087,0.039341,0.037230,0.040005,-0.757868,-0.553626,1.562679
250,0.103475,0.113576,-0.227097,0.034428,0.038379,0.034848,-2.229519,-0.567015,1.561458
125,0.056762,0.063329,-0.168801,0.012264,0.013672,0.012414,-2.069762,-1.167706,0.767402
125,-0.104442,0.194976,-0.372132,0.017371,0.020254,0.020273,0.879570,-0.554518,1.579895
250,-0.228129,0.142278,-0.279556,0.030541,0.029084,0.031578,1.701402,-0.572901,1.661921
250,-0.142427,0.072737,-0.163990,0.031098,0.036260,0.036294,2.520847,-0.569020,1.577665
250,-0.238712,0.139017,-0.275696,0.027205,0.030328,0.027537,-1.358198,-0.550160,0.851232
