label,x,y,z,w,h,l,roll,pitch,yaw
250,-0.111275,0.026013,-0.146266,0.035505,0.031212,0.033945,2.872501,-0.303467,1.573574
250,0.051912,0.116868,-0.448161,0.039341,0.037230,0.040005,-0.760101,-0.286586,1.563598
250,0.068475,0.056141,-0.247017,0.034428,0.038379,0.034848,-2.232099,-0.299977,1.562551
125,0.021762,0.023059,-0.177528,0.012264,0.013672,0.012414,-2.404014,-0.953390,1.061387
125,-0.153372,0.047978,-0.255849,0.014630,0.016310,0.014809,1.178645,-0.710851,-2.878023
125,-0.139442,0.096384,-0.408390,0.017371,0.020254,0.020273,0.882073,-0.287480,1.578863
250,-0.263129,0.069983,-0.305191,0.030541,0.029084,0.031578,1.726594,-0.306818,1.651097
250,-0.177427,0.033404,-0.175370,0.031098,0.036260,0.036294,2.522745,-0.301977,1.576857
250,-0.273712,0.067857,-0.300607,0.027205,0.030328,0.027537,-1.543851,-0.341723,0.931931
