label,x,y,z,w,h,l,roll,pitch,yaw
250,-0.146275,0.056183,-0.137201,0.035505,0.031212,0.033945,2.871885,-0.499293,1.573816
250,0.016912,0.204044,-0.415647,0.039341,0.037230,0.040005,-0.758520,-0.482406,1.563002
250,0.033475,0.105340,-0.230163,0.034428,0.038379,0.034848,-2.230275,-0.495796,1.561841
125,-0.013238,0.059369,-0.168440,0.012264,0.013672,0.012414,-2.186506,-1.115524,0.873615
125,-0.188372,0.099052,-0.240415,0.014630,0.016310,0.014809,0.941248,-0.645494,-2.728583
125,-0.174442,0.176213,-0.380623,0.017371,0.020254,0.020273,0.880301,-0.483299,1.579532
