label,x,y,z,w,h,l,roll,pitch,yaw
250,-0.181275,0.017031,-0.162030,0.035505,0.031212,0.033945,2.871693,-0.553347,1.573912
250,-0.018088,0.179720,-0.432082,0.039341,0.037230,0.040005,-0.758030,-0.536459,1.562763
250,-0.001525,0.071139,-0.252201,0.034428,0.038379,0.034848,-2.229707,-0.549849,1.561558
125,-0.048238,0.021900,-0.193051,0.012264,0.013672,0.012414,-2.100397,-1.155614,0.795510
125,-0.223372,0.065413,-0.262778,0.014630,0.016310,0.014809,0.880281,-0.622899,-2.692449
125,-0.209442,0.150037,-0.398612,0.017371,0.020254,0.020273,0.879751,-0.537352,1.579801
