label,x,y,z,w,h,l,roll,pitch,yaw
125,0.272872,0.086921,-0.332416,0.010173,0.011862,0.011873,-1.179491,-0.150738,0.169939
125,0.168993,0.024701,-0.178262,0.014776,0.012989,0.014127,-0.508497,-1.094570,-1.010636
125,0.134653,0.165646,-0.494131,0.027861,0.026366,0.028331,-0.060030,-0.402001,1.570142
125,-0.010742,0.149326,-0.445833,0.036627,0.034879,0.037870,0.850985,-0.405403,1.579002
250,0.086256,0.191764,-0.525994,0.044501,0.051888,0.051936,0.180481,-0.402146,1.572755
250,0.030231,0.174054,-0.495311,0.038559,0.042985,0.039029,0.498865,-0.403207,1.576018
125,0.404210,0.175866,-0.512438,0.027416,0.031967,0.031996,0.683077,-0.243855,1.722230
250,0.146899,0.200719,-0.572249,0.027771,0.024412,0.026550,-0.086638,0.432434,1.499968
