label,x,y,z,w,h,l,roll,pitch,yaw
250,-0.190341,0.076336,-0.240091,0.046051,0.040482,0.044027,2.228376,-0.546062,1.580024
125,-0.495347,0.207686,-0.480151,0.027861,0.026366,0.028331,-0.059933,-0.529949,1.570098
125,0.079493,0.077982,-0.278045,0.011640,0.011085,0.012036,-1.632584,-0.708094,0.865810
125,-0.043851,0.047870,-0.214470,0.010982,0.010458,0.011354,-0.134240,-1.025415,-1.414122
125,-0.225790,0.220159,-0.497005,0.027416,0.031967,0.031996,0.662427,-0.370283,1.728485
125,0.112499,0.063700,-0.244303,0.023586,0.022321,0.023984,-1.935909,-0.688382,1.215872
250,-0.045567,0.001258,-0.130973,0.027865,0.032491,0.032521,-3.100965,-0.549923,1.570323
250,-0.185943,0.164054,-0.401291,0.033869,0.032254,0.035019,1.005094,-0.513038,1.621175
250,-0.483101,0.252441,-0.553156,0.027771,0.024412,0.026550,-0.077171,0.304790,1.503386
