label,x,y,z,w,h,l,roll,pitch,yaw
250,-0.225341,0.121059,-0.213658,0.046051,0.040482,0.044027,2.228001,-0.580115,1.580224
125,0.044493,0.123996,-0.251535,0.011640,0.011085,0.012036,-1.602869,-0.733815,0.846193
125,-0.078851,0.091737,-0.189021,0.010982,0.010458,0.011354,-0.124532,-0.991756,-1.422337
125,-0.260790,0.273546,-0.465527,0.027416,0.031967,0.031996,0.656612,-0.403908,1.730680
125,0.015517,0.267393,-0.464709,0.021934,0.020757,0.022304,-0.481288,-0.450413,1.493382
125,0.077499,0.108574,-0.218299,0.023586,0.022321,0.023984,-1.920167,-0.720254,1.205677
250,-0.080567,0.042310,-0.107160,0.027865,0.032491,0.032521,-3.100946,-0.583977,1.570313
250,-0.220943,0.214215,-0.371778,0.033869,0.032254,0.035019,1.003086,-0.547048,1.622190
