label,x,y,z,w,h,l,roll,pitch,yaw
250,-0.260341,0.002330,-0.264782,0.046051,0.040482,0.044027,2.229808,-0.402800,1.579368
125,0.009493,-0.001460,-0.302583,0.011640,0.011085,0.012036,-1.744598,-0.595741,0.933922
125,-0.113851,-0.022186,-0.235359,0.010982,0.010458,0.011354,-0.190888,-1.166371,-1.363615
125,0.042499,-0.010778,-0.267147,0.023586,0.022321,0.023984,-1.994258,-0.553171,1.249895
250,-0.115567,-0.056399,-0.146063,0.027865,0.032491,0.032521,-3.101039,-0.406655,1.570357
250,-0.553101,0.131932,-0.599783,0.027771,0.024412,0.026550,-0.087841,0.447715,1.499456
