label,x,y,z,w,h,l,roll,pitch,yaw
125,0.348588,0.168056,-0.404097,0.011274,0.010669,0.011464,0.981238,0.344878,2.919186
125,-0.044379,0.160218,-0.396261,0.011640,0.011085,0.012036,0.878994,-0.213602,2.098166
125,0.079076,0.202590,-0.452169,0.010982,0.010458,0.011354,0.128524,1.015016,1.721774
125,-0.015812,0.029760,-0.174878,0.021934,0.020757,0.022304,2.569371,-0.671008,1.660060
125,-0.077327,0.183574,-0.424559,0.023586,0.022321,0.023984,0.869193,-0.355868,1.860874
250,0.080945,0.255109,-0.532078,0.027865,0.032491,0.032521,0.038554,-0.540674,1.571249
250,0.220818,0.090451,-0.262628,0.033869,0.032254,0.035019,-2.084823,-0.576461,1.518492
250,0.406900,0.200548,-0.443530,0.028724,0.032021,0.029074,0.782938,-0.543593,1.579074
