label,x,y,z,w,h,l,roll,pitch,yaw
125,-0.005988,0.082055,-0.296476,0.011356,0.013240,0.013253,1.745527,-0.664930,2.124836
125,-0.019262,0.137769,-0.390000,0.010000,0.008791,0.009561,1.014641,0.424531,2.890942
125,-0.108874,0.132129,-0.374482,0.015090,0.014280,0.015344,1.059675,0.182167,3.040340
125,0.299171,0.148513,-0.401004,0.027218,0.030343,0.027551,-1.182873,-0.464668,1.460041
125,0.178187,0.127717,-0.353332,0.036555,0.040751,0.037001,-1.326602,-0.499473,1.559728
250,0.088094,-0.008305,-0.117917,0.025390,0.029605,0.029632,3.116562,-1.323435,1.591703
250,0.326909,0.157730,-0.423582,0.027688,0.026202,0.028155,0.927743,-0.081702,2.274191
250,0.174855,0.030730,-0.174593,0.038602,0.033934,0.036905,-2.693289,-0.536579,1.551799
250,-0.080609,0.120148,-0.352963,0.022766,0.026545,0.026569,1.464253,-0.500829,1.582138
