label,x,y,z,w,h,l,roll,pitch,yaw
250,0.462589,0.253169,-0.534468,0.044730,0.049864,0.045276,-0.104905,-0.397561,1.547753
125,-0.110988,0.082014,-0.304255,0.011356,0.013240,0.013253,1.689318,-0.731811,2.161002
125,-0.124262,0.144981,-0.393058,0.010000,0.008791,0.009561,0.930866,0.403497,2.857222
125,-0.213874,0.138126,-0.378036,0.015090,0.014280,0.015344,0.979350,0.173561,3.026120
250,-0.016906,-0.022246,-0.133438,0.025390,0.029605,0.029632,3.106622,-1.402934,1.601437
125,0.305437,0.112019,-0.339541,0.025378,0.024167,0.026240,1.604409,-0.581758,1.582756
250,0.069855,0.021169,-0.186834,0.038602,0.033934,0.036905,-2.691440,-0.616088,1.550791
250,-0.185609,0.124474,-0.357537,0.022766,0.026545,0.026569,1.463176,-0.580348,1.582693
