label,x,y,z,w,h,l,roll,pitch,yaw
250,0.427589,0.144138,-0.576506,0.044730,0.049864,0.045276,-0.108821,-0.231423,1.548968
125,-0.145988,0.013422,-0.321153,0.011356,0.013240,0.013253,1.800372,-0.590490,2.092598
125,-0.248874,0.056556,-0.403199,0.015090,0.014280,0.015344,1.147474,0.190230,3.056603
125,0.038187,0.053991,-0.381747,0.036555,0.040751,0.037001,-1.327648,-0.412823,1.560189
250,-0.051906,-0.061146,-0.135443,0.025390,0.029605,0.029632,3.122081,-1.236794,1.586411
125,0.270437,0.037176,-0.360915,0.025378,0.024167,0.026240,1.606572,-0.415589,1.581718
250,0.186909,0.077812,-0.454331,0.027688,0.026202,0.028155,0.983758,-0.015521,2.271467
250,0.034855,-0.027162,-0.195284,0.038602,0.033934,0.036905,-2.695115,-0.449938,1.552664
250,-0.220609,0.046483,-0.380725,0.022766,0.026545,0.026569,1.465325,-0.414179,1.581664
