label,x,y,z,w,h,l,roll,pitch,yaw
250,0.182590,0.268490,-0.520595,0.044730,0.049864,0.045276,-0.106704,-0.323480,1.548388
125,-0.085829,0.181871,-0.382508,0.027218,0.030343,0.027551,-1.182201,-0.470058,1.459738
125,-0.206813,0.160818,-0.334950,0.036555,0.040751,0.037001,-1.326534,-0.504897,1.559695
125,0.070216,0.078370,-0.212535,0.012612,0.014059,0.012766,1.111867,-0.998609,-2.923981
125,0.289660,0.236116,-0.460962,0.010000,0.008791,0.009561,-0.845535,0.748988,0.543034
125,0.341854,0.150407,-0.334921,0.018664,0.021762,0.021782,-1.209439,-0.373152,0.937250
125,0.025437,0.142158,-0.315753,0.025378,0.024167,0.026240,1.605423,-0.507663,1.582231
125,0.081149,0.066753,-0.172230,0.030609,0.026907,0.029264,2.726291,-0.516444,1.575412
250,-0.058091,0.191211,-0.405036,0.027688,0.026202,0.028155,0.924222,-0.085838,2.274486
