label,x,y,z,w,h,l,roll,pitch,yaw
125,-0.120829,0.069135,-0.430768,0.027218,0.030343,0.027551,-1.193805,-0.372973,1.464491
125,-0.241813,0.052819,-0.381383,0.036555,0.040751,0.037001,-1.327712,-0.407243,1.560215
125,0.035216,-0.017300,-0.251512,0.012612,0.014059,0.012766,1.292543,-1.012411,-3.076673
125,0.306854,0.042461,-0.380339,0.018664,0.021762,0.021782,-1.269784,-0.293852,0.957026
125,-0.009563,0.036121,-0.360458,0.025378,0.024167,0.026240,1.606638,-0.410009,1.581691
125,0.046149,-0.024931,-0.210266,0.030609,0.026907,0.029264,2.726784,-0.418785,1.575190
250,-0.093091,0.076234,-0.454098,0.027688,0.026202,0.028155,0.987357,-0.011255,2.271419
250,0.176182,-0.019144,-0.229061,0.026286,0.029303,0.026606,-2.724824,-0.620820,1.470746
