label,x,y,z,w,h,l,roll,pitch,yaw
250,0.112590,0.254856,-0.534445,0.044730,0.049864,0.045276,-0.104553,-0.411564,1.547614
125,-0.155829,0.156422,-0.404515,0.027218,0.030343,0.027551,-1.170707,-0.557596,1.454083
125,-0.276813,0.131265,-0.358994,0.036555,0.040751,0.037001,-1.325356,-0.592999,1.559080
125,0.000216,0.038366,-0.244309,0.012612,0.014059,0.012766,0.958372,-0.974055,-2.795879
125,0.271854,0.120893,-0.359881,0.018664,0.021762,0.021782,-1.151732,-0.443580,0.914315
125,-0.044563,0.110989,-0.341513,0.025378,0.024167,0.026240,1.604207,-0.595765,1.582868
125,0.011149,0.023247,-0.205182,0.030609,0.026907,0.029264,2.725798,-0.604550,1.575675
250,-0.128091,0.167708,-0.426134,0.027688,0.026202,0.028155,0.866583,-0.152839,2.281354
250,0.141182,0.032406,-0.222584,0.026286,0.029303,0.026606,-2.698191,-0.805502,1.453247
