label,x,y,z,w,h,l,roll,pitch,yaw
250,0.077590,0.125690,-0.582184,0.044730,0.049864,0.045276,-0.109203,-0.214295,1.549053
125,-0.190829,0.054638,-0.435479,0.027218,0.030343,0.027551,-1.195116,-0.361487,1.464962
125,-0.311813,0.038893,-0.385909,0.036555,0.040751,0.037001,-1.327845,-0.395692,1.560267
125,-0.034784,-0.029721,-0.255237,0.012612,0.014059,0.012766,1.314323,-1.013054,-3.095148
125,0.236854,0.028548,-0.384746,0.018664,0.021762,0.021782,-1.276715,-0.284402,0.959002
125,-0.079563,0.022437,-0.364793,0.025378,0.024167,0.026240,1.606775,-0.398459,1.581638
125,-0.023851,-0.036875,-0.213906,0.030609,0.026907,0.029264,2.726839,-0.407234,1.575168
250,-0.163091,0.061467,-0.458890,0.027688,0.026202,0.028155,0.994803,-0.002424,2.271368
250,0.106182,-0.031306,-0.232766,0.026286,0.029303,0.026606,-2.726231,-0.609326,1.471558
