label,x,y,z,w,h,l,roll,pitch,yaw
250,0.042590,0.215661,-0.544381,0.044730,0.049864,0.045276,-0.109109,-0.218538,1.549033
125,-0.225828,0.143987,-0.397978,0.027218,0.030343,0.027551,-1.194636,-0.365707,1.464791
125,-0.346813,0.128032,-0.348476,0.036555,0.040751,0.037001,-1.327796,-0.399935,1.560248
125,0.201854,0.117682,-0.347356,0.018664,0.021762,0.021782,-1.274173,-0.287875,0.958284
125,-0.058851,0.051534,-0.176796,0.030609,0.026907,0.029264,2.726819,-0.411477,1.575176
250,-0.198091,0.150915,-0.421360,0.027688,0.026202,0.028155,0.992068,-0.005669,2.271379
250,0.071182,0.057184,-0.195632,0.026286,0.029303,0.026606,-2.725717,-0.613549,1.471263
