label,x,y,z,w,h,l,roll,pitch,yaw
250,0.007590,0.250307,-0.529241,0.044730,0.049864,0.045276,-0.107761,-0.278111,1.548701
125,-0.260828,0.170041,-0.387367,0.027218,0.030343,0.027551,-1.187720,-0.424952,1.462126
125,0.114660,0.220671,-0.468201,0.010000,0.008791,0.009561,-0.899751,0.771714,0.505663
125,0.166854,0.140768,-0.338401,0.018664,0.021762,0.021782,-1.237893,-0.336444,0.947138
125,-0.149563,0.133397,-0.318879,0.025378,0.024167,0.026240,1.606002,-0.462286,1.581960
125,-0.093851,0.064581,-0.172083,0.030609,0.026907,0.029264,2.726526,-0.471064,1.575301
250,-0.233091,0.178350,-0.410295,0.027688,0.026202,0.028155,0.953617,-0.051206,2.272473
250,0.036182,0.071342,-0.190549,0.026286,0.029303,0.026606,-2.718150,-0.672828,1.466723
