label,x,y,z,w,h,l,roll,pitch,yaw
250,-0.027410,0.132897,-0.575703,0.044730,0.049864,0.045276,-0.109958,-0.180152,1.549201
125,-0.295828,0.066895,-0.426657,0.027218,0.030343,0.027551,-1.198925,-0.327525,1.466249
125,-0.139784,-0.011260,-0.243640,0.012612,0.014059,0.012766,1.378877,-1.013704,3.133249
125,0.079660,0.109374,-0.512056,0.010000,0.008791,0.009561,-1.024907,0.815373,0.416367
125,0.131854,0.042553,-0.375062,0.018664,0.021762,0.021782,-1.296989,-0.256392,0.964418
125,-0.184563,0.037127,-0.354912,0.025378,0.024167,0.026240,1.607171,-0.364310,1.581490
125,-0.128851,-0.016999,-0.202088,0.030609,0.026907,0.029264,2.727000,-0.373083,1.575107
250,-0.268091,0.072921,-0.450288,0.027688,0.026202,0.028155,1.016823,0.023682,2.271602
250,0.001182,-0.012077,-0.221127,0.026286,0.029303,0.026606,-2.730263,-0.575339,1.473810
