label,x,y,z,w,h,l,roll,pitch,yaw
250,-0.062410,0.135931,-0.569652,0.044730,0.049864,0.045276,-0.111994,-0.086117,1.549471
125,-0.330828,0.084219,-0.415067,0.027218,0.030343,0.027551,-1.209001,-0.233967,1.469043
125,-0.174784,0.023598,-0.225518,0.012612,0.014059,0.012766,1.555217,-1.005874,2.983828
125,0.044660,0.118490,-0.504078,0.010000,0.008791,0.009561,-1.155316,0.849281,0.319854
125,0.096854,0.064830,-0.361414,0.018664,0.021762,0.021782,-1.351407,-0.178770,0.976177
125,-0.219563,0.061320,-0.340843,0.025378,0.024167,0.026240,1.608213,-0.270258,1.581165
125,-0.163851,0.021786,-0.183612,0.030609,0.026907,0.029264,2.727421,-0.279027,1.574972
250,-0.303091,0.087998,-0.439159,0.027688,0.026202,0.028155,1.077699,0.095483,2.275230
250,-0.033818,0.024899,-0.203029,0.026286,0.029303,0.026606,-2.740526,-0.481700,1.478990
