label,x,y,z,w,h,l,roll,pitch,yaw
250,-0.097410,0.237229,-0.542520,0.044730,0.049864,0.045276,-0.105318,-0.380909,1.547910
125,-0.365828,0.142825,-0.409634,0.027218,0.030343,0.027551,-1.174838,-0.527137,1.456216
125,-0.209784,0.029736,-0.245883,0.012612,0.014059,0.012766,1.010477,-0.983823,-2.839125
125,0.061854,0.108681,-0.363931,0.018664,0.021762,0.021782,-1.172220,-0.419208,0.922883
125,-0.254563,0.099345,-0.345268,0.025378,0.024167,0.026240,1.604645,-0.565103,1.582628
125,-0.198851,0.015824,-0.206311,0.030609,0.026907,0.029264,2.725976,-0.573887,1.575576
250,-0.338091,0.153443,-0.431588,0.027688,0.026202,0.028155,0.886751,-0.129567,2.278515
250,-0.068818,0.024445,-0.223986,0.026286,0.029303,0.026606,-2.703224,-0.775043,1.456823
