label,x,y,z,w,h,l,roll,pitch,yaw
125,-0.028932,0.073119,-0.397481,0.011356,0.013240,0.013253,-1.003313,-0.065338,1.142551
125,-0.070088,0.163471,-0.638621,0.010000,0.008791,0.009561,-0.492949,1.212522,1.050012
125,-0.015830,0.043169,-0.292799,0.010000,0.008791,0.009561,-1.217961,-0.464737,-0.163568
125,0.073807,0.050563,-0.307405,0.015090,0.014280,0.015344,-1.250182,-0.199335,-0.065661
125,-0.213221,0.063086,-0.325545,0.036555,0.040751,0.037001,1.804914,-0.316382,1.581024
250,-0.122695,0.141303,-0.585787,0.025390,0.029605,0.029632,-0.009341,0.507559,1.563605
125,-0.500883,0.118267,-0.505694,0.030609,0.026907,0.029264,-0.413347,-0.304891,1.566573
250,-0.209564,0.126813,-0.518653,0.038602,0.033934,0.036905,0.432334,-0.279189,1.587724
250,0.045581,0.058041,-0.330918,0.022766,0.026545,0.026569,-1.670244,-0.315055,1.560334
