label,x,y,z,w,h,l,roll,pitch,yaw
125,0.019170,0.056610,-0.308694,0.010000,0.008791,0.009561,-0.954414,-0.411113,-0.275902
125,0.108807,0.067320,-0.321076,0.015090,0.014280,0.015344,-1.002286,-0.177495,-0.112326
125,-0.299287,0.052527,-0.294374,0.027218,0.030343,0.027551,1.840786,-0.589779,1.690041
125,-0.178221,0.083860,-0.335646,0.036555,0.040751,0.037001,1.801991,-0.560826,1.582275
250,-0.087695,0.222739,-0.569220,0.025390,0.029605,0.029632,-0.007538,0.263106,1.564288
125,-0.455015,0.151339,-0.467401,0.012612,0.014059,0.012766,-0.580256,0.533259,0.907893
125,-0.465883,0.181002,-0.497083,0.030609,0.026907,0.029264,-0.412148,-0.549347,1.566073
250,-0.174565,0.192431,-0.507588,0.038602,0.033934,0.036905,0.427604,-0.523609,1.589586
250,0.080581,0.080266,-0.342080,0.022766,0.026545,0.026569,-1.667257,-0.559499,1.559060
