label,x,y,z,w,h,l,roll,pitch,yaw
125,-0.019287,0.108828,-0.260619,0.027218,0.030343,0.027551,1.836589,-0.618321,1.692425
125,0.101779,0.141336,-0.300973,0.036555,0.040751,0.037001,1.801594,-0.589574,1.582491
125,-0.175015,0.212574,-0.430734,0.012612,0.014059,0.012766,-0.559979,0.510508,0.918002
125,-0.130429,0.150047,-0.326664,0.025378,0.024167,0.026240,-1.525559,-0.586836,1.558796
125,-0.185883,0.243078,-0.459550,0.030609,0.026907,0.029264,-0.411986,-0.578097,1.565986
250,-0.047063,0.093114,-0.242028,0.027688,0.026202,0.028155,-1.377762,-0.690170,0.581995
250,-0.315947,0.230551,-0.444659,0.026286,0.029303,0.026606,0.325176,-0.372279,1.657764
250,0.105435,0.254804,-0.469723,0.038602,0.033934,0.036905,0.426969,-0.552354,1.589911
