label,x,y,z,w,h,l,roll,pitch,yaw
125,0.391068,-0.009987,-0.417335,0.011356,0.013240,0.013253,-1.024175,-0.019619,1.143438
125,0.085713,-0.034389,-0.296392,0.027218,0.030343,0.027551,1.876927,-0.296867,1.674369
125,0.206779,-0.016394,-0.344985,0.036555,0.040751,0.037001,1.805446,-0.266139,1.580871
125,-0.070015,0.009907,-0.490660,0.012612,0.014059,0.012766,-0.827677,0.752657,0.758165
125,-0.341879,-0.023612,-0.353105,0.018664,0.021762,0.021782,1.489163,-0.263778,2.178631
125,-0.080883,0.029670,-0.527678,0.030609,0.026907,0.029264,-0.413566,-0.254646,1.566634
250,0.057937,-0.043379,-0.273770,0.027688,0.026202,0.028155,-1.683101,-0.488071,0.753437
250,-0.210947,0.022526,-0.509578,0.026286,0.029303,0.026606,0.352821,-0.049945,1.651895
250,0.210435,0.037554,-0.541050,0.038602,0.033934,0.036905,0.433207,-0.228951,1.587505
