label,x,y,z,w,h,l,roll,pitch,yaw
250,0.062036,0.000654,-0.131680,0.044730,0.049864,0.045276,3.007941,-0.703069,1.599030
250,0.542305,0.233156,-0.558151,0.025390,0.029605,0.029632,-0.007803,0.302044,1.564214
125,-0.044927,0.035011,-0.190391,0.010000,0.008791,0.009561,0.832252,-0.741416,-2.590333
125,-0.096879,0.098547,-0.329030,0.018664,0.021762,0.021782,1.326410,-0.469833,2.237424
125,0.219571,0.110430,-0.345570,0.025378,0.024167,0.026240,-1.526494,-0.519151,1.559288
125,0.164117,0.194260,-0.484444,0.030609,0.026907,0.029264,-0.412359,-0.510408,1.566180
250,0.455436,0.205271,-0.495387,0.038602,0.033934,0.036905,0.428430,-0.484677,1.589187
