label,x,y,z,w,h,l,roll,pitch,yaw
250,0.097036,0.016269,-0.119800,0.044730,0.049864,0.045276,3.010067,-0.642772,1.597704
125,0.209985,0.161682,-0.451120,0.012612,0.014059,0.012766,-0.654744,0.610289,0.867542
125,-0.009927,0.047025,-0.180476,0.010000,0.008791,0.009561,0.903967,-0.771751,-2.639578
125,-0.061879,0.102088,-0.322693,0.018664,0.021762,0.021782,1.367283,-0.422092,2.219788
125,0.254571,0.112952,-0.339919,0.025378,0.024167,0.026240,-1.527268,-0.458835,1.559651
250,0.490436,0.198589,-0.495181,0.038602,0.033934,0.036905,0.429647,-0.424367,1.588652
