label,x,y,z,w,h,l,roll,pitch,yaw
250,0.070868,0.056399,-0.222530,0.029192,0.027626,0.029685,2.728211,-0.468407,1.575278
250,-0.020010,0.062434,-0.230512,0.028802,0.033583,0.033614,2.012522,-0.681861,1.988909
125,-0.061299,0.174948,-0.442453,0.011274,0.010669,0.011464,1.034554,0.520414,2.854246
125,0.013602,0.103656,-0.326228,0.021105,0.019973,0.021461,1.609870,-0.467942,1.709158
125,0.083232,0.189539,-0.503081,0.018852,0.017952,0.019492,0.422002,1.063405,2.045339
