label,x,y,z,w,h,l,roll,pitch,yaw
125,0.191984,0.000402,-0.219141,0.015487,0.014656,0.015748,-2.622893,-0.560599,1.403729
125,0.201233,0.058069,-0.423682,0.015617,0.017409,0.015807,-0.799803,-0.261483,1.563358
125,0.092754,-0.012624,-0.162209,0.018085,0.021087,0.021107,2.911994,-0.822640,1.697331
125,-0.123451,0.041000,-0.321286,0.015019,0.017512,0.017528,1.300568,-0.113565,-3.110213
125,0.028181,0.092278,-0.534139,0.029871,0.028268,0.030375,0.556162,0.596644,2.040760
250,0.277328,0.069904,-0.434160,0.033130,0.029124,0.031674,-1.048253,-0.263463,1.561809
250,0.424393,0.092152,-0.513520,0.037536,0.035745,0.038811,0.725675,-0.260970,1.577679
250,0.046041,0.086850,-0.493143,0.032750,0.038187,0.038222,0.485240,-0.259601,1.575634
250,0.133475,0.078344,-0.485868,0.020792,0.024243,0.024266,-0.062150,-0.167011,1.564261
