label,x,y,z,w,h,l,roll,pitch,yaw
125,0.156984,0.026296,-0.229796,0.015487,0.014656,0.015748,-2.559357,-0.819697,1.362929
125,0.166233,0.135269,-0.412245,0.015617,0.017409,0.015807,-0.797563,-0.525087,1.562492
125,0.057754,-0.001114,-0.178225,0.018085,0.021087,0.021107,2.841746,-1.083218,1.755088
125,-0.158451,0.092108,-0.317834,0.015019,0.017512,0.017528,1.035695,-0.101457,-3.081625
250,0.242328,0.149426,-0.419277,0.033130,0.029124,0.031674,-1.045544,-0.527064,1.560757
250,0.098475,0.171047,-0.467000,0.020792,0.024243,0.024266,-0.060276,-0.430616,1.563704
