label,x,y,z,w,h,l,roll,pitch,yaw
125,0.121984,0.038619,-0.213512,0.015487,0.014656,0.015748,-2.592861,-0.697332,1.386019
125,0.131233,0.124043,-0.408102,0.015617,0.017409,0.015807,-0.798685,-0.400343,1.562994
125,0.022754,0.017838,-0.158931,0.018085,0.021087,0.021107,2.881523,-0.960190,1.721093
125,-0.193451,0.092965,-0.309055,0.015019,0.017512,0.017528,1.160952,-0.108126,-3.094743
125,-0.041819,0.173212,-0.512761,0.029871,0.028268,0.030375,0.485737,0.471666,2.004825
250,0.207328,0.137215,-0.416841,0.033130,0.029124,0.031674,-1.046901,-0.402322,1.561366
250,-0.023959,0.162162,-0.472910,0.032750,0.038187,0.038222,0.484513,-0.398464,1.575869
250,0.063475,0.152731,-0.466883,0.020792,0.024243,0.024266,-0.061201,-0.305872,1.564038
