label,x,y,z,w,h,l,roll,pitch,yaw
250,0.418932,0.115986,-0.462443,0.029192,0.027626,0.029685,-0.408533,-0.300094,1.566626
125,-0.018016,0.029502,-0.212326,0.015487,0.014656,0.015748,-2.614665,-0.600840,1.399214
125,-0.008767,0.095469,-0.414343,0.015617,0.017409,0.015807,-0.799485,-0.302306,1.563269
125,-0.117246,0.014163,-0.155973,0.018085,0.021087,0.021107,2.904070,-0.863123,1.703247
250,0.067329,0.107722,-0.424329,0.033130,0.029124,0.031674,-1.047869,-0.304286,1.561701
125,0.335257,0.146657,-0.555944,0.011274,0.010669,0.011464,0.386357,1.235994,1.977501
250,0.214393,0.133190,-0.502715,0.037536,0.035745,0.038811,0.725381,-0.301793,1.577761
250,-0.163959,0.127062,-0.482571,0.032750,0.038187,0.038222,0.485033,-0.300425,1.575691
250,-0.076525,0.118265,-0.475650,0.020792,0.024243,0.024266,-0.061877,-0.207834,1.564210
