label,x,y,z,w,h,l,roll,pitch,yaw
250,0.383932,0.141845,-0.456984,0.029192,0.027626,0.029685,-0.408089,-0.398375,1.566474
125,-0.053016,0.031236,-0.216560,0.015487,0.014656,0.015748,-2.592803,-0.697569,1.385982
125,-0.152246,0.010442,-0.161984,0.018085,0.021087,0.021107,2.881460,-0.960429,1.721144
250,0.032328,0.129881,-0.419865,0.033130,0.029124,0.031674,-1.046899,-0.402564,1.561365
125,0.300257,0.181542,-0.547024,0.011274,0.010669,0.011464,0.292446,1.144022,1.890216
250,0.179393,0.162918,-0.495374,0.037536,0.035745,0.038811,0.724639,-0.400072,1.578016
250,-0.198959,0.154842,-0.475929,0.032750,0.038187,0.038222,0.484512,-0.398706,1.575870
250,-0.111525,0.145409,-0.469904,0.020792,0.024243,0.024266,-0.061199,-0.306113,1.564038
