label,x,y,z,w,h,l,roll,pitch,yaw
250,0.348932,0.105533,-0.468219,0.029192,0.027626,0.029685,-0.408333,-0.345149,1.566563
250,0.439826,0.103927,-0.458485,0.028802,0.033583,0.033614,-0.827043,-0.082344,1.249372
125,-0.088016,0.007871,-0.222251,0.015487,0.014656,0.015748,-2.605040,-0.645212,1.393596
250,-0.002671,0.095560,-0.430516,0.033130,0.029124,0.031674,-1.047433,-0.349339,1.561561
125,0.265257,0.140383,-0.560243,0.011274,0.010669,0.011464,0.337890,1.194208,1.932056
250,0.144393,0.124533,-0.507675,0.037536,0.035745,0.038811,0.725048,-0.346847,1.577867
250,-0.233959,0.117503,-0.487828,0.032750,0.038187,0.038222,0.484799,-0.345480,1.575765
250,-0.146525,0.108404,-0.481310,0.020792,0.024243,0.024266,-0.061571,-0.252888,1.564140
