label,x,y,z,w,h,l,roll,pitch,yaw
125,-0.123016,0.005713,-0.237653,0.015487,0.014656,0.015748,-2.568345,-0.789669,1.369407
125,0.371380,0.080499,-0.368587,0.021105,0.019973,0.021461,-1.402057,-0.484580,1.431258
250,0.109394,0.162941,-0.502902,0.037536,0.035745,0.038811,0.723871,-0.493908,1.578349
250,-0.268959,0.153078,-0.484299,0.032750,0.038187,0.038222,0.483972,-0.492542,1.576103
250,-0.181525,0.143122,-0.479184,0.020792,0.024243,0.024266,-0.060512,-0.399949,1.563800
