label,x,y,z,w,h,l,roll,pitch,yaw
250,0.033933,0.089129,-0.473309,0.029192,0.027626,0.029685,-0.408372,-0.336669,1.566575
125,-0.393767,0.066867,-0.425991,0.015617,0.017409,0.015807,-0.799194,-0.338880,1.563177
250,-0.317671,0.079477,-0.435523,0.033130,0.029124,0.031674,-1.047516,-0.340860,1.561589
125,-0.002707,0.005415,-0.257729,0.010000,0.008791,0.009561,-0.429171,-1.188772,-1.112628
125,0.166497,0.012820,-0.235629,0.011274,0.010669,0.011464,-1.162503,-0.547580,-0.221527
125,0.091380,0.047156,-0.367460,0.021105,0.019973,0.021461,-1.424838,-0.330444,1.440314
125,0.022063,-0.020852,-0.182876,0.018852,0.017952,0.019492,-0.555343,-1.160431,-0.975907
250,-0.170606,0.107795,-0.512925,0.037536,0.035745,0.038811,0.725111,-0.338367,1.577846
250,-0.461525,0.091890,-0.486424,0.020792,0.024243,0.024266,-0.061629,-0.244408,1.564154
