label,x,y,z,w,h,l,roll,pitch,yaw
250,-0.001067,0.177103,-0.454815,0.029192,0.027626,0.029685,-0.407099,-0.589960,1.566002
250,0.089826,0.173186,-0.445761,0.028802,0.033583,0.033614,-0.746445,-0.314122,1.233384
250,-0.352671,0.158290,-0.420653,0.033130,0.029124,0.031674,-1.044732,-0.594141,1.560325
125,-0.037707,0.042036,-0.267092,0.010000,0.008791,0.009561,-0.236933,-0.951899,-1.282595
125,-0.084743,0.233219,-0.535649,0.011274,0.010669,0.011464,0.188097,0.959346,1.799206
125,0.131497,0.043667,-0.243842,0.011274,0.010669,0.011464,-0.884069,-0.474621,-0.358483
125,0.056380,0.109944,-0.362862,0.021105,0.019973,0.021461,-1.385814,-0.581324,1.422996
125,-0.012937,-0.002150,-0.201210,0.018852,0.017952,0.019492,-0.316405,-0.935538,-1.184480
250,-0.205606,0.205100,-0.488490,0.037536,0.035745,0.038811,0.722983,-0.591654,1.578808
