label,x,y,z,w,h,l,roll,pitch,yaw
250,-0.036067,0.156985,-0.457376,0.029192,0.027626,0.029685,-0.407563,-0.505023,1.566244
250,0.054826,0.153850,-0.448022,0.028802,0.033583,0.033614,-0.775320,-0.233859,1.241203
250,-0.387671,0.141138,-0.421741,0.033130,0.029124,0.031674,-1.045749,-0.509208,1.560858
125,-0.072707,0.038331,-0.258871,0.010000,0.008791,0.009561,-0.284011,-1.032861,-1.243140
125,-0.119743,0.206041,-0.542679,0.011274,0.010669,0.011464,0.226167,1.041772,1.831281
125,0.096497,0.041928,-0.235843,0.011274,0.010669,0.011464,-0.974854,-0.502740,-0.315835
125,0.021380,0.097869,-0.360057,0.021105,0.019973,0.021461,-1.400030,-0.497266,1.430302
125,-0.047937,-0.000107,-0.189478,0.018852,0.017952,0.019492,-0.376871,-1.013422,-1.134407
250,-0.240606,0.182024,-0.493304,0.037536,0.035745,0.038811,0.723760,-0.506719,1.578402
