label,x,y,z,w,h,l,roll,pitch,yaw
250,-0.071067,0.076382,-0.480862,0.029192,0.027626,0.029685,-0.408239,-0.365897,1.566530
250,-0.422671,0.065629,-0.443374,0.033130,0.029124,0.031674,-1.047227,-0.370087,1.561489
125,-0.107707,-0.013598,-0.267820,0.010000,0.008791,0.009561,-0.396620,-1.162364,-1.142673
125,-0.154743,0.113134,-0.572144,0.011274,0.010669,0.011464,0.318880,1.174734,1.914447
125,0.061497,-0.006841,-0.245513,0.011274,0.010669,0.011464,-1.129239,-0.540912,-0.238751
125,-0.013620,0.031333,-0.376285,0.021105,0.019973,0.021461,-1.420776,-0.359421,1.438940
125,-0.082937,-0.042041,-0.193767,0.018852,0.017952,0.019492,-0.516458,-1.135933,-1.011374
250,-0.275606,0.096197,-0.519916,0.037536,0.035745,0.038811,0.724890,-0.367595,1.577922
