label,x,y,z,w,h,l,roll,pitch,yaw
125,-0.191762,0.089642,-0.495011,0.015487,0.014656,0.015748,0.411064,-0.117056,1.712613
125,-0.201350,0.004825,-0.300172,0.015617,0.017409,0.015807,2.335026,-0.423867,1.578692
125,0.123498,0.056214,-0.389776,0.015019,0.017512,0.017528,-1.151349,0.106215,0.047238
125,-0.028483,-0.038719,-0.192753,0.029871,0.028268,0.030375,-1.861796,-1.125242,0.522592
250,-0.277467,0.007405,-0.284680,0.033130,0.029124,0.031674,2.085508,-0.421875,1.580316
250,-0.046277,-0.016959,-0.227953,0.032750,0.038187,0.038222,-2.654590,-0.425778,1.565678
250,-0.133697,-0.018884,-0.239097,0.020792,0.024243,0.024266,3.073004,-0.518343,1.578402
