label,x,y,z,w,h,l,roll,pitch,yaw
125,-0.156762,0.188923,-0.462580,0.015487,0.014656,0.015748,0.384764,-0.294214,1.718005
125,-0.166350,0.070768,-0.285956,0.015617,0.017409,0.015807,2.333319,-0.602875,1.579534
125,-0.057440,0.223687,-0.509312,0.018085,0.021087,0.021107,-0.134699,-0.037727,1.483935
125,0.158498,0.137291,-0.364978,0.015019,0.017512,0.017528,-0.971699,0.096109,0.065430
125,0.006517,0.008793,-0.188008,0.029871,0.028268,0.030375,-1.440030,-1.184346,0.135703
250,-0.242467,0.070548,-0.270252,0.033130,0.029124,0.031674,2.083453,-0.600880,1.581326
250,-0.011277,0.036473,-0.218771,0.032750,0.038187,0.038222,-2.653482,-0.604789,1.565130
250,-0.098697,0.036563,-0.230079,0.020792,0.024243,0.024266,3.071238,-0.697351,1.579414
