label,x,y,z,w,h,l,roll,pitch,yaw
125,-0.121763,0.143605,-0.468205,0.015487,0.014656,0.015748,0.419458,-0.058327,1.711878
125,-0.131350,0.070489,-0.268680,0.015617,0.017409,0.015807,2.335527,-0.364548,1.578500
125,-0.022440,0.166354,-0.521824,0.018085,0.021087,0.021107,-0.155596,0.199700,1.482232
125,0.193498,0.116475,-0.361173,0.015019,0.017512,0.017528,-1.210957,0.108828,0.040840
125,0.041517,0.033390,-0.158869,0.029871,0.028268,0.030375,-1.973763,-1.093047,0.622872
250,-0.207467,0.073982,-0.253368,0.033130,0.029124,0.031674,2.086111,-0.362557,1.580086
250,0.023723,0.053024,-0.195297,0.032750,0.038187,0.038222,-2.654915,-0.366458,1.565804
250,-0.063697,0.050442,-0.206307,0.020792,0.024243,0.024266,3.073507,-0.459024,1.578165
