label,x,y,z,w,h,l,roll,pitch,yaw
125,-0.086763,0.027129,-0.500767,0.015487,0.014656,0.015748,0.430439,0.019059,1.711662
125,-0.096350,-0.030185,-0.296143,0.015617,0.017409,0.015807,2.336154,-0.286389,1.578299
125,0.012560,0.045621,-0.555999,0.018085,0.021087,0.021107,-0.162777,0.277549,1.480534
125,0.228498,0.008439,-0.391944,0.015019,0.017512,0.017528,-1.289543,0.111682,0.032188
125,0.076517,-0.058597,-0.183770,0.029871,0.028268,0.030375,-2.100219,-1.043912,0.733774
250,-0.172467,-0.025507,-0.281150,0.033130,0.029124,0.031674,2.086867,-0.284399,1.579845
125,-0.511768,0.041180,-0.545239,0.018852,0.017952,0.019492,0.658496,1.214560,2.260910
250,0.058723,-0.041867,-0.221620,0.032750,0.038187,0.038222,-2.655321,-0.288298,1.565935
