label,x,y,z,w,h,l,roll,pitch,yaw
125,-0.051763,0.136297,-0.477914,0.015487,0.014656,0.015748,0.404982,-0.159122,1.713450
125,-0.061350,0.043280,-0.286854,0.015617,0.017409,0.015807,2.334651,-0.466361,1.578854
125,0.047560,0.164378,-0.528943,0.018085,0.021087,0.021107,-0.146563,0.098276,1.483575
125,0.111517,-0.004788,-0.181382,0.029871,0.028268,0.030375,-1.772560,-1.144964,0.441680
250,-0.137467,0.045199,-0.271266,0.033130,0.029124,0.031674,2.085055,-0.464369,1.580510
125,-0.452124,0.122295,-0.448312,0.010000,0.008791,0.009561,0.318850,1.084929,1.928091
125,-0.476768,0.158083,-0.519152,0.018852,0.017952,0.019492,0.421827,1.063240,2.045186
250,0.093723,0.018447,-0.215625,0.032750,0.038187,0.038222,-2.654346,-0.468273,1.565573
250,0.006303,0.016997,-0.226841,0.020792,0.024243,0.024266,3.072623,-0.560837,1.578598
