label,x,y,z,w,h,l,roll,pitch,yaw
125,-0.026350,0.048469,-0.276005,0.015617,0.017409,0.015807,2.335655,-0.349000,1.578455
125,0.082560,0.140387,-0.530609,0.018085,0.021087,0.021107,-0.157004,0.215187,1.481942
125,0.298498,0.093012,-0.369202,0.015019,0.017512,0.017528,-1.226585,0.109449,0.039137
125,0.146517,0.013082,-0.165630,0.029871,0.028268,0.030375,-2.000751,-1.083826,0.646782
250,-0.102467,0.052200,-0.260749,0.033130,0.029124,0.031674,2.086265,-0.347010,1.580032
125,-0.417124,0.108035,-0.445605,0.010000,0.008791,0.009561,0.430051,1.192823,2.029245
125,-0.441768,0.135281,-0.520148,0.018852,0.017952,0.019492,0.557554,1.164399,2.167178
250,0.128723,0.032147,-0.202359,0.032750,0.038187,0.038222,-2.654997,-0.350910,1.565833
250,0.041303,0.029395,-0.213327,0.020792,0.024243,0.024266,3.073634,-0.443476,1.578110
