label,x,y,z,w,h,l,roll,pitch,yaw
125,0.053238,0.221415,-0.436769,0.015487,0.014656,0.015748,0.394356,-0.231192,1.715512
125,0.043650,0.114744,-0.252983,0.015617,0.017409,0.015807,2.333967,-0.539178,1.579183
125,0.152560,0.253134,-0.485620,0.018085,0.021087,0.021107,-0.140223,0.025732,1.483968
250,-0.032467,0.115523,-0.237297,0.033130,0.029124,0.031674,2.084233,-0.537184,1.580906
125,-0.347124,0.205297,-0.408265,0.010000,0.008791,0.009561,0.270513,1.016171,1.886123
125,-0.371768,0.246143,-0.476314,0.018852,0.017952,0.019492,0.360509,0.997581,1.992573
250,-0.179663,0.074163,-0.166277,0.037536,0.035745,0.038811,-2.411758,-0.539716,1.563059
250,0.198723,0.084794,-0.183750,0.032750,0.038187,0.038222,-2.653903,-0.541091,1.565358
250,0.111303,0.084165,-0.195041,0.020792,0.024243,0.024266,3.071918,-0.633654,1.578994
