label,x,y,z,w,h,l,roll,pitch,yaw
125,0.123237,0.105615,-0.490296,0.015487,0.014656,0.015748,0.407866,-0.139240,1.713022
125,0.113650,0.016454,-0.297407,0.015617,0.017409,0.015807,2.334830,-0.446276,1.578775
125,0.222560,0.132666,-0.541879,0.018085,0.021087,0.021107,-0.148325,0.118286,1.483385
250,0.037533,0.018686,-0.281861,0.033130,0.029124,0.031674,2.085272,-0.444284,1.580416
125,-0.277124,0.092211,-0.460419,0.010000,0.008791,0.009561,0.334450,1.103698,1.941954
125,-0.446299,0.113186,-0.471058,0.011274,0.010669,0.011464,1.056621,0.525949,2.865272
125,-0.301768,0.126568,-0.531964,0.018852,0.017952,0.019492,0.441331,1.081029,2.062316
250,-0.109663,-0.015908,-0.207310,0.037536,0.035745,0.038811,-2.412553,-0.446814,1.563436
250,0.181303,-0.008618,-0.236878,0.020792,0.024243,0.024266,3.072805,-0.540752,1.578502
