label,x,y,z,w,h,l,roll,pitch,yaw
125,0.183650,0.063250,-0.270441,0.015617,0.017409,0.015807,2.335686,-0.345203,1.578444
125,0.292560,0.154200,-0.525392,0.018085,0.021087,0.021107,-0.157349,0.218970,1.481868
250,0.107533,0.067039,-0.255199,0.033130,0.029124,0.031674,2.086302,-0.343212,1.580020
125,-0.207124,0.122172,-0.440266,0.010000,0.008791,0.009561,0.434645,1.196225,2.033518
125,-0.376299,0.141967,-0.452967,0.011274,0.010669,0.011464,1.170787,0.550695,2.923856
125,-0.301398,0.085221,-0.328987,0.021105,0.019973,0.021461,1.627577,-0.348061,1.702119
125,-0.231768,0.149134,-0.514912,0.018852,0.017952,0.019492,0.562990,1.167536,2.172174
250,-0.039663,0.040145,-0.177539,0.037536,0.035745,0.038811,-2.413343,-0.345740,1.563741
