label,x,y,z,w,h,l,roll,pitch,yaw
250,-0.104132,0.038674,-0.235139,0.029192,0.027626,0.029685,2.727983,-0.512731,1.575385
250,-0.195010,0.045057,-0.242846,0.028802,0.033583,0.033614,1.988541,-0.722229,2.004399
125,0.333237,0.160531,-0.469278,0.015487,0.014656,0.015748,0.398578,-0.202809,1.714603
125,0.432560,0.190836,-0.519018,0.018085,0.021087,0.021107,-0.142713,0.054305,1.483868
250,0.247533,0.060403,-0.266851,0.033130,0.029124,0.031674,2.084565,-0.508505,1.580740
125,-0.020614,-0.008210,-0.148472,0.011274,0.010669,0.011464,-0.228972,-1.052401,-1.308659
125,-0.161398,0.090479,-0.336641,0.021105,0.019973,0.021461,1.602860,-0.511833,1.712457
125,-0.091768,0.184115,-0.509515,0.018852,0.017952,0.019492,0.383076,1.023636,2.011692
250,0.100337,0.021096,-0.194674,0.037536,0.035745,0.038811,-2.412012,-0.511037,1.563186
