label,x,y,z,w,h,l,roll,pitch,yaw
250,0.035868,0.035808,-0.238712,0.029192,0.027626,0.029685,2.727868,-0.534274,1.575443
250,-0.055010,0.042355,-0.246281,0.028802,0.033583,0.033614,1.976266,-0.741741,2.012604
125,0.473238,0.162680,-0.470172,0.015487,0.014656,0.015748,0.395412,-0.224129,1.715274
125,0.072876,0.146765,-0.441553,0.010000,0.008791,0.009561,0.274763,1.022952,1.889743
125,0.119386,-0.012933,-0.153075,0.011274,0.010669,0.011464,-0.218100,-1.031567,-1.318047
125,-0.096299,0.168575,-0.450356,0.011274,0.010669,0.011464,0.962541,0.500628,2.819045
125,-0.021398,0.089787,-0.339075,0.021105,0.019973,0.021461,1.599329,-0.533158,1.714219
