label,x,y,z,w,h,l,roll,pitch,yaw
250,0.070868,0.012513,-0.233366,0.029192,0.027626,0.029685,2.728798,-0.344693,1.575045
250,-0.020010,0.017517,-0.242033,0.028802,0.033583,0.033614,2.071991,-0.567905,1.954056
125,0.107876,0.083258,-0.453482,0.010000,0.008791,0.009561,0.438008,1.198674,2.036649
125,-0.061299,0.103018,-0.466238,0.011274,0.010669,0.011464,1.173926,0.551284,2.925499
125,0.013602,0.046612,-0.342103,0.021105,0.019973,0.021461,1.627958,-0.345345,1.701990
125,0.083232,0.110016,-0.528202,0.018852,0.017952,0.019492,0.566960,1.169792,2.175828
