label,x,y,z,w,h,l,roll,pitch,yaw
125,0.160399,0.055259,-0.221609,0.009550,0.011135,0.011145,-0.361488,-0.931123,-1.130388
250,0.091905,0.049409,-0.205963,0.028651,0.025186,0.027392,2.928796,-0.602177,1.573342
250,0.033785,0.032304,-0.172650,0.042700,0.040409,0.043421,2.687847,-0.601396,1.576080
250,-0.028883,0.049390,-0.201005,0.032432,0.037815,0.037850,2.304993,-0.667726,1.668209
250,0.330963,0.160777,-0.363342,0.041723,0.039733,0.043140,-1.366535,-0.590405,1.558993
250,-0.124730,0.091776,-0.272204,0.024768,0.028879,0.028906,1.460909,-0.641631,2.235331
