label,x,y,z,w,h,l,roll,pitch,yaw
250,0.416319,0.148818,-0.393788,0.041420,0.039198,0.042119,1.049364,-0.415841,1.580296
125,0.074750,0.189514,-0.487101,0.011274,0.010669,0.011464,0.190077,1.141767,1.779296
125,0.225087,0.153664,-0.428931,0.010403,0.011597,0.010530,-1.056443,0.591109,0.305082
125,0.125399,0.057792,-0.209327,0.009550,0.011135,0.011145,-0.517023,-1.081600,-0.998530
250,0.056905,0.054700,-0.192912,0.028651,0.025186,0.027392,2.929274,-0.430582,1.573105
250,-0.001215,0.043534,-0.157167,0.042700,0.040409,0.043421,2.688840,-0.429802,1.575589
250,-0.063883,0.055528,-0.188023,0.032432,0.037815,0.037850,2.323886,-0.496854,1.657781
250,0.295963,0.137559,-0.366997,0.041723,0.039733,0.043140,-1.368741,-0.418820,1.560064
250,-0.159730,0.085134,-0.265415,0.024768,0.028879,0.028906,1.581388,-0.502968,2.169871
