label,x,y,z,w,h,l,roll,pitch,yaw
250,0.381319,0.123243,-0.405342,0.041420,0.039198,0.042119,1.049340,-0.418196,1.580306
125,0.090399,0.031782,-0.221096,0.009550,0.011135,0.011145,-0.514319,-1.079619,-1.000916
250,0.021905,0.028651,-0.204688,0.028651,0.025186,0.027392,2.929268,-0.432937,1.573108
250,-0.036215,0.017402,-0.168970,0.042700,0.040409,0.043421,2.688827,-0.432157,1.575594
250,-0.098883,0.029468,-0.199797,0.032432,0.037815,0.037850,2.323653,-0.499200,1.657892
250,0.260963,0.111920,-0.378577,0.041723,0.039733,0.043140,-1.368714,-0.421175,1.560052
250,-0.194730,0.059256,-0.277119,0.024768,0.028879,0.028906,1.579870,-0.504912,2.170603
