label,x,y,z,w,h,l,roll,pitch,yaw
250,0.346319,0.166270,-0.395515,0.041420,0.039198,0.042119,1.047298,-0.596709,1.581302
125,0.055399,0.043545,-0.230438,0.009550,0.011135,0.011145,-0.354933,-0.922717,-1.135631
250,-0.013095,0.037551,-0.214847,0.028651,0.025186,0.027392,2.928767,-0.611459,1.573359
250,-0.071215,0.020137,-0.181694,0.042700,0.040409,0.043421,2.687787,-0.610677,1.576114
250,-0.133883,0.037486,-0.209889,0.032432,0.037815,0.037850,2.303835,-0.676964,1.668930
250,0.225963,0.150375,-0.371186,0.041723,0.039733,0.043140,-1.366403,-0.599686,1.558919
250,-0.229730,0.080531,-0.280692,0.024768,0.028879,0.028906,1.453724,-0.648926,2.239652
