label,x,y,z,w,h,l,roll,pitch,yaw
250,0.311319,0.100251,-0.409754,0.041420,0.039198,0.042119,1.050276,-0.324714,1.579966
125,0.120087,0.101878,-0.445191,0.010403,0.011597,0.010530,-1.162985,0.615867,0.244575
125,0.020399,0.026389,-0.217774,0.009550,0.011135,0.011145,-0.639480,-1.155506,-0.888282
250,-0.048095,0.024804,-0.201146,0.028651,0.025186,0.027392,2.929497,-0.339451,1.573021
250,-0.106215,0.016938,-0.164533,0.042700,0.040409,0.043421,2.689302,-0.338672,1.575416
250,-0.168883,0.026074,-0.196353,0.032432,0.037815,0.037850,2.332492,-0.406052,1.654022
250,0.190963,0.091477,-0.382049,0.041723,0.039733,0.043140,-1.369773,-0.327694,1.560440
250,-0.264730,0.048514,-0.276117,0.024768,0.028879,0.028906,1.637796,-0.427040,2.144552
