label,x,y,z,w,h,l,roll,pitch,yaw
250,0.241319,0.181780,-0.379593,0.041420,0.039198,0.042119,1.048423,-0.502797,1.580714
125,-0.100250,0.230426,-0.469018,0.011274,0.010669,0.011464,0.153530,1.056396,1.746711
125,0.050087,0.189659,-0.414181,0.010403,0.011597,0.010530,-0.958342,0.562751,0.358627
125,-0.049601,0.075077,-0.203734,0.009550,0.011135,0.011145,-0.428942,-1.006688,-1.074742
250,-0.118095,0.070571,-0.187650,0.028651,0.025186,0.027392,2.929043,-0.517542,1.573211
250,-0.176215,0.056343,-0.153010,0.042700,0.040409,0.043421,2.688361,-0.516761,1.575808
125,0.338521,0.221800,-0.471567,0.009550,0.011135,0.011145,0.267299,1.042424,1.877862
125,0.472652,0.236368,-0.484294,0.012803,0.014273,0.012959,-0.729702,0.860148,0.703010
250,0.120963,0.168236,-0.353880,0.041723,0.039733,0.043140,-1.367676,-0.505775,1.559588
