label,x,y,z,w,h,l,roll,pitch,yaw
250,0.206319,0.151018,-0.406007,0.041420,0.039198,0.042119,1.047283,-0.597921,1.581311
250,0.138226,-0.002087,-0.187573,0.031429,0.036646,0.036679,1.994686,-0.888808,2.110713
125,0.015087,0.162147,-0.439691,0.010403,0.011597,0.010530,-0.855257,0.526957,0.412099
125,-0.084601,0.028094,-0.241079,0.009550,0.011135,0.011145,-0.354088,-0.921618,-1.136304
250,-0.153095,0.022080,-0.225495,0.028651,0.025186,0.027392,2.928763,-0.612670,1.573361
250,-0.211215,0.004626,-0.192363,0.042700,0.040409,0.043421,2.687779,-0.611889,1.576119
250,0.085963,0.135094,-0.381697,0.041723,0.039733,0.043140,-1.366385,-0.600897,1.558909
