label,x,y,z,w,h,l,roll,pitch,yaw
250,0.171319,0.168866,-0.390129,0.041420,0.039198,0.042119,1.047775,-0.558228,1.581042
250,0.103226,0.024549,-0.165792,0.031429,0.036646,0.036679,2.025761,-0.854516,2.086924
125,-0.170250,0.222392,-0.476722,0.011274,0.010669,0.011464,0.135534,1.001741,1.731285
125,-0.019913,0.178649,-0.424228,0.010403,0.011597,0.010530,-0.897727,0.542464,0.390453
125,-0.119601,0.052583,-0.220453,0.009550,0.011135,0.011145,-0.383113,-0.957429,-1.112869
250,-0.188095,0.047193,-0.204643,0.028651,0.025186,0.027392,2.928884,-0.572976,1.573293
125,0.268521,0.213920,-0.479745,0.009550,0.011135,0.011145,0.236802,0.989364,1.851931
125,0.402652,0.229171,-0.491646,0.012803,0.014273,0.012959,-0.667481,0.823322,0.749428
250,0.050963,0.153918,-0.365207,0.041723,0.039733,0.043140,-1.366942,-0.561206,1.559215
