label,x,y,z,w,h,l,roll,pitch,yaw
250,0.136319,0.095632,-0.410946,0.041420,0.039198,0.042119,1.050330,-0.319201,1.579949
250,0.068226,0.008535,-0.158817,0.031429,0.036646,0.036679,2.172016,-0.640504,1.986831
125,-0.205250,0.127134,-0.507750,0.011274,0.010669,0.011464,0.250860,1.235757,1.835762
125,-0.054913,0.097064,-0.446391,0.010403,0.011597,0.010530,-1.169543,0.617192,0.240782
125,-0.154601,0.022830,-0.218562,0.009550,0.011135,0.011145,-0.648183,-1.159770,-0.880312
125,0.233521,0.118188,-0.508681,0.009550,0.011135,0.011145,0.425753,1.213507,2.021611
125,0.194466,0.022381,-0.216801,0.009550,0.011135,0.011145,0.906185,-1.028111,-2.550632
125,0.367652,0.130187,-0.523854,0.012803,0.014273,0.012959,-0.976916,0.965263,0.506782
250,0.015963,0.087011,-0.383193,0.041723,0.039733,0.043140,-1.369833,-0.322182,1.560459
