label,x,y,z,w,h,l,roll,pitch,yaw
250,0.101319,0.170545,-0.386339,0.041420,0.039198,0.042119,1.048273,-0.515882,1.580787
250,0.033226,0.035856,-0.156093,0.031429,0.036646,0.036679,2.056308,-0.817446,2.064255
125,-0.240250,0.220357,-0.475120,0.011274,0.010669,0.011464,0.148979,1.043507,1.742763
125,-0.089913,0.178876,-0.420821,0.010403,0.011597,0.010530,-0.943896,0.558111,0.366306
125,-0.189601,0.061550,-0.211892,0.009550,0.011135,0.011145,-0.417501,-0.995149,-1.084375
125,0.198521,0.211765,-0.477782,0.009550,0.011135,0.011145,0.259617,1.029937,1.871252
125,0.159466,0.060766,-0.210253,0.009550,0.011135,0.011145,0.641918,-0.900412,-2.332651
250,-0.019037,0.156666,-0.360806,0.041723,0.039733,0.043140,-1.367507,-0.518860,1.559505
