label,x,y,z,w,h,l,roll,pitch,yaw
250,0.066319,0.208644,-0.365050,0.041420,0.039198,0.042119,1.047704,-0.564046,1.581080
250,-0.001774,0.063025,-0.141556,0.031429,0.036646,0.036679,2.021363,-0.859571,2.090249
125,-0.275250,0.262673,-0.451330,0.011274,0.010669,0.011464,0.133824,0.995998,1.729847
125,-0.124913,0.218625,-0.399091,0.010403,0.011597,0.010530,-0.891454,0.540241,0.393686
125,0.163521,0.254219,-0.454402,0.009550,0.011135,0.011145,0.233888,0.983773,1.849501
125,0.124466,0.090514,-0.194453,0.009550,0.011135,0.011145,0.590665,-0.864900,-2.293052
125,0.297652,0.269539,-0.466214,0.012803,0.014273,0.012959,-0.661243,0.819349,0.753995
250,-0.054037,0.193552,-0.340214,0.041723,0.039733,0.043140,-1.366862,-0.567023,1.559172
