label,x,y,z,w,h,l,roll,pitch,yaw
250,0.031319,0.080621,-0.415343,0.041420,0.039198,0.042119,1.050424,-0.309376,1.579920
250,-0.036774,-0.003994,-0.162372,0.031429,0.036646,0.036679,2.176936,-0.631511,1.983909
125,-0.310250,0.111171,-0.512453,0.011274,0.010669,0.011464,0.258904,1.245230,1.843371
125,-0.159913,0.081705,-0.450802,0.010403,0.011597,0.010530,-1.181263,0.619503,0.233988
125,0.128521,0.102215,-0.513295,0.009550,0.011135,0.011145,0.438290,1.222326,2.033376
125,0.089466,0.009282,-0.220489,0.009550,0.011135,0.011145,0.922128,-1.033530,-2.564307
125,0.262652,0.114065,-0.528586,0.012803,0.014273,0.012959,-0.992112,0.969978,0.494267
250,-0.089036,0.072273,-0.387507,0.041723,0.039733,0.043140,-1.369940,-0.312357,1.560493
