label,x,y,z,w,h,l,roll,pitch,yaw
250,-0.003681,0.088012,-0.416260,0.041420,0.039198,0.042119,1.049877,-0.365416,1.580101
250,-0.071774,-0.010640,-0.168425,0.031429,0.036646,0.036679,2.147951,-0.682641,2.001619
125,-0.345250,0.123952,-0.511506,0.011274,0.010669,0.011464,0.218222,1.190968,1.805179
125,-0.194913,0.091080,-0.451602,0.010403,0.011597,0.010530,-1.114949,0.605466,0.272123
125,0.093521,0.115059,-0.512849,0.009550,0.011135,0.011145,0.373963,1.171422,1.973471
125,0.054466,0.005870,-0.225707,0.009550,0.011135,0.011145,0.834987,-1.001197,-2.490151
125,0.227652,0.127746,-0.527452,0.012803,0.014273,0.012959,-0.908215,0.941695,0.562814
250,-0.124036,0.078117,-0.388935,0.041723,0.039733,0.043140,-1.369321,-0.368395,1.560286
