label,x,y,z,w,h,l,roll,pitch,yaw
250,-0.038681,0.116470,-0.412745,0.041420,0.039198,0.042119,1.048730,-0.475289,1.580570
250,-0.106774,-0.008764,-0.177222,0.031429,0.036646,0.036679,2.083392,-0.781506,2.044832
125,-0.380250,0.162638,-0.503475,0.011274,0.010669,0.011464,0.163810,1.083458,1.755729
125,0.058521,0.153945,-0.505785,0.009550,0.011135,0.011145,0.284572,1.068584,1.892893
125,0.019466,0.013928,-0.232349,0.009550,0.011135,0.011145,0.688748,-0.929267,-2.369769
125,0.192652,0.168157,-0.518909,0.012803,0.014273,0.012959,-0.762549,0.877671,0.677925
