label,x,y,z,w,h,l,roll,pitch,yaw
250,-0.073681,0.054523,-0.420371,0.041420,0.039198,0.042119,1.050867,-0.262483,1.579795
250,-0.141774,-0.018141,-0.163711,0.031429,0.036646,0.036679,2.199563,-0.588437,1.970943
125,-0.264913,0.053942,-0.455841,0.010403,0.011597,0.010530,-1.237713,0.629624,0.200974
125,0.023521,0.071501,-0.519228,0.009550,0.011135,0.011145,0.507530,1.263608,2.098945
125,-0.015534,-0.007604,-0.222387,0.009550,0.011135,0.011145,1.002246,-1.057763,-2.633643
125,0.157652,0.082621,-0.535057,0.012803,0.014273,0.012959,-1.067502,0.990934,0.431624
250,-0.194036,0.047488,-0.392174,0.041723,0.039733,0.043140,-1.370440,-0.265464,1.560635
