label,x,y,z,w,h,l,roll,pitch,yaw
250,-0.108681,0.164155,-0.396659,0.041420,0.039198,0.042119,1.047283,-0.597921,1.581311
250,-0.176774,0.011049,-0.178226,0.031429,0.036646,0.036679,1.994686,-0.888809,2.110714
125,-0.011479,0.212730,-0.484416,0.009550,0.011135,0.011145,0.217842,0.951141,1.836286
125,-0.050534,0.040315,-0.230162,0.009550,0.011135,0.011145,0.557142,-0.839198,-2.267818
125,0.122652,0.228441,-0.495703,0.012803,0.014273,0.012959,-0.625948,0.795842,0.779503
250,-0.229036,0.148230,-0.372350,0.041723,0.039733,0.043140,-1.366385,-0.600898,1.558909
