label,x,y,z,w,h,l,roll,pitch,yaw
250,-0.143681,0.112371,-0.405740,0.041420,0.039198,0.042119,1.050110,-0.341792,1.580020
125,-0.485250,0.146052,-0.501808,0.011274,0.010669,0.011464,0.233926,1.213907,1.819831
125,-0.046479,0.137129,-0.502941,0.009550,0.011135,0.011145,0.399064,1.193050,1.996703
125,-0.085534,0.034754,-0.213300,0.009550,0.011135,0.011145,0.870611,-1.015239,-2.520286
125,0.087652,0.149468,-0.517839,0.012803,0.014273,0.012959,-0.942763,0.954021,0.534754
250,-0.264037,0.103125,-0.378189,0.041723,0.039733,0.043140,-1.369585,-0.344772,1.560378
