label,x,y,z,w,h,l,roll,pitch,yaw
250,-0.178681,0.122265,-0.404086,0.041420,0.039198,0.042119,1.049568,-0.396106,1.580216
125,-0.081479,0.152263,-0.499799,0.009550,0.011135,0.011145,0.344971,1.143025,1.946920
125,-0.120534,0.034314,-0.216144,0.009550,0.011135,0.011145,0.791024,-0.982138,-2.453353
125,0.052652,0.165392,-0.514006,0.012803,0.014273,0.012959,-0.865085,0.924868,0.597475
250,-0.299036,0.111536,-0.377078,0.041723,0.039733,0.043140,-1.368971,-0.399085,1.560155
