label,x,y,z,w,h,l,roll,pitch,yaw
250,-0.213681,0.099880,-0.416157,0.041420,0.039198,0.042119,1.049245,-0.427264,1.580345
125,-0.116479,0.132845,-0.510889,0.009550,0.011135,0.011145,0.319028,1.113909,1.923471
125,-0.155534,0.006116,-0.231046,0.009550,0.011135,0.011145,0.748939,-0.961926,-2.418586
125,0.017652,0.146411,-0.524680,0.012803,0.014273,0.012959,-0.823271,0.906911,0.630641
250,-0.334036,0.088315,-0.389496,0.041723,0.039733,0.043140,-1.368606,-0.430243,1.560008
