label,x,y,z,w,h,l,roll,pitch,yaw
250,-0.248681,0.120157,-0.402489,0.041420,0.039198,0.042119,1.050267,-0.325699,1.579969
125,-0.151479,0.143347,-0.500075,0.009550,0.011135,0.011145,0.417783,1.207648,2.014152
125,-0.190534,0.045647,-0.208824,0.009550,0.011135,0.011145,0.895799,-1.024467,-2.541748
125,-0.017348,0.155445,-0.515170,0.012803,0.014273,0.012959,-0.966980,0.962085,0.514942
250,-0.369036,0.111356,-0.374792,0.041723,0.039733,0.043140,-1.369762,-0.328680,1.560437
