label,x,y,z,w,h,l,roll,pitch,yaw
250,-0.382913,0.196353,-0.511660,0.031429,0.036646,0.036679,-0.691504,-0.062587,1.239572
125,-0.110024,0.045313,-0.175019,0.011274,0.010669,0.011464,-0.184516,-1.137741,-1.368003
250,-0.091664,0.176169,-0.470958,0.028651,0.025186,0.027392,-0.212015,-0.415447,1.568487
250,-0.033484,0.195489,-0.502930,0.042700,0.040409,0.043421,-0.450416,-0.416223,1.566018
250,0.029131,0.180299,-0.473403,0.032432,0.037815,0.037850,-0.750040,-0.346644,1.489376
250,0.124846,0.141924,-0.399793,0.024768,0.028879,0.028906,-1.113706,-0.224748,1.039066
