label,x,y,z,w,h,l,roll,pitch,yaw
250,-0.347913,0.211612,-0.508217,0.031429,0.036646,0.036679,-0.664843,-0.139406,1.236882
125,-0.075024,0.033742,-0.184949,0.011274,0.010669,0.011464,-0.151191,-1.057894,-1.397693
125,-0.225253,0.058884,-0.248741,0.010403,0.011597,0.010530,0.960331,-0.561894,-2.784799
125,-0.125183,0.176967,-0.457061,0.009550,0.011135,0.011145,0.427783,1.008472,2.065098
250,-0.056664,0.188191,-0.469288,0.028651,0.025186,0.027392,-0.211802,-0.496714,1.568393
250,0.001516,0.210042,-0.499587,0.042700,0.040409,0.043421,-0.449975,-0.497490,1.565823
250,0.064131,0.192505,-0.471390,0.032432,0.037815,0.037850,-0.742784,-0.427634,1.486634
250,-0.296029,0.098823,-0.298883,0.041723,0.039733,0.043140,1.761427,-0.508411,1.582025
250,0.159846,0.148282,-0.401138,0.024768,0.028879,0.028906,-1.070681,-0.294578,1.028010
