label,x,y,z,w,h,l,roll,pitch,yaw
250,-0.277913,0.132630,-0.538744,0.031429,0.036646,0.036679,-0.696636,-0.047677,1.239855
125,-0.005024,-0.013085,-0.199764,0.011274,0.010669,0.011464,-0.192345,-1.153172,-1.360871
125,-0.155253,0.005758,-0.265692,0.010403,0.011597,0.010530,1.070027,-0.593081,-2.844734
125,-0.055183,0.103103,-0.484472,0.009550,0.011135,0.011145,0.527695,1.091909,2.151866
250,0.071516,0.131903,-0.530002,0.042700,0.040409,0.043421,-0.450498,-0.400458,1.566050
250,0.134131,0.117181,-0.500239,0.032432,0.037815,0.037850,-0.751396,-0.330931,1.489826
125,-0.404247,0.104170,-0.486590,0.009550,0.011135,0.011145,-0.781124,0.975659,0.695827
250,-0.226029,0.040652,-0.319468,0.041723,0.039733,0.043140,1.762614,-0.411383,1.581498
250,0.229846,0.079971,-0.426033,0.024768,0.028879,0.028906,-1.121881,-0.211152,1.040833
