label,x,y,z,w,h,l,roll,pitch,yaw
250,-0.206430,0.076879,-0.280411,0.041420,0.039198,0.042119,-2.084756,-0.541951,1.560662
250,-0.137913,0.211343,-0.510664,0.031429,0.036646,0.036679,-0.654697,-0.168235,1.235328
125,0.134976,0.023690,-0.192974,0.011274,0.010669,0.011464,-0.141018,-1.027804,-1.406482
125,-0.015253,0.050767,-0.255969,0.010403,0.011597,0.010530,0.926762,-0.550979,-2.767068
250,0.153336,0.186744,-0.472468,0.028651,0.025186,0.027392,-0.211717,-0.527237,1.568351
250,0.211516,0.209510,-0.502085,0.042700,0.040409,0.043421,-0.449799,-0.528012,1.565736
250,0.274131,0.191121,-0.474437,0.032432,0.037815,0.037850,-0.739924,-0.458047,1.485408
250,-0.086029,0.092218,-0.304869,0.041723,0.039733,0.043140,1.761028,-0.538932,1.582225
250,0.369846,0.144774,-0.405567,0.024768,0.028879,0.028906,-1.054070,-0.320674,1.022980
