label,x,y,z,w,h,l,roll,pitch,yaw
250,-0.136430,0.111139,-0.259995,0.041420,0.039198,0.042119,-2.084743,-0.542995,1.560656
250,-0.067913,0.245842,-0.490107,0.031429,0.036646,0.036679,-0.654349,-0.169221,1.235269
125,0.054747,0.085001,-0.235580,0.010403,0.011597,0.010530,0.925622,-0.550597,-2.766471
125,0.154817,0.209599,-0.440069,0.009550,0.011135,0.011145,0.400879,0.980514,2.042536
250,0.223336,0.221204,-0.451936,0.028651,0.025186,0.027392,-0.211714,-0.528280,1.568350
250,0.281516,0.244001,-0.481530,0.042700,0.040409,0.043421,-0.449793,-0.529056,1.565733
250,0.344131,0.225583,-0.453901,0.032432,0.037815,0.037850,-0.739825,-0.459087,1.485364
125,-0.194247,0.210929,-0.442033,0.009550,0.011135,0.011145,-0.624687,0.886946,0.821567
250,-0.016029,0.126503,-0.284437,0.041723,0.039733,0.043140,1.761014,-0.539975,1.582232
