label,x,y,z,w,h,l,roll,pitch,yaw
250,-0.101430,0.036793,-0.293870,0.041420,0.039198,0.042119,-2.085687,-0.459467,1.561110
125,0.089747,0.012783,-0.267359,0.010403,0.011597,0.010530,1.018523,-0.579282,-2.816238
125,0.189817,0.119886,-0.481531,0.009550,0.011135,0.011145,0.477650,1.053692,2.107890
250,0.258336,0.130459,-0.494325,0.028651,0.025186,0.027392,-0.211940,-0.444749,1.568455
250,0.316516,0.150708,-0.525718,0.042700,0.040409,0.043421,-0.450261,-0.445525,1.565953
250,0.379131,0.134659,-0.496649,0.032432,0.037815,0.037850,-0.747478,-0.375848,1.488470
125,-0.198791,-0.015727,-0.208596,0.009550,0.011135,0.011145,-0.299344,-1.093401,-1.236380
125,-0.159247,0.121047,-0.483599,0.009550,0.011135,0.011145,-0.721980,0.945928,0.744315
250,0.018971,0.050064,-0.319509,0.041723,0.039733,0.043140,1.762077,-0.456449,1.581724
