label,x,y,z,w,h,l,roll,pitch,yaw
250,-0.066430,0.003448,-0.295861,0.041420,0.039198,0.042119,-2.086872,-0.344063,1.561574
125,0.124747,-0.017349,-0.266762,0.010403,0.011597,0.010530,1.152237,-0.612097,-2.891349
125,0.224817,0.064379,-0.491843,0.009550,0.011135,0.011145,0.622085,1.149071,2.236893
250,0.293336,0.073409,-0.505769,0.028651,0.025186,0.027392,-0.212225,-0.329340,1.568563
250,0.351516,0.089907,-0.539284,0.042700,0.040409,0.043421,-0.450851,-0.330117,1.566176
250,0.414131,0.077313,-0.508561,0.032432,0.037815,0.037850,-0.757279,-0.260815,1.491543
125,-0.163791,-0.038903,-0.205107,0.009550,0.011135,0.011145,-0.404006,-1.200622,-1.140825
250,0.053971,0.013679,-0.322857,0.041723,0.039733,0.043140,1.763412,-0.341046,1.581204
