label,x,y,z,w,h,l,roll,pitch,yaw
250,0.038570,-0.004623,-0.295520,0.041420,0.039198,0.042119,-2.087160,-0.314399,1.561667
250,0.107087,0.074428,-0.550171,0.031429,0.036646,0.036679,-0.729119,0.046911,1.239868
125,0.229747,-0.024548,-0.265816,0.010403,0.011597,0.010530,1.187532,-0.619151,-2.911732
250,0.398336,0.059081,-0.507410,0.028651,0.025186,0.027392,-0.212294,-0.299674,1.568584
250,0.456516,0.074578,-0.541400,0.042700,0.040409,0.043421,-0.450994,-0.300452,1.566221
250,0.519131,0.062900,-0.510317,0.032432,0.037815,0.037850,-0.759692,-0.231242,1.492130
125,-0.058791,-0.044263,-0.203549,0.009550,0.011135,0.011145,-0.440735,-1.227375,-1.106406
250,0.158971,0.004802,-0.322808,0.041723,0.039733,0.043140,1.763736,-0.311382,1.581100
