label,x,y,z,w,h,l,roll,pitch,yaw
250,0.073570,-0.012697,-0.301240,0.041420,0.039198,0.042119,-2.086889,-0.342394,1.561579
250,0.142087,0.073451,-0.553579,0.031429,0.036646,0.036679,-0.720022,0.020433,1.240174
125,0.264747,-0.033445,-0.272106,0.010403,0.011597,0.010530,1.154214,-0.612509,-2.892485
125,0.364817,0.047906,-0.497323,0.009550,0.011135,0.011145,0.624613,1.150382,2.239200
250,0.433336,0.056913,-0.511264,0.028651,0.025186,0.027392,-0.212229,-0.327670,1.568564
250,0.491516,0.073356,-0.544807,0.042700,0.040409,0.043421,-0.450859,-0.328448,1.566179
125,-0.023791,-0.054896,-0.210415,0.009550,0.011135,0.011145,-0.405937,-1.202139,-1.139024
125,-0.157951,-0.054680,-0.191272,0.012803,0.014273,0.012959,0.958006,-0.957416,-2.619823
250,0.193971,-0.002512,-0.328253,0.041723,0.039733,0.043140,1.763431,-0.339377,1.581198
