label,x,y,z,w,h,l,roll,pitch,yaw
250,0.108570,0.090458,-0.269440,0.041420,0.039198,0.042119,-2.085229,-0.500957,1.560898
250,0.177087,0.215371,-0.505009,0.031429,0.036646,0.036679,-0.668304,-0.129510,1.237346
125,0.399817,0.181263,-0.453493,0.009550,0.011135,0.011145,0.437242,1.017672,2.073123
250,0.468336,0.192359,-0.465837,0.028651,0.025186,0.027392,-0.211830,-0.486240,1.568406
125,0.011209,0.034446,-0.186418,0.009550,0.011135,0.011145,-0.271785,-1.054042,-1.260610
125,0.050753,0.182509,-0.455511,0.009550,0.011135,0.011145,-0.671780,0.917202,0.784610
125,-0.122951,0.031636,-0.167481,0.012803,0.014273,0.012959,0.744946,-0.866618,-2.450935
250,0.228971,0.104781,-0.294506,0.041723,0.039733,0.043140,1.761561,-0.497938,1.581961
