label,x,y,z,w,h,l,roll,pitch,yaw
250,0.143570,0.023601,-0.284664,0.041420,0.039198,0.042119,-2.087422,-0.286876,1.561744
250,0.212087,0.095614,-0.541394,0.031429,0.036646,0.036679,-0.738085,0.072939,1.239331
250,0.503336,0.081449,-0.498227,0.028651,0.025186,0.027392,-0.212358,-0.272151,1.568602
125,0.046209,-0.013494,-0.191637,0.009550,0.011135,0.011145,-0.480041,-1.251755,-1.069233
125,0.085753,0.074019,-0.486044,0.009550,0.011135,0.011145,-0.978334,1.049257,0.528301
125,-0.087951,-0.012216,-0.172536,0.012803,0.014273,0.012959,1.044916,-0.983366,-2.691554
250,0.263971,0.032271,-0.312201,0.041723,0.039733,0.043140,1.764032,-0.283860,1.581014
