label,x,y,z,w,h,l,roll,pitch,yaw
250,0.178570,0.078701,-0.276265,0.041420,0.039198,0.042119,-2.085146,-0.508277,1.560858
250,0.247087,0.205336,-0.510914,0.031429,0.036646,0.036679,-0.665886,-0.136427,1.237026
125,0.081209,0.022083,-0.193655,0.009550,0.011135,0.011145,-0.267317,-1.047067,-1.264486
125,-0.052951,0.019135,-0.174740,0.012803,0.014273,0.012959,0.736278,-0.861937,-2.444342
250,0.298971,0.093208,-0.301225,0.041723,0.039733,0.043140,1.761468,-0.505258,1.582006
