label,x,y,z,w,h,l,roll,pitch,yaw
250,0.213570,0.053523,-0.276647,0.041420,0.039198,0.042119,-2.087198,-0.310452,1.561678
250,0.282087,0.131568,-0.531609,0.031429,0.036646,0.036679,-0.730403,0.050644,1.239805
125,0.116209,0.014246,-0.184521,0.009550,0.011135,0.011145,-0.446037,-1.230899,-1.101410
125,0.155753,0.108674,-0.476783,0.009550,0.011135,0.011145,-0.938306,1.037020,0.562887
125,-0.017951,0.015073,-0.165395,0.012803,0.014273,0.012959,1.007204,-0.972778,-2.660273
