label,x,y,z,w,h,l,roll,pitch,yaw
250,0.248570,0.060949,-0.275348,0.041420,0.039198,0.042119,-2.086863,-0.345050,1.561570
250,0.317087,0.147767,-0.527457,0.031429,0.036646,0.036679,-0.719160,0.017920,1.240191
125,0.151209,0.018508,-0.184636,0.009550,0.011135,0.011145,-0.402872,-1.199725,-1.141882
125,0.190753,0.122990,-0.473457,0.009550,0.011135,0.011145,-0.882573,1.017858,0.610599
125,0.017049,0.018674,-0.165493,0.012803,0.014273,0.012959,0.954013,-0.956089,-2.616559
