label,x,y,z,w,h,l,roll,pitch,yaw
125,-0.010568,0.067468,-0.249528,0.009550,0.011135,0.011145,1.115695,-0.554955,-2.889242
125,0.129213,0.172345,-0.512026,0.013934,0.013187,0.014170,-0.060617,1.187183,1.505441
125,-0.066264,0.072563,-0.253481,0.028626,0.033377,0.033408,1.942917,-0.439683,1.716575
250,0.102946,0.047638,-0.198776,0.028083,0.026576,0.028556,2.993007,-0.392763,1.572392
250,0.016273,0.038673,-0.162367,0.040284,0.038122,0.040964,2.587718,-0.463527,1.624145
250,-0.054548,0.156414,-0.450211,0.039140,0.043633,0.039618,0.883304,-0.182194,1.844080
