label,x,y,z,w,h,l,roll,pitch,yaw
125,0.094213,0.243571,-0.482395,0.013934,0.013187,0.014170,-0.041592,1.039220,1.522556
125,0.175391,0.059115,-0.161069,0.029290,0.032652,0.029647,-2.638056,-0.697837,1.466476
125,-0.101264,0.106707,-0.241417,0.028626,0.033377,0.033408,1.917168,-0.586176,1.729245
250,0.067946,0.073979,-0.190992,0.028083,0.026576,0.028556,2.992732,-0.540958,1.572517
250,-0.018727,0.059735,-0.156306,0.040284,0.038122,0.040964,2.578102,-0.611493,1.629081
250,-0.089548,0.218687,-0.423610,0.039140,0.043633,0.039618,0.841244,-0.324698,1.854654
