label,x,y,z,w,h,l,roll,pitch,yaw
250,0.334546,0.140353,-0.431528,0.022498,0.019777,0.021509,0.902858,-0.068630,2.101701
125,0.322672,0.120146,-0.345801,0.009707,0.010822,0.009826,-1.139395,0.048915,0.022504
125,0.290204,0.096166,-0.307460,0.010982,0.010458,0.011354,-1.136788,-0.116844,-0.053979
125,0.140391,0.026142,-0.173757,0.029290,0.032652,0.029647,-2.650663,-0.598123,1.474095
125,-0.136264,0.065457,-0.258464,0.028626,0.033377,0.033408,1.935034,-0.487140,1.720100
250,0.032946,0.037937,-0.205017,0.028083,0.026576,0.028556,2.992922,-0.440741,1.572427
250,-0.053727,0.027236,-0.169080,0.040284,0.038122,0.040964,2.584785,-0.511435,1.625519
250,-0.124548,0.158646,-0.450946,0.039140,0.043633,0.039618,0.870015,-0.228374,1.846789
