label,x,y,z,w,h,l,roll,pitch,yaw
250,0.299546,0.151498,-0.425085,0.022498,0.019777,0.021509,0.921683,-0.036574,2.100711
125,0.287672,0.134490,-0.338667,0.009707,0.010822,0.009826,-1.176593,0.049717,0.020670
125,0.255204,0.111952,-0.299461,0.010982,0.010458,0.011354,-1.174158,-0.118767,-0.049586
125,0.105391,0.046943,-0.163249,0.029290,0.032652,0.029647,-2.654900,-0.561132,1.476416
125,-0.171264,0.083084,-0.249358,0.028626,0.033377,0.033408,1.941172,-0.450385,1.717326
250,-0.002054,0.057569,-0.194925,0.028083,0.026576,0.028556,2.992988,-0.403580,1.572400
250,-0.088727,0.048210,-0.158616,0.040284,0.038122,0.040964,2.587070,-0.474329,1.624438
250,-0.159548,0.169058,-0.445169,0.039140,0.043633,0.039618,0.880330,-0.192609,1.844634
