label,x,y,z,w,h,l,roll,pitch,yaw
250,0.264546,0.105620,-0.440111,0.022498,0.019777,0.021509,0.954617,0.019674,2.100432
125,0.252672,0.094277,-0.352769,0.009707,0.010822,0.009826,-1.241841,0.050957,0.017386
125,-0.150568,0.043924,-0.256078,0.009550,0.011135,0.011145,1.178136,-0.567656,-2.922487
125,0.220204,0.074339,-0.312178,0.010982,0.010458,0.011354,-1.239742,-0.121743,-0.041716
125,0.070391,0.018340,-0.172021,0.029290,0.032652,0.029647,-2.661880,-0.496233,1.479939
125,-0.206264,0.048796,-0.260302,0.028626,0.033377,0.033408,1.951437,-0.385885,1.713156
250,-0.037054,0.026881,-0.204323,0.028083,0.026576,0.028556,2.993099,-0.338402,1.572360
250,-0.123727,0.019907,-0.167481,0.040284,0.038122,0.040964,2.590876,-0.409242,1.622809
