label,x,y,z,w,h,l,roll,pitch,yaw
250,0.229546,0.183074,-0.413074,0.022498,0.019777,0.021509,0.872654,-0.119689,2.104542
125,0.217672,0.157826,-0.328694,0.009707,0.010822,0.009826,-1.080090,0.047496,0.025362
125,-0.185568,0.092572,-0.241364,0.009550,0.011135,0.011145,0.995645,-0.524946,-2.827463
125,0.185204,0.131618,-0.291840,0.010982,0.010458,0.011354,-1.077237,-0.113443,-0.060823
125,0.035391,0.053798,-0.162519,0.029290,0.032652,0.029647,-2.643442,-0.657088,1.469853
250,-0.072054,0.067424,-0.193026,0.028083,0.026576,0.028556,2.992812,-0.499994,1.572477
250,-0.158727,0.054614,-0.157786,0.040284,0.038122,0.040964,2.580937,-0.570597,1.627502
250,-0.229548,0.202485,-0.431375,0.039140,0.043633,0.039618,0.853197,-0.285352,1.851064
