label,x,y,z,w,h,l,roll,pitch,yaw
250,0.159546,0.219577,-0.395465,0.022498,0.019777,0.021509,0.818032,-0.209992,2.113516
125,0.147672,0.185612,-0.314202,0.009707,0.010822,0.009826,-0.974872,0.044572,0.030209
125,-0.115787,0.269405,-0.468696,0.013934,0.013187,0.014170,-0.036080,0.975104,1.527218
125,0.115204,0.155681,-0.280302,0.010982,0.010458,0.011354,-0.971686,-0.106437,-0.072414
125,-0.034609,0.064719,-0.159862,0.029290,0.032652,0.029647,-2.628827,-0.761651,1.460320
250,-0.142054,0.081471,-0.188770,0.028083,0.026576,0.028556,2.992598,-0.605141,1.572589
250,0.216969,0.110725,-0.223294,0.038087,0.036270,0.039380,2.308603,-0.601997,1.579733
250,-0.299548,0.240802,-0.411628,0.039140,0.043633,0.039618,0.821851,-0.386254,1.861407
