label,x,y,z,w,h,l,roll,pitch,yaw
250,0.124546,0.107024,-0.445711,0.022498,0.019777,0.021509,0.907920,-0.060024,2.101375
125,0.112672,0.087673,-0.359788,0.009707,0.010822,0.009826,-1.149384,0.049137,0.022014
125,0.080204,0.064077,-0.321209,0.010982,0.010458,0.011354,-1.146821,-0.117376,-0.052807
125,-0.069609,-0.004610,-0.186814,0.029290,0.032652,0.029647,-2.651821,-0.588191,1.474743
250,-0.177054,0.006874,-0.218190,0.028083,0.026576,0.028556,2.992940,-0.430762,1.572419
125,0.179113,0.001908,-0.214079,0.013521,0.012876,0.013980,0.929792,-0.818656,-2.642729
250,0.181969,0.029694,-0.257266,0.038087,0.036270,0.039380,2.310307,-0.427623,1.578891
250,-0.334548,0.125123,-0.465312,0.039140,0.043633,0.039618,0.872800,-0.218772,1.846172
