label,x,y,z,w,h,l,roll,pitch,yaw
250,0.089546,0.027577,-0.461506,0.022498,0.019777,0.021509,0.975996,0.056138,2.101243
125,0.077672,0.019933,-0.373762,0.009707,0.010822,0.009826,-1.284152,0.051646,0.015216
125,0.045204,0.001729,-0.332365,0.010982,0.010458,0.011354,-1.282289,-0.123396,-0.036513
125,-0.104609,-0.048299,-0.189968,0.029290,0.032652,0.029647,-2.666146,-0.454143,1.481891
250,-0.212054,-0.041131,-0.222601,0.028083,0.026576,0.028556,2.993168,-0.296141,1.572338
125,0.144113,-0.045500,-0.217861,0.013521,0.012876,0.013980,1.114691,-0.874918,-2.781475
250,0.146969,-0.023762,-0.264386,0.038087,0.036270,0.039380,2.311441,-0.293007,1.578490
250,-0.369548,0.042881,-0.483358,0.039140,0.043633,0.039618,0.909448,-0.089107,1.840540
