label,x,y,z,w,h,l,roll,pitch,yaw
250,0.054546,0.128814,-0.432639,0.022498,0.019777,0.021509,0.942071,-0.001758,2.100320
125,0.042672,0.115305,-0.345605,0.009707,0.010822,0.009826,-1.216980,0.050510,0.018646
125,-0.220787,0.159649,-0.515673,0.013934,0.013187,0.014170,-0.066177,1.216641,1.500255
125,0.010204,0.094367,-0.305522,0.010982,0.010458,0.011354,-1.214748,-0.120670,-0.044738
125,-0.139609,0.034904,-0.166799,0.029290,0.032652,0.029647,-2.659282,-0.520963,1.478674
125,0.109113,0.039567,-0.194441,0.013521,0.012876,0.013980,1.019587,-0.848999,-2.709251
250,0.111969,0.064376,-0.239404,0.038087,0.036270,0.039380,2.310890,-0.360099,1.578667
