label,x,y,z,w,h,l,roll,pitch,yaw
250,0.019546,0.052980,-0.460381,0.022498,0.019777,0.021509,0.942927,-0.000296,2.100319
125,0.007672,0.039618,-0.373325,0.009707,0.010822,0.009826,-1.218676,0.050542,0.018561
125,-0.024796,0.018747,-0.333206,0.010982,0.010458,0.011354,-1.216453,-0.120745,-0.044533
125,-0.174609,-0.040480,-0.194383,0.029290,0.032652,0.029647,-2.659462,-0.519276,1.478763
125,0.074113,-0.035863,-0.222033,0.013521,0.012876,0.013980,1.021918,-0.849707,-2.711001
250,0.076969,-0.011131,-0.267038,0.038087,0.036270,0.039380,2.310904,-0.358405,1.578662
250,-0.439548,0.069680,-0.481186,0.039140,0.043633,0.039618,0.891828,-0.152125,1.842661
