label,x,y,z,w,h,l,roll,pitch,yaw
250,-0.015454,0.122612,-0.443019,0.022498,0.019777,0.021509,0.882480,-0.103145,2.103449
125,-0.027328,0.098989,-0.358171,0.009707,0.010822,0.009826,-1.099316,0.047975,0.024445
125,-0.290787,0.162972,-0.521865,0.013934,0.013187,0.014170,-0.047977,1.099316,1.516955
125,-0.059796,0.073494,-0.320820,0.010982,0.010458,0.011354,-1.096539,-0.114590,-0.058627
125,-0.209609,-0.001827,-0.190027,0.029290,0.032652,0.029647,-2.645852,-0.637974,1.471307
125,0.039113,0.006046,-0.216932,0.013521,0.012876,0.013980,0.867133,-0.793727,-2.597500
250,0.041969,0.035956,-0.258676,0.038087,0.036270,0.039380,2.309851,-0.477644,1.579090
250,-0.474548,0.141668,-0.461690,0.039140,0.043633,0.039618,0.858705,-0.266887,1.849562
