label,x,y,z,w,h,l,roll,pitch,yaw
250,-0.050454,0.050887,-0.455858,0.022498,0.019777,0.021509,0.968249,0.042939,2.100859
125,-0.062328,0.041902,-0.368241,0.009707,0.010822,0.009826,-1.268834,0.051408,0.016005
125,-0.325787,0.077381,-0.540377,0.013934,0.013187,0.014170,-0.078426,1.268287,1.488657
125,-0.094796,0.023067,-0.327128,0.010982,0.010458,0.011354,-1.266884,-0.122823,-0.038405
125,0.004113,-0.025908,-0.213359,0.013521,0.012876,0.013980,1.092501,-0.869405,-2.764483
125,0.132559,-0.046130,-0.133334,0.027891,0.024519,0.026666,-3.086064,-0.311535,1.570215
250,0.006969,-0.003461,-0.259546,0.038087,0.036270,0.039380,2.311318,-0.308306,1.578526
