label,x,y,z,w,h,l,roll,pitch,yaw
250,-0.085454,0.109801,-0.440576,0.022498,0.019777,0.021509,0.932834,-0.017539,2.100409
125,-0.097328,0.094703,-0.353804,0.009707,0.010822,0.009826,-1.198675,0.050161,0.019568
125,-0.360787,0.142148,-0.523033,0.013934,0.013187,0.014170,-0.062635,1.198400,1.503566
125,-0.129796,0.073035,-0.314111,0.010982,0.010458,0.011354,-1.196349,-0.119832,-0.046945
125,-0.030887,0.016214,-0.204051,0.013521,0.012876,0.013980,0.994679,-0.841182,-2.690618
125,0.097559,-0.009562,-0.125638,0.027891,0.024519,0.026666,-3.086020,-0.381615,1.570200
250,-0.028031,0.041840,-0.248553,0.038087,0.036270,0.039380,2.310735,-0.378384,1.578723
