label,x,y,z,w,h,l,roll,pitch,yaw
250,-0.120454,0.138227,-0.431333,0.022498,0.019777,0.021509,0.909779,-0.056860,2.101267
125,-0.132328,0.119192,-0.345339,0.009707,0.010822,0.009826,-1.153056,0.049217,0.021834
125,-0.395787,0.174297,-0.512230,0.013934,0.013187,0.014170,-0.055094,1.152919,1.510528
125,-0.164796,0.095737,-0.306673,0.010982,0.010458,0.011354,-1.150510,-0.117569,-0.052374
125,-0.065887,0.033962,-0.199316,0.013521,0.012876,0.013980,0.934516,-0.820405,-2.646181
125,0.062560,0.004640,-0.122159,0.027891,0.024519,0.026666,-3.085991,-0.427188,1.570189
250,-0.063031,0.061589,-0.242604,0.038087,0.036270,0.039380,2.310339,-0.423955,1.578877
