label,x,y,z,w,h,l,roll,pitch,yaw
250,-0.155454,0.122126,-0.440601,0.022498,0.019777,0.021509,0.896032,-0.080218,2.102208
125,-0.167328,0.100769,-0.355154,0.009707,0.010822,0.009826,-1.125944,0.048608,0.023159
125,-0.430787,0.160374,-0.520492,0.013934,0.013187,0.014170,-0.051303,1.125879,1.513971
125,-0.199796,0.076276,-0.317138,0.010982,0.010458,0.011354,-1.123277,-0.116108,-0.055549
125,-0.100887,0.011615,-0.211494,0.013521,0.012876,0.013980,0.900052,-0.807230,-2.621127
125,0.027560,-0.019785,-0.135159,0.027891,0.024519,0.026666,-3.085972,-0.454274,1.570181
250,-0.098031,0.040405,-0.254018,0.038087,0.036270,0.039380,2.310096,-0.451041,1.578980
