label,x,y,z,w,h,l,roll,pitch,yaw
250,-0.190454,0.124180,-0.434631,0.022498,0.019777,0.021509,0.935734,-0.012585,2.100365
125,-0.202328,0.109580,-0.347774,0.009707,0.010822,0.009826,-1.204421,0.050272,0.019279
125,-0.465787,0.156053,-0.517272,0.013934,0.013187,0.014170,-0.063711,1.204126,1.502563
125,-0.234796,0.088140,-0.307957,0.010982,0.010458,0.011354,-1.202124,-0.120099,-0.046254
125,-0.135887,0.031952,-0.197572,0.013521,0.012876,0.013980,1.002450,-0.843669,-2.696418
125,-0.007440,0.006626,-0.119013,0.027891,0.024519,0.026666,-3.086024,-0.375876,1.570202
250,-0.133031,0.057322,-0.242220,0.038087,0.036270,0.039380,2.310784,-0.372644,1.578705
