label,x,y,z,w,h,l,roll,pitch,yaw
250,-0.225454,0.178252,-0.420525,0.022498,0.019777,0.021509,0.831518,-0.188006,2.110850
125,-0.237328,0.146383,-0.338417,0.009707,0.010822,0.009826,-1.000541,0.045332,0.029055
125,-0.500787,0.226185,-0.495010,0.013934,0.013187,0.014170,-0.038151,1.000733,1.525489
125,-0.269796,0.117331,-0.303761,0.010982,0.010458,0.011354,-0.997424,-0.108258,-0.069657
125,-0.170887,0.039974,-0.207025,0.013521,0.012876,0.013980,0.752789,-0.739249,-2.518116
125,-0.042440,-0.000720,-0.135214,0.027891,0.024519,0.026666,-3.085880,-0.579581,1.570135
250,-0.168031,0.073852,-0.245618,0.038087,0.036270,0.039380,2.308876,-0.576343,1.579581
