label,x,y,z,w,h,l,roll,pitch,yaw
250,-0.260454,0.205325,-0.401351,0.022498,0.019777,0.021509,0.855239,-0.148817,2.106873
125,-0.272328,0.177234,-0.317875,0.009707,0.010822,0.009826,-1.046206,0.046611,0.026956
125,-0.077440,0.039554,-0.108172,0.027891,0.024519,0.026666,-3.085916,-0.533946,1.570154
250,-0.203031,0.109012,-0.221864,0.038087,0.036270,0.039380,2.309341,-0.530710,1.579337
