label,x,y,z,w,h,l,roll,pitch,yaw
250,-0.295454,0.131092,-0.442982,0.022498,0.019777,0.021509,0.860434,-0.140156,2.106125
125,-0.307328,0.103844,-0.359227,0.009707,0.010822,0.009826,-1.056286,0.046880,0.026485
125,-0.112440,-0.031717,-0.148148,0.027891,0.024519,0.026666,-3.085923,-0.523874,1.570158
250,-0.238031,0.036592,-0.262533,0.038087,0.036270,0.039380,2.309440,-0.520638,1.579287
