label,x,y,z,w,h,l,roll,pitch,yaw
125,0.010717,0.160859,-0.422287,0.009550,0.011135,0.011145,-0.921376,0.501170,0.349801
125,-0.129514,0.010397,-0.183249,0.013934,0.013187,0.014170,0.041594,-1.011234,-1.619864
125,-0.210102,0.210081,-0.495493,0.029290,0.032652,0.029647,0.402163,-0.388142,1.656814
125,0.066404,0.160612,-0.415767,0.028626,0.033377,0.033408,-1.066416,-0.493579,1.420865
250,-0.102711,0.190332,-0.468332,0.028083,0.026576,0.028556,-0.148656,-0.549132,1.569050
250,-0.015978,0.214427,-0.496882,0.040284,0.038122,0.040964,-0.506830,-0.477280,1.516928
250,0.054347,0.050858,-0.232246,0.039140,0.043633,0.039618,-1.965488,-0.720218,1.210314
