label,x,y,z,w,h,l,roll,pitch,yaw
250,-0.019706,0.044537,-0.246927,0.022498,0.019777,0.021509,-1.844992,-0.536745,0.943171
125,-0.007694,0.085288,-0.324987,0.009707,0.010822,0.009826,1.288713,-0.050185,-3.127055
125,0.395717,0.099254,-0.432465,0.009550,0.011135,0.011145,-1.232989,0.575651,0.188945
125,0.024845,0.092195,-0.369627,0.010982,0.010458,0.011354,1.286798,0.125089,3.105192
125,0.174898,0.126555,-0.516349,0.029290,0.032652,0.029647,0.425832,-0.111783,1.650902
250,0.282289,0.114996,-0.484819,0.028083,0.026576,0.028556,-0.149152,-0.271830,1.569249
250,-0.076804,0.107320,-0.440801,0.038087,0.036270,0.039380,-0.827441,-0.274959,1.563132
250,0.369022,0.130354,-0.518876,0.040284,0.038122,0.040964,-0.521871,-0.200338,1.521976
