label,x,y,z,w,h,l,roll,pitch,yaw
250,0.015294,0.039545,-0.269001,0.022498,0.019777,0.021509,-1.627823,-0.747335,0.812071
125,0.027306,0.099801,-0.333214,0.009707,0.010822,0.009826,1.015968,-0.044420,-3.114078
125,0.430717,0.142178,-0.432967,0.009550,0.011135,0.011145,-0.926526,0.502811,0.347323
125,0.059845,0.118468,-0.374348,0.010982,0.010458,0.011354,1.012766,0.110667,3.072763
125,0.209898,0.191048,-0.506409,0.029290,0.032652,0.029647,0.402608,-0.383356,1.656647
125,-0.167183,0.219619,-0.553963,0.027891,0.024519,0.026666,0.053432,-0.544231,1.571425
250,-0.041805,0.152189,-0.438825,0.038087,0.036270,0.039380,-0.825025,-0.547448,1.562158
250,0.404022,0.195387,-0.507819,0.040284,0.038122,0.040964,-0.507120,-0.472483,1.517061
