label,x,y,z,w,h,l,roll,pitch,yaw
250,0.050294,0.049995,-0.249491,0.022498,0.019777,0.021509,-1.762943,-0.626958,0.898016
125,0.062306,0.099307,-0.322446,0.009707,0.010822,0.009826,1.175328,-0.048220,-3.121473
125,0.094845,0.111216,-0.366019,0.010982,0.010458,0.011354,1.172783,0.120171,3.091231
125,0.244898,0.161938,-0.507918,0.029290,0.032652,0.029647,0.416554,-0.224678,1.652458
250,0.352289,0.146889,-0.477896,0.028083,0.026576,0.028556,-0.148964,-0.385095,1.569189
125,-0.132183,0.182607,-0.559401,0.027891,0.024519,0.026666,0.053540,-0.384998,1.571376
250,-0.006805,0.134288,-0.435027,0.038087,0.036270,0.039380,-0.826505,-0.388220,1.562827
250,0.439022,0.165999,-0.509998,0.040284,0.038122,0.040964,-0.516073,-0.313464,1.520500
