label,x,y,z,w,h,l,roll,pitch,yaw
250,0.085294,0.021249,-0.252919,0.022498,0.019777,0.021509,-1.853927,-0.526076,0.947699
125,0.097306,0.060968,-0.331509,0.009707,0.010822,0.009826,1.301887,-0.050372,-3.127717
125,0.129845,0.067288,-0.376236,0.010982,0.010458,0.011354,1.300053,0.125557,3.106849
125,0.279898,0.099714,-0.523397,0.029290,0.032652,0.029647,0.426890,-0.098666,1.650791
250,0.387289,0.088570,-0.491718,0.028083,0.026576,0.028556,-0.149173,-0.258671,1.569255
125,-0.097183,0.113727,-0.577076,0.027891,0.024519,0.026666,0.053615,-0.258574,1.571352
250,0.028196,0.081474,-0.447603,0.038087,0.036270,0.039380,-0.827545,-0.261800,1.563160
250,0.474022,0.103480,-0.525973,0.040284,0.038122,0.040964,-0.522524,-0.187194,1.522102
