label,x,y,z,w,h,l,roll,pitch,yaw
250,0.120294,0.082154,-0.237874,0.022498,0.019777,0.021509,-1.706967,-0.680830,0.863949
125,0.132306,0.136435,-0.307210,0.009707,0.010822,0.009826,1.105446,-0.046699,-3.118156
125,0.164845,0.151355,-0.349847,0.010982,0.010458,0.011354,1.102577,0.116366,3.082943
125,0.314898,0.211853,-0.487861,0.029290,0.032652,0.029647,0.410608,-0.294260,1.653985
250,0.422289,0.194746,-0.458963,0.028083,0.026576,0.028556,-0.148839,-0.454914,1.569138
125,-0.062183,0.236063,-0.537777,0.027891,0.024519,0.026666,0.053495,-0.454817,1.571395
250,0.063196,0.179184,-0.417078,0.038087,0.036270,0.039380,-0.825885,-0.458037,1.562573
250,0.509022,0.216048,-0.489654,0.040284,0.038122,0.040964,-0.512291,-0.383192,1.519209
