label,x,y,z,w,h,l,roll,pitch,yaw
250,0.155294,-0.042086,-0.271302,0.022498,0.019777,0.021509,-1.848117,-0.533033,0.944764
125,0.167306,-0.001694,-0.349548,0.009707,0.010822,0.009826,1.293302,-0.050251,-3.127286
125,0.199845,0.005009,-0.394220,0.010982,0.010458,0.011354,1.291415,0.125254,3.105768
125,-0.027183,0.053168,-0.594654,0.027891,0.024519,0.026666,0.053610,-0.267149,1.571354
250,0.098196,0.019807,-0.465462,0.038087,0.036270,0.039380,-0.827477,-0.270375,1.563142
250,0.544022,0.042483,-0.543641,0.040284,0.038122,0.040964,-0.522099,-0.195759,1.522021
