label,x,y,z,w,h,l,roll,pitch,yaw
250,0.190294,0.098945,-0.231498,0.022498,0.019777,0.021509,-1.640426,-0.737456,0.820591
125,0.202306,0.158325,-0.296522,0.009707,0.010822,0.009826,1.029536,-0.044789,-3.114683
125,0.234845,0.176433,-0.337905,0.010982,0.010458,0.011354,1.026377,0.111589,3.074273
125,0.384898,0.247216,-0.470938,0.029290,0.032652,0.029647,0.403854,-0.369847,1.656188
125,0.007817,0.275139,-0.518876,0.027891,0.024519,0.026666,0.053442,-0.530672,1.571420
250,0.133196,0.209278,-0.402834,0.038087,0.036270,0.039380,-0.825161,-0.533890,1.562228
