label,x,y,z,w,h,l,roll,pitch,yaw
250,0.225294,0.037431,-0.270835,0.022498,0.019777,0.021509,-1.622630,-0.751331,0.808534
250,0.168195,0.151011,-0.440035,0.038087,0.036270,0.039380,-0.824969,-0.552963,1.562128
