label,x,y,z,w,h,l,roll,pitch,yaw
250,0.260294,0.040442,-0.267679,0.022498,0.019777,0.021509,-1.631855,-0.744203,0.814807
250,0.203195,0.152354,-0.437987,0.038087,0.036270,0.039380,-0.825069,-0.543137,1.562180
