label,x,y,z,w,h,l,roll,pitch,yaw
125,0.339845,0.170530,-0.342271,0.010982,0.010458,0.011354,1.003336,0.110016,3.071725
125,0.489898,0.244347,-0.473644,0.029290,0.032652,0.029647,0.401736,-0.392716,1.656977
125,0.241132,0.225454,-0.453464,0.013521,0.012876,0.013980,-0.760444,0.741636,0.617458
125,0.112817,0.273364,-0.520928,0.027891,0.024519,0.026666,0.053425,-0.553626,1.571428
250,0.238195,0.204856,-0.406428,0.038087,0.036270,0.039380,-0.824929,-0.556842,1.562108
