label,x,y,z,w,h,l,roll,pitch,yaw
250,-0.321521,0.145259,-0.407812,0.037493,0.035482,0.038126,1.250877,-0.533969,1.581845
125,-0.445036,0.167456,-0.459384,0.018431,0.016202,0.017621,-0.564729,-0.337579,1.421781
125,0.012576,0.069357,-0.293397,0.018521,0.021596,0.021616,-2.111426,-0.542256,1.560818
125,0.051323,0.114963,-0.376246,0.015303,0.014573,0.015823,-1.143249,-0.401097,1.127148
125,-0.208156,0.016679,-0.203020,0.021250,0.023690,0.021510,2.524511,-0.545253,1.577531
125,-0.024374,0.022285,-0.211938,0.025194,0.023992,0.026050,-2.643116,-0.796842,1.412297
250,-0.143021,0.044422,-0.231479,0.044377,0.042260,0.045884,2.750885,-0.546338,1.575229
250,-0.148854,0.019924,-0.191709,0.036722,0.042818,0.042857,2.815728,-0.546564,1.574522
250,0.090439,0.168672,-0.447731,0.032718,0.036473,0.033117,-0.855687,-0.335039,1.282211
