label,x,y,z,w,h,l,roll,pitch,yaw
250,-0.356521,0.198289,-0.378104,0.037493,0.035482,0.038126,1.250231,-0.582804,1.582187
125,-0.093669,0.248928,-0.464188,0.010982,0.010458,0.011354,-0.261948,0.961244,1.254757
125,-0.022424,0.116892,-0.267532,0.018521,0.021596,0.021616,-2.110840,-0.591092,1.560503
125,0.016323,0.166489,-0.348055,0.015303,0.014573,0.015823,-1.120030,-0.445109,1.117612
125,-0.059374,0.065900,-0.188468,0.025194,0.023992,0.026050,-2.631507,-0.845035,1.403798
125,-0.276673,0.205311,-0.388157,0.036839,0.035081,0.038090,1.044324,-0.580925,1.581173
250,-0.178021,0.088964,-0.206904,0.044377,0.042260,0.045884,2.750624,-0.595176,1.575370
250,-0.183854,0.062554,-0.168378,0.036722,0.042818,0.042857,2.815509,-0.595402,1.574641
250,0.055439,0.223623,-0.416833,0.032718,0.036473,0.033117,-0.840715,-0.381822,1.276958
