label,x,y,z,w,h,l,roll,pitch,yaw
125,0.150579,0.240705,-0.538784,0.009707,0.010822,0.009826,-0.211675,1.097794,1.333930
125,0.035117,0.046460,-0.137424,0.009707,0.010822,0.009826,0.674588,-0.963911,-2.342822
125,-0.045636,0.070687,-0.205252,0.023366,0.020541,0.022339,2.094589,-0.626536,1.852063
125,0.054530,0.024568,-0.112848,0.024072,0.026835,0.024366,2.358886,-1.205017,2.189279
250,0.326968,0.168190,-0.385492,0.037128,0.032638,0.035497,-1.231464,-0.458307,1.560264
250,0.463608,0.208169,-0.470877,0.037158,0.035164,0.037785,0.591325,-0.453319,1.577023
250,-0.027482,0.164022,-0.391062,0.024888,0.021879,0.023795,1.035398,-0.350934,1.795170
