label,x,y,z,w,h,l,roll,pitch,yaw
125,0.217523,0.061857,-0.219910,0.009550,0.011135,0.011145,-0.892512,-0.663819,-0.460839
125,0.000117,0.035254,-0.145263,0.009707,0.010822,0.009826,0.610604,-0.923271,-2.291000
125,0.303927,0.125057,-0.324801,0.020077,0.017649,0.019195,-1.128049,-0.277416,0.469876
125,-0.080636,0.063194,-0.211648,0.023366,0.020541,0.022339,2.074857,-0.679589,1.864057
125,0.019530,0.012036,-0.121935,0.024072,0.026835,0.024366,2.257488,-1.248559,2.284768
250,0.291968,0.170513,-0.386221,0.037128,0.032638,0.035497,-1.230795,-0.513621,1.559952
250,0.428608,0.215152,-0.469265,0.037158,0.035164,0.037785,0.590931,-0.508636,1.577205
250,0.334829,0.136085,-0.326517,0.041301,0.039085,0.041998,-1.562512,-0.516877,1.559294
250,-0.062482,0.166660,-0.392013,0.024888,0.021879,0.023795,1.022014,-0.404835,1.800110
