label,x,y,z,w,h,l,roll,pitch,yaw
125,-0.252319,0.085168,-0.477481,0.009550,0.011135,0.011145,1.106639,0.733472,2.818205
125,-0.034788,0.123986,-0.546177,0.009707,0.010822,0.009826,-0.847400,1.044429,0.652122
125,-0.338917,0.047429,-0.361126,0.020077,0.017649,0.019195,1.263688,-0.148591,2.620049
125,0.045851,0.092125,-0.481439,0.023366,0.020541,0.022339,-0.845563,-0.151274,1.341045
125,-0.054150,0.126394,-0.579031,0.024072,0.026835,0.024366,-0.302162,0.456387,1.336376
125,-0.323448,0.075946,-0.446796,0.018695,0.017803,0.019329,1.014034,-0.033816,2.117393
125,-0.390947,0.093688,-0.469737,0.032067,0.037389,0.037424,-0.976162,-0.333420,1.562013
250,-0.369831,0.053378,-0.351719,0.041301,0.039085,0.041998,1.568277,-0.339002,1.581400
250,0.027365,0.023748,-0.285100,0.024888,0.021879,0.023795,-1.931104,-0.431356,1.338896
