label,x,y,z,w,h,l,roll,pitch,yaw
125,0.326082,0.084290,-0.363443,0.020077,0.017649,0.019195,1.090293,-0.242804,2.653885
125,-0.083034,0.111359,-0.409063,0.011274,0.010669,0.011464,1.013067,0.281406,2.970064
125,0.242420,0.041135,-0.298360,0.012637,0.012034,0.013066,-1.611520,-0.677843,0.885926
125,-0.067388,0.130145,-0.443639,0.014016,0.013347,0.014492,0.963044,0.472558,2.834974
250,0.096790,-0.008811,-0.194882,0.033976,0.032153,0.034549,-3.108280,-0.543370,1.570410
250,0.073156,0.012957,-0.234390,0.030905,0.029247,0.031427,3.018343,-0.543300,1.572224
250,0.201130,0.003862,-0.213607,0.037158,0.035164,0.037785,-2.545773,-0.541662,1.564280
250,0.040747,0.044046,-0.278942,0.039174,0.037305,0.040504,2.624668,-0.542077,1.576536
250,0.295169,0.088310,-0.353064,0.041301,0.039085,0.041998,1.565899,-0.533356,1.582410
