label,x,y,z,w,h,l,roll,pitch,yaw
125,0.232641,0.129722,-0.310697,0.011274,0.010669,0.011464,-0.971872,-0.115787,-0.078692
125,-0.050106,0.124604,-0.316175,0.013479,0.012836,0.013937,1.527185,-0.605531,1.878229
125,-0.069243,0.069021,-0.216560,0.034707,0.033051,0.035885,2.259367,-0.600735,1.580116
125,-0.007216,0.076744,-0.243980,0.011255,0.012547,0.011392,0.786841,-0.654955,-2.595772
125,0.226857,0.090068,-0.246241,0.033020,0.029027,0.031569,-2.172228,-0.600042,1.560845
250,-0.034607,0.120445,-0.288312,0.040095,0.038182,0.041456,1.904290,-0.597665,1.582201
125,0.424027,0.241124,-0.486552,0.014528,0.016196,0.014706,0.455764,-0.149665,1.830684
250,0.300605,0.142019,-0.331184,0.026471,0.025208,0.027370,1.550008,-0.594187,1.582864
250,0.008158,0.220022,-0.430556,0.041969,0.036893,0.040124,0.559866,-0.585897,1.577206
