label,x,y,z,w,h,l,roll,pitch,yaw
125,-0.104243,0.008419,-0.234417,0.034707,0.033051,0.035885,2.261203,-0.419875,1.579216
125,-0.042216,0.011084,-0.262779,0.011255,0.012547,0.011392,0.996298,-0.738590,-2.730598
125,0.191857,0.023784,-0.267400,0.033020,0.029027,0.031569,-2.174188,-0.419182,1.561805
250,-0.028329,0.159127,-0.579398,0.034760,0.033102,0.035940,0.301151,-0.100105,1.675724
250,0.167127,0.090812,-0.418038,0.039538,0.037416,0.040205,-1.017824,-0.408257,1.561504
250,-0.069607,0.046097,-0.314249,0.040095,0.038182,0.041456,1.906534,-0.416807,1.581107
125,0.334814,0.049507,-0.348979,0.014635,0.012865,0.013992,1.532044,-0.416604,1.827219
125,0.389027,0.129148,-0.530963,0.014528,0.016196,0.014706,0.502020,0.025227,1.827796
250,-0.026842,0.118463,-0.472084,0.041969,0.036893,0.040124,0.561120,-0.405033,1.576608
