label,x,y,z,w,h,l,roll,pitch,yaw
250,-0.357873,0.181544,-0.381063,0.039538,0.037416,0.040205,-1.016130,-0.562971,1.560711
125,0.064493,0.063590,-0.207797,0.010000,0.008791,0.009561,-0.680462,-0.806097,-0.728090
125,0.190913,0.123347,-0.271701,0.009707,0.010822,0.009826,-0.987868,-0.212162,-0.137962
125,-0.023337,0.056324,-0.204476,0.009707,0.010822,0.009826,0.031359,-1.002267,-1.608004
125,-0.135973,0.236825,-0.486732,0.014528,0.016196,0.014706,0.462535,-0.124394,1.829759
250,-0.114905,0.155176,-0.345676,0.032262,0.030531,0.032807,1.304359,-0.565612,1.582242
250,-0.146996,0.099551,-0.251323,0.041155,0.038946,0.041849,2.151384,-0.573723,1.580717
250,-0.259395,0.141815,-0.328825,0.026471,0.025208,0.027370,1.550382,-0.568043,1.582658
