label,x,y,z,w,h,l,roll,pitch,yaw
250,-0.392873,0.188170,-0.376521,0.039538,0.037416,0.040205,-1.016195,-0.557495,1.560746
125,0.029493,0.071166,-0.202611,0.010000,0.008791,0.009561,-0.686389,-0.809732,-0.723806
125,0.155914,0.130572,-0.266842,0.009707,0.010822,0.009826,-0.993418,-0.212912,-0.136791
125,-0.058337,0.063919,-0.199251,0.009707,0.010822,0.009826,0.031741,-1.007740,-1.608327
125,0.026204,0.248552,-0.481988,0.025318,0.028224,0.025627,-0.338463,0.033460,1.335261
125,-0.170973,0.242871,-0.482491,0.014528,0.016196,0.014706,0.463947,-0.119100,1.829587
250,-0.149905,0.161996,-0.340990,0.032262,0.030531,0.032807,1.304433,-0.560135,1.582203
250,-0.181996,0.106888,-0.246334,0.041155,0.038946,0.041849,2.151449,-0.568246,1.580682
250,-0.294395,0.148728,-0.324067,0.026471,0.025208,0.027370,1.550459,-0.562566,1.582617
