label,x,y,z,w,h,l,roll,pitch,yaw
125,-0.005507,0.043765,-0.213761,0.010000,0.008791,0.009561,-0.771592,-0.857259,-0.660696
125,0.120914,0.098232,-0.282230,0.009707,0.010822,0.009826,-1.068992,-0.222460,-0.120462
125,-0.093337,0.036787,-0.209871,0.009707,0.010822,0.009826,0.037682,-1.082085,-1.613468
125,-0.008796,0.199892,-0.505550,0.025318,0.028224,0.025627,-0.355909,0.105801,1.334047
125,-0.205973,0.194190,-0.505630,0.014528,0.016196,0.014706,0.482993,-0.047156,1.828005
250,-0.184905,0.124057,-0.358508,0.032262,0.030531,0.032807,1.305392,-0.485736,1.581724
250,-0.216996,0.076138,-0.260018,0.041155,0.038946,0.041849,2.152283,-0.493845,1.580259
250,-0.329395,0.112083,-0.340645,0.026471,0.025208,0.027370,1.551454,-0.488167,1.582118
