label,x,y,z,w,h,l,roll,pitch,yaw
125,-0.295186,0.054788,-0.346283,0.014635,0.012865,0.013992,1.531563,-0.418281,1.827414
125,-0.040506,0.006040,-0.226052,0.010000,0.008791,0.009561,-0.864512,-0.900068,-0.589121
125,0.085914,0.055361,-0.298317,0.009707,0.010822,0.009826,-1.143546,-0.230641,-0.103708
125,-0.128337,-0.000635,-0.221663,0.009707,0.010822,0.009826,0.045398,-1.155115,-1.620414
125,-0.240973,0.134745,-0.528129,0.014528,0.016196,0.014706,0.501580,0.023551,1.827785
250,-0.219905,0.075545,-0.376278,0.032262,0.030531,0.032807,1.306263,-0.412632,1.581345
250,-0.251996,0.034948,-0.274550,0.041155,0.038946,0.041849,2.153040,-0.420741,1.579924
250,-0.364395,0.064908,-0.357588,0.026471,0.025208,0.027370,1.552357,-0.415064,1.581723
