label,x,y,z,w,h,l,roll,pitch,yaw
125,0.292391,0.075175,-0.377089,0.011274,0.010669,0.011464,1.093362,0.125846,3.076749
125,0.298295,0.112521,-0.442898,0.033020,0.029027,0.031569,0.958009,-0.467612,1.579988
125,-0.099269,0.128416,-0.485622,0.010000,0.008791,0.009561,0.788544,0.867505,2.493033
125,-0.225826,0.103516,-0.401955,0.009707,0.010822,0.009826,1.084082,0.225644,3.023747
125,-0.096507,-0.021572,-0.190624,0.025318,0.028224,0.025627,2.405484,-1.021530,2.035794
125,0.100674,-0.025042,-0.194975,0.014528,0.016196,0.014706,-2.330521,-0.872102,1.165791
250,0.079865,0.055509,-0.336699,0.032262,0.030531,0.032807,-1.827713,-0.475912,1.559930
250,0.112130,0.108847,-0.432305,0.041155,0.038946,0.041849,-0.982203,-0.467813,1.561452
250,0.224389,0.063204,-0.356535,0.026471,0.025208,0.027370,-1.581299,-0.473478,1.559562
