label,x,y,z,w,h,l,roll,pitch,yaw
125,0.327390,0.123706,-0.362527,0.011274,0.010669,0.011464,0.974170,0.117293,3.062277
125,0.333295,0.168578,-0.423454,0.033020,0.029027,0.031569,0.956703,-0.586228,1.580645
125,-0.064269,0.189418,-0.463997,0.010000,0.008791,0.009561,0.653991,0.791100,2.393666
125,-0.190826,0.154791,-0.383865,0.009707,0.010822,0.009826,0.963625,0.210144,2.997676
125,-0.061507,0.005573,-0.188822,0.025318,0.028224,0.025627,2.282174,-1.124696,2.144320
125,0.135674,0.002642,-0.193554,0.014528,0.016196,0.014706,-2.246762,-0.979581,1.098747
250,0.147130,0.163676,-0.413371,0.041155,0.038946,0.041849,-0.980875,-0.586428,1.560783
250,0.259389,0.109387,-0.343535,0.026471,0.025208,0.027370,-1.579696,-0.592090,1.558746
