label,x,y,z,w,h,l,roll,pitch,yaw
125,0.362391,0.085997,-0.376936,0.011274,0.010669,0.011464,1.046435,0.122685,3.070931
125,0.368295,0.126373,-0.440931,0.033020,0.029027,0.031569,0.957516,-0.514283,1.580220
125,-0.029269,0.144245,-0.482867,0.010000,0.008791,0.009561,0.732899,0.838529,2.451109
125,0.058572,0.143745,-0.490723,0.009707,0.010822,0.009826,-0.037741,1.050369,1.527303
125,-0.026507,-0.019343,-0.195188,0.025318,0.028224,0.025627,2.362455,-1.062860,2.072959
125,0.170674,-0.022607,-0.199697,0.014528,0.016196,0.014706,-2.300377,-0.914784,1.142297
250,0.149865,0.064469,-0.337509,0.032262,0.030531,0.032807,-1.827128,-0.522582,1.559650
250,0.182130,0.122209,-0.430522,0.041155,0.038946,0.041849,-0.981702,-0.514483,1.561216
250,0.294389,0.073081,-0.356964,0.026471,0.025208,0.027370,-1.580695,-0.520147,1.559274
