label,x,y,z,w,h,l,roll,pitch,yaw
125,0.403295,0.155444,-0.430156,0.033020,0.029027,0.031569,0.956889,-0.570304,1.580544
125,0.260203,0.101511,-0.364055,0.014635,0.012865,0.013992,-1.360796,-0.543832,1.296305
125,0.005731,0.175636,-0.471025,0.010000,0.008791,0.009561,0.670779,0.801860,2.405668
125,0.093572,0.175576,-0.478896,0.009707,0.010822,0.009826,-0.033274,0.994393,1.531117
125,0.008493,-0.003804,-0.192957,0.025318,0.028224,0.025627,2.301654,-1.111244,2.126803
125,0.205674,-0.006810,-0.197642,0.014528,0.016196,0.014706,-2.259485,-0.965361,1.109260
250,0.217130,0.150703,-0.419996,0.041155,0.038946,0.041849,-0.981065,-0.570504,1.560886
250,0.329389,0.097534,-0.349304,0.026471,0.025208,0.027370,-1.579925,-0.576167,1.558873
