label,x,y,z,w,h,l,roll,pitch,yaw
125,0.438295,0.075359,-0.441105,0.033020,0.029027,0.031569,0.959963,-0.260690,1.579288
125,0.295203,0.044132,-0.361713,0.014635,0.012865,0.013992,-1.446017,-0.244253,1.329411
125,-0.085826,0.074958,-0.399186,0.009707,0.010822,0.009826,1.295973,0.244947,3.073323
125,0.128572,0.079683,-0.493662,0.009707,0.010822,0.009826,-0.079058,1.303525,1.488841
125,0.043493,-0.004041,-0.166663,0.025318,0.028224,0.025627,2.542630,-0.831347,1.925589
250,0.219865,0.041383,-0.325459,0.032262,0.030531,0.032807,-1.830029,-0.268993,1.560777
250,0.252130,0.073939,-0.429983,0.041155,0.038946,0.041849,-0.984190,-0.260891,1.562164
250,0.364389,0.044838,-0.346452,0.026471,0.025208,0.027370,-1.583692,-0.266559,1.560432
