label,x,y,z,w,h,l,roll,pitch,yaw
250,-0.045643,0.050209,-0.341523,0.042062,0.039805,0.042771,1.607825,-0.266800,1.581155
125,0.054843,-0.003636,-0.167362,0.011383,0.010773,0.011576,0.907261,-1.129113,-2.526344
125,0.024086,-0.004349,-0.165361,0.024293,0.027081,0.024589,2.626792,-0.419689,1.659528
250,0.133296,0.104388,-0.575707,0.018072,0.021072,0.021091,-0.035588,0.339729,1.549773
