label,x,y,z,w,h,l,roll,pitch,yaw
125,-0.017099,0.035066,-0.232415,0.010982,0.010458,0.011354,1.218942,-0.658940,-2.920481
125,0.044638,0.021971,-0.197497,0.014162,0.012450,0.013540,2.568882,-0.613634,1.785904
125,0.207904,0.088142,-0.418779,0.023465,0.022206,0.023861,-0.824903,-0.269197,1.563163
125,-0.027489,0.020357,-0.162346,0.033137,0.031556,0.034262,2.460782,-0.283752,1.577338
250,0.032127,0.073533,-0.342615,0.032311,0.037674,0.037709,1.570701,-0.275989,1.581190
250,0.146769,0.033494,-0.202259,0.031780,0.037055,0.037089,-2.992714,-0.285865,1.569255
250,-0.002637,0.077993,-0.364740,0.030229,0.033699,0.030598,1.398848,-0.274278,1.581036
