label,x,y,z,w,h,l,roll,pitch,yaw
125,0.235961,0.132244,-0.335932,0.010000,0.008791,0.009561,-1.034794,0.037639,0.022349
125,-0.052099,0.071381,-0.228750,0.010982,0.010458,0.011354,0.915051,-0.579076,-2.743110
125,0.009638,0.049761,-0.198364,0.014162,0.012450,0.013540,2.484233,-0.865744,1.843437
125,0.172904,0.170518,-0.395245,0.023465,0.022206,0.023861,-0.822633,-0.528795,1.562274
125,-0.062489,0.039178,-0.164805,0.033137,0.031556,0.034262,2.458820,-0.543352,1.578133
250,-0.002873,0.136848,-0.325383,0.032311,0.037674,0.037709,1.567599,-0.535580,1.582425
250,0.111769,0.062121,-0.200008,0.031780,0.037055,0.037089,-2.992251,-0.545471,1.569066
250,-0.037637,0.146837,-0.345622,0.030229,0.033699,0.030598,1.395794,-0.533870,1.582247
