label,x,y,z,w,h,l,roll,pitch,yaw
125,0.200961,0.093964,-0.360441,0.010000,0.008791,0.009561,-1.019961,0.037303,0.022905
125,-0.087099,0.031518,-0.254172,0.010982,0.010458,0.011354,0.898786,-0.573263,-2.734248
125,-0.025362,0.009451,-0.224111,0.014162,0.012450,0.013540,2.477967,-0.880013,1.848238
125,-0.097489,-0.001629,-0.190712,0.033137,0.031556,0.034262,2.458692,-0.558178,1.578201
250,-0.037873,0.098411,-0.349824,0.032311,0.037674,0.037709,1.567397,-0.550405,1.582529
250,0.076769,0.021833,-0.225571,0.031780,0.037055,0.037089,-2.992220,-0.560298,1.569051
250,-0.072637,0.108699,-0.369913,0.030229,0.033699,0.030598,1.395595,-0.548695,1.582350
