label,x,y,z,w,h,l,roll,pitch,yaw
125,0.165961,0.014663,-0.374303,0.010000,0.008791,0.009561,-1.217776,0.041075,0.015129
125,-0.122099,-0.025695,-0.257840,0.010982,0.010458,0.011354,1.125561,-0.639987,-2.863979
125,-0.060362,-0.041428,-0.224029,0.014162,0.012450,0.013540,2.547691,-0.688496,1.798756
125,-0.132489,-0.045731,-0.189105,0.033137,0.031556,0.034262,2.460246,-0.360484,1.577508
250,-0.072873,0.021108,-0.364767,0.032311,0.037674,0.037709,1.569852,-0.352719,1.581452
125,0.539855,0.082469,-0.544945,0.011383,0.010773,0.011576,-0.756738,1.075708,0.750145
250,0.041769,-0.029573,-0.227893,0.031780,0.037055,0.037089,-2.992587,-0.362599,1.569215
