label,x,y,z,w,h,l,roll,pitch,yaw
125,0.130961,0.122364,-0.337250,0.010000,0.008791,0.009561,-1.105090,0.039115,0.019651
125,-0.157099,0.069175,-0.226059,0.010982,0.010458,0.011354,0.993793,-0.604925,-2.787069
125,-0.095362,0.049742,-0.194231,0.014162,0.012450,0.013540,2.511311,-0.797888,1.823410
125,0.067904,0.156379,-0.399103,0.023465,0.022206,0.023861,-0.823300,-0.458537,1.562590
125,-0.167489,0.041541,-0.160011,0.033137,0.031556,0.034262,2.459399,-0.473094,1.577852
250,-0.107873,0.127697,-0.327050,0.032311,0.037674,0.037709,1.568512,-0.465324,1.581986
125,0.504855,0.208916,-0.499191,0.011383,0.010773,0.011576,-0.605519,0.993525,0.880317
250,0.006769,0.061956,-0.196738,0.031780,0.037055,0.037089,-2.992387,-0.475211,1.569133
250,-0.142637,0.136241,-0.347940,0.030229,0.033699,0.030598,1.396693,-0.463614,1.581817
