label,x,y,z,w,h,l,roll,pitch,yaw
125,0.095961,0.068822,-0.350525,0.010000,0.008791,0.009561,-1.303828,0.042223,0.011544
125,-0.192099,0.038616,-0.231027,0.010982,0.010458,0.011354,1.230376,-0.660938,-2.927491
125,-0.130361,0.025845,-0.195990,0.014162,0.012450,0.013540,2.571282,-0.604595,1.784530
125,0.032904,0.089966,-0.417874,0.023465,0.022206,0.023861,-0.824976,-0.259946,1.563182
250,-0.142873,0.076063,-0.341578,0.032311,0.037674,0.037709,1.570801,-0.266738,1.581163
125,0.469855,0.121724,-0.526360,0.011383,0.010773,0.011576,-0.904592,1.130189,0.618082
125,0.500608,0.122139,-0.528493,0.024293,0.027081,0.024589,-0.467924,-0.111490,1.489523
250,-0.028231,0.037324,-0.200857,0.031780,0.037055,0.037089,-2.992728,-0.276614,1.569259
250,-0.177637,0.080317,-0.363744,0.030229,0.033699,0.030598,1.398946,-0.265028,1.581010
