label,x,y,z,w,h,l,roll,pitch,yaw
125,0.060961,0.051378,-0.361320,0.010000,0.008791,0.009561,-1.210290,0.040961,0.015436
125,-0.227099,0.010150,-0.245162,0.010982,0.010458,0.011354,1.116606,-0.637918,-2.858639
125,-0.165361,-0.005835,-0.211470,0.014162,0.012450,0.013540,2.545488,-0.695782,1.800161
125,-0.002096,0.078714,-0.426402,0.023465,0.022206,0.023861,-0.824218,-0.353409,1.562953
250,-0.177873,0.057751,-0.351736,0.032311,0.037674,0.037709,1.569767,-0.360198,1.581482
125,0.434855,0.120458,-0.531450,0.011383,0.010773,0.011576,-0.745328,1.070581,0.760171
125,0.465608,0.121071,-0.533535,0.024293,0.027081,0.024589,-0.460186,-0.204643,1.488304
250,-0.063231,0.006048,-0.215245,0.031780,0.037055,0.037089,-2.992574,-0.370079,1.569210
250,-0.212637,0.064056,-0.373408,0.030229,0.033699,0.030598,1.397928,-0.358488,1.581323
