label,x,y,z,w,h,l,roll,pitch,yaw
125,0.025961,0.118938,-0.346217,0.010000,0.008791,0.009561,-1.006811,0.036999,0.023393
125,-0.200361,0.032640,-0.211009,0.014162,0.012450,0.013540,2.472229,-0.892647,1.852684
125,-0.037096,0.158856,-0.404436,0.023465,0.022206,0.023861,-0.822352,-0.556764,1.562129
250,-0.212873,0.123245,-0.335543,0.032311,0.037674,0.037709,1.567214,-0.563548,1.582626
125,0.399855,0.220956,-0.498888,0.011383,0.010773,0.011576,-0.502886,0.915148,0.964148
125,0.430608,0.221977,-0.500807,0.024293,0.027081,0.024589,-0.442061,-0.407273,1.482816
250,-0.098231,0.045041,-0.212307,0.031780,0.037055,0.037089,-2.992193,-0.573442,1.569036
250,-0.247637,0.133797,-0.355495,0.030229,0.033699,0.030598,1.395416,-0.561838,1.582444
