label,x,y,z,w,h,l,roll,pitch,yaw
125,-0.009039,0.131336,-0.340124,0.010000,0.008791,0.009561,-0.986602,0.036519,0.024136
125,-0.072096,0.172422,-0.397525,0.023465,0.022206,0.023861,-0.822143,-0.576965,1.562017
250,-0.247873,0.135426,-0.329366,0.032311,0.037674,0.037709,1.566928,-0.583748,1.582781
125,0.364855,0.236416,-0.490704,0.011383,0.010773,0.011576,-0.484394,0.898468,0.978712
125,0.395608,0.237476,-0.492601,0.024293,0.027081,0.024589,-0.440110,-0.427395,1.482026
250,-0.133231,0.054749,-0.207734,0.031780,0.037055,0.037089,-2.992150,-0.593643,1.569012
250,-0.282637,0.146379,-0.349100,0.030229,0.033699,0.030598,1.395134,-0.582038,1.582597
