label,x,y,z,w,h,l,roll,pitch,yaw
125,-0.044039,0.086942,-0.359066,0.010000,0.008791,0.009561,-1.063868,0.038272,0.021246
125,-0.107096,0.123476,-0.419465,0.023465,0.022206,0.023861,-0.822915,-0.499736,1.562413
250,-0.282873,0.091850,-0.348655,0.032311,0.037674,0.037709,1.567985,-0.506522,1.582232
125,0.329855,0.180091,-0.517304,0.011383,0.010773,0.011576,-0.559680,0.961262,0.918327
125,0.360608,0.181001,-0.519277,0.024293,0.027081,0.024589,-0.447393,-0.350458,1.484789
250,-0.168231,0.020797,-0.221161,0.031780,0.037055,0.037089,-2.992308,-0.516412,1.569096
250,-0.317637,0.101247,-0.369175,0.030229,0.033699,0.030598,1.396174,-0.504812,1.582059
