label,x,y,z,w,h,l,roll,pitch,yaw
125,-0.079039,0.098620,-0.353731,0.010000,0.008791,0.009561,-1.052095,0.038020,0.021695
125,-0.142096,0.135862,-0.413697,0.023465,0.022206,0.023861,-0.822802,-0.511502,1.562358
250,-0.317873,0.103405,-0.343263,0.032311,0.037674,0.037709,1.567830,-0.518288,1.582308
125,0.294855,0.193624,-0.510863,0.011383,0.010773,0.011576,-0.547366,0.951876,0.928391
125,0.325608,0.194558,-0.512826,0.024293,0.027081,0.024589,-0.446312,-0.362181,1.484412
250,-0.203231,0.030858,-0.216615,0.031780,0.037055,0.037089,-2.992285,-0.528178,1.569084
250,-0.352637,0.113043,-0.363672,0.030229,0.033699,0.030598,1.396022,-0.516578,1.582133
