label,x,y,z,w,h,l,roll,pitch,yaw
125,-0.114039,0.138074,-0.331795,0.010000,0.008791,0.009561,-1.040932,0.037775,0.022118
125,-0.177096,0.175983,-0.391342,0.023465,0.022206,0.023861,-0.822693,-0.522660,1.562304
125,0.259855,0.234825,-0.487857,0.011383,0.010773,0.011576,-0.535985,0.942911,0.937630
125,0.290608,0.235781,-0.489809,0.024293,0.027081,0.024589,-0.445278,-0.373297,1.484040
