label,x,y,z,w,h,l,roll,pitch,yaw
250,0.325631,0.107404,-0.341758,0.042062,0.039805,0.042771,-1.525642,-0.363599,1.560106
125,-0.149039,0.096788,-0.344168,0.010000,0.008791,0.009561,-1.206446,0.040901,0.015593
125,-0.212096,0.124374,-0.409144,0.023465,0.022206,0.023861,-0.824186,-0.357250,1.562942
125,0.224855,0.166522,-0.514031,0.011383,0.010773,0.011576,-0.739552,1.067927,0.765236
125,0.255608,0.167142,-0.516114,0.024293,0.027081,0.024589,-0.459862,-0.208471,1.488237
