label,x,y,z,w,h,l,roll,pitch,yaw
250,0.290631,-0.000589,-0.370234,0.042062,0.039805,0.042771,-1.526783,-0.260240,1.560457
125,-0.184039,-0.011397,-0.371536,0.010000,0.008791,0.009561,-1.309891,0.042292,0.011288
125,-0.247096,0.009338,-0.439011,0.023465,0.022206,0.023861,-0.825023,-0.253888,1.563194
125,0.218787,-0.041807,-0.258034,0.009707,0.010822,0.009826,-1.189106,-0.806683,-0.282064
250,0.112075,-0.071635,-0.140306,0.018072,0.021072,0.021091,3.092046,-0.866696,1.600017
