label,x,y,z,w,h,l,roll,pitch,yaw
250,0.247530,0.043898,-0.250660,0.021329,0.018750,0.020392,-1.209025,-0.733855,0.133689
250,0.255631,0.115675,-0.349360,0.042062,0.039805,0.042771,-1.523202,-0.558345,1.559016
125,-0.219039,0.105726,-0.353778,0.010000,0.008791,0.009561,-1.011576,0.037110,0.023217
125,-0.282096,0.145366,-0.412187,0.023465,0.022206,0.023861,-0.822401,-0.552001,1.562154
125,0.183787,0.043319,-0.254216,0.009707,0.010822,0.009826,-0.815851,-0.686174,-0.537563
125,0.267079,0.053766,-0.269036,0.018920,0.018017,0.019562,-1.988687,-0.599123,1.469977
125,0.185608,0.208027,-0.508857,0.024293,0.027081,0.024589,-0.442515,-0.402528,1.482995
250,0.077075,-0.019773,-0.150442,0.018072,0.021072,0.021091,3.070324,-1.164613,1.618684
