label,x,y,z,w,h,l,roll,pitch,yaw
250,0.212530,0.106792,-0.212204,0.021329,0.018750,0.020392,-1.168845,-0.737454,0.106724
250,0.220631,0.181498,-0.308706,0.042062,0.039805,0.042771,-1.522778,-0.588347,1.558785
125,-0.254039,0.171686,-0.313421,0.010000,0.008791,0.009561,-0.981560,0.036397,0.024320
125,-0.317096,0.213060,-0.370614,0.023465,0.022206,0.023861,-0.822090,-0.582005,1.561987
125,0.148787,0.106320,-0.215776,0.009707,0.010822,0.009826,-0.782955,-0.670544,-0.558208
125,0.119855,0.277524,-0.463469,0.011383,0.010773,0.011576,-0.479901,0.894280,0.982221
125,0.150608,0.278593,-0.465361,0.024293,0.027081,0.024589,-0.439618,-0.432416,1.481820
250,0.042075,0.040143,-0.113941,0.018072,0.021072,0.021091,3.066415,-1.194581,1.622298
