label,x,y,z,w,h,l,roll,pitch,yaw
250,0.177530,-0.020925,-0.250048,0.021329,0.018750,0.020392,-1.579341,-0.659437,0.373072
250,0.185631,0.019312,-0.365263,0.042062,0.039805,0.042771,-1.526726,-0.265592,1.560442
125,-0.289039,0.008511,-0.366622,0.010000,0.008791,0.009561,-1.304534,0.042231,0.011514
125,-0.352096,0.029607,-0.433986,0.023465,0.022206,0.023861,-0.824981,-0.259240,1.563183
125,0.113787,-0.022507,-0.253285,0.009707,0.010822,0.009826,-1.181688,-0.805179,-0.287416
125,0.197079,-0.016780,-0.270490,0.018920,0.018017,0.019562,-2.019170,-0.307622,1.483472
125,0.115608,0.061702,-0.544627,0.024293,0.027081,0.024589,-0.467982,-0.110787,1.489530
250,0.007075,-0.052963,-0.135718,0.018072,0.021072,0.021091,3.091803,-0.872046,1.600203
