label,x,y,z,w,h,l,roll,pitch,yaw
250,0.142530,0.009007,-0.260612,0.021329,0.018750,0.020392,-1.317717,-0.719914,0.205962
250,0.150631,0.072418,-0.364883,0.042062,0.039805,0.042771,-1.524293,-0.475962,1.559556
125,-0.324039,0.062139,-0.368468,0.010000,0.008791,0.009561,-1.094005,0.038895,0.020083
125,-0.387096,0.096838,-0.429941,0.023465,0.022206,0.023861,-0.823198,-0.469616,1.562544
125,0.078787,0.008137,-0.264108,0.009707,0.010822,0.009826,-0.910533,-0.726202,-0.476081
125,0.049855,0.150481,-0.529440,0.011383,0.010773,0.011576,-0.592757,0.984946,0.890981
125,0.162080,0.017330,-0.279737,0.018920,0.018017,0.019562,-1.998216,-0.517132,1.475028
125,0.080608,0.151331,-0.531440,0.024293,0.027081,0.024589,-0.450119,-0.320447,1.485687
250,-0.027925,-0.046200,-0.155493,0.018072,0.021072,0.021091,3.078718,-1.082304,1.611109
