label,x,y,z,w,h,l,roll,pitch,yaw
250,0.107530,-0.027901,-0.257018,0.021329,0.018750,0.020392,-1.520474,-0.676565,0.336601
250,0.115631,0.017963,-0.370111,0.042062,0.039805,0.042771,-1.526189,-0.314871,1.560288
125,-0.359038,0.007243,-0.372001,0.010000,0.008791,0.009561,-1.255213,0.041612,0.013582
125,-0.422096,0.031631,-0.438243,0.023465,0.022206,0.023861,-0.824588,-0.308521,1.563073
125,0.043787,-0.029321,-0.260329,0.009707,0.010822,0.009826,-1.114513,-0.790070,-0.335503
125,0.014855,0.068619,-0.545059,0.011383,0.010773,0.011576,-0.817153,1.100481,0.696625
125,0.127080,-0.022754,-0.277231,0.018920,0.018017,0.019562,-2.014585,-0.356714,1.481977
125,0.045609,0.069138,-0.547169,0.024293,0.027081,0.024589,-0.463931,-0.159905,1.488983
250,-0.062925,-0.065532,-0.144405,0.018072,0.021072,0.021091,3.089408,-0.921306,1.602075
