label,x,y,z,w,h,l,roll,pitch,yaw
250,0.072530,0.072202,-0.232303,0.021329,0.018750,0.020392,-1.218190,-0.732918,0.139825
250,0.080631,0.143299,-0.331493,0.042062,0.039805,0.042771,-1.523297,-0.551472,1.559066
125,0.008787,0.071598,-0.235855,0.009707,0.010822,0.009826,-0.823504,-0.689679,-0.532704
125,0.092080,0.081944,-0.250746,0.018920,0.018017,0.019562,-1.989521,-0.592285,1.470445
125,0.010608,0.234552,-0.491622,0.024293,0.027081,0.024589,-0.443169,-0.395681,1.483249
250,-0.097925,0.009221,-0.131649,0.018072,0.021072,0.021091,3.071144,-1.157748,1.617932
