label,x,y,z,w,h,l,roll,pitch,yaw
250,0.037530,0.006449,-0.245071,0.021329,0.018750,0.020392,-1.531903,-0.673407,0.343743
250,0.045631,0.051241,-0.358592,0.042062,0.039805,0.042771,-1.526294,-0.305407,1.560320
125,-0.026213,0.004998,-0.248368,0.009707,0.010822,0.009826,-1.127252,-0.793146,-0.326439
125,-0.055145,0.100239,-0.534012,0.011383,0.010773,0.011576,-0.833367,1.106501,0.682150
125,0.057080,0.011405,-0.265331,0.018920,0.018017,0.019562,-2.015478,-0.347285,1.482285
125,-0.024391,0.100737,-0.536127,0.024293,0.027081,0.024589,-0.464713,-0.150471,1.489104
250,-0.132925,-0.030115,-0.132107,0.018072,0.021072,0.021091,3.089891,-0.911845,1.601691
