label,x,y,z,w,h,l,roll,pitch,yaw
125,-0.270971,0.103979,-0.342646,0.010000,0.008791,0.009561,0.994669,-0.035376,-3.118619
125,0.017285,0.172802,-0.444347,0.010982,0.010458,0.011354,-0.871948,0.561844,0.420923
125,-0.208026,0.067738,-0.281953,0.023465,0.022206,0.023861,2.308213,-0.582462,1.579621
125,0.027789,0.215824,-0.501554,0.033137,0.031556,0.034262,-0.676557,-0.567936,1.563332
250,-0.032126,0.115269,-0.342880,0.032311,0.037674,0.037709,-1.563162,-0.575677,1.558875
250,-0.146536,0.194598,-0.465612,0.031780,0.037055,0.037089,0.145923,-0.565828,1.572530
250,0.002602,0.101529,-0.324904,0.030229,0.033699,0.030598,-1.735144,-0.577388,1.559035
