label,x,y,z,w,h,l,roll,pitch,yaw
125,-0.235971,0.093305,-0.332399,0.010000,0.008791,0.009561,1.211663,-0.039491,-3.126772
125,-0.173026,0.070973,-0.265329,0.023465,0.022206,0.023861,2.310246,-0.365590,1.578687
125,0.062789,0.168335,-0.511651,0.033137,0.031556,0.034262,-0.678268,-0.351061,1.564095
250,0.002874,0.104280,-0.335056,0.032311,0.037674,0.037709,-1.565901,-0.358810,1.560116
250,-0.531704,0.178687,-0.556075,0.018072,0.021072,0.021091,-0.033587,0.247325,1.550352
250,-0.111536,0.155341,-0.471983,0.031780,0.037055,0.037089,0.146319,-0.348948,1.572354
250,0.037602,0.094730,-0.314545,0.030229,0.033699,0.030598,-1.737849,-0.360522,1.560265
