label,x,y,z,w,h,l,roll,pitch,yaw
125,-0.200971,0.089196,-0.353885,0.010000,0.008791,0.009561,0.982710,-0.035099,-3.118198
125,0.025607,0.177321,-0.487476,0.014162,0.012450,0.013540,-0.406400,-0.235499,1.389796
125,-0.138026,0.052231,-0.293629,0.023465,0.022206,0.023861,2.308086,-0.594417,1.579692
125,0.097789,0.202932,-0.511444,0.033137,0.031556,0.034262,-0.676450,-0.579891,1.563274
250,0.037874,0.100487,-0.353983,0.032311,0.037674,0.037709,-1.562990,-0.587631,1.558781
250,-0.496704,0.223091,-0.552362,0.018072,0.021072,0.021091,-0.028949,0.018536,1.550971
250,-0.076536,0.181278,-0.475758,0.031780,0.037055,0.037089,0.145898,-0.577783,1.572543
250,0.072602,0.086534,-0.336173,0.030229,0.033699,0.030598,-1.734975,-0.589343,1.558942
