label,x,y,z,w,h,l,roll,pitch,yaw
125,-0.165971,0.049763,-0.348066,0.010000,0.008791,0.009561,1.219287,-0.039602,-3.127074
125,0.122285,0.094219,-0.462535,0.010982,0.010458,0.011354,-1.127854,0.638956,0.275696
125,0.060607,0.104142,-0.498584,0.014162,0.012450,0.013540,-0.448582,-0.002766,1.394844
125,-0.103026,0.027943,-0.280828,0.023465,0.022206,0.023861,2.310310,-0.357971,1.578665
125,0.132789,0.123426,-0.527885,0.033137,0.031556,0.034262,-0.678322,-0.343442,1.564114
250,0.072874,0.060718,-0.350807,0.032311,0.037674,0.037709,-1.565988,-0.351192,1.560146
250,-0.461704,0.133439,-0.572387,0.018072,0.021072,0.021091,-0.033748,0.254942,1.550312
250,-0.041536,0.110734,-0.488119,0.031780,0.037055,0.037089,0.146332,-0.341329,1.572349
250,0.107602,0.051325,-0.330224,0.030229,0.033699,0.030598,-1.737934,-0.352903,1.560295
