label,x,y,z,w,h,l,roll,pitch,yaw
125,-0.130971,0.127359,-0.325063,0.010000,0.008791,0.009561,1.023982,-0.036034,-3.119666
125,0.157285,0.193173,-0.428736,0.010982,0.010458,0.011354,-0.903787,0.573588,0.403801
125,0.095607,0.209900,-0.462176,0.014162,0.012450,0.013540,-0.413968,-0.194910,1.391412
125,-0.068026,0.092912,-0.263334,0.023465,0.022206,0.023861,2.308517,-0.553162,1.579458
125,0.167789,0.234501,-0.487180,0.033137,0.031556,0.034262,-0.676812,-0.538636,1.563466
250,0.107874,0.138637,-0.325627,0.032311,0.037674,0.037709,-1.563570,-0.546378,1.559092
250,-0.426704,0.252955,-0.528894,0.018072,0.021072,0.021091,-0.029768,0.059784,1.550939
250,-0.006536,0.214337,-0.450631,0.031780,0.037055,0.037089,0.145982,-0.536526,1.572499
250,0.142602,0.125430,-0.307257,0.030229,0.033699,0.030598,-1.735548,-0.548089,1.559251
