label,x,y,z,w,h,l,roll,pitch,yaw
125,-0.095971,0.056491,-0.360894,0.010000,0.008791,0.009561,1.071112,-0.037027,-3.121387
125,0.192285,0.117349,-0.467552,0.010982,0.010458,0.011354,-0.955978,0.591479,0.375083
125,0.130607,0.132482,-0.501742,0.014162,0.012450,0.013540,-0.422464,-0.148551,1.392864
125,-0.033026,0.024988,-0.297612,0.023465,0.022206,0.023861,2.308983,-0.506055,1.579222
125,0.202789,0.155879,-0.527877,0.033137,0.031556,0.034262,-0.677203,-0.491528,1.563659
250,0.142874,0.067729,-0.361989,0.032311,0.037674,0.037709,-1.564198,-0.499272,1.559406
250,0.028464,0.137458,-0.490419,0.031780,0.037055,0.037089,0.146072,-0.489417,1.572454
250,0.177602,0.055402,-0.343017,0.030229,0.033699,0.030598,-1.736168,-0.500983,1.559561
