label,x,y,z,w,h,l,roll,pitch,yaw
125,-0.060971,0.113980,-0.329841,0.010000,0.008791,0.009561,1.066118,-0.036925,-3.121203
125,0.165607,0.190674,-0.470308,0.014162,0.012450,0.013540,-0.421570,-0.153463,1.392730
125,0.001974,0.082162,-0.266717,0.023465,0.022206,0.023861,2.308935,-0.511046,1.579246
125,0.237789,0.214200,-0.496325,0.033137,0.031556,0.034262,-0.677163,-0.496519,1.563640
250,0.177874,0.125224,-0.330880,0.032311,0.037674,0.037709,-1.564133,-0.504263,1.559375
250,0.063464,0.195593,-0.458960,0.031780,0.037055,0.037089,0.146063,-0.494409,1.572459
250,0.212602,0.112802,-0.311970,0.030229,0.033699,0.030598,-1.736104,-0.505974,1.559530
