label,x,y,z,w,h,l,roll,pitch,yaw
125,-0.025971,0.128270,-0.326765,0.010000,0.008791,0.009561,0.993266,-0.035344,-3.118569
125,0.200607,0.214981,-0.461279,0.014162,0.012450,0.013540,-0.408349,-0.225119,1.390240
125,0.036974,0.091944,-0.266123,0.023465,0.022206,0.023861,2.308198,-0.583865,1.579629
250,0.212874,0.139560,-0.326983,0.032311,0.037674,0.037709,-1.563142,-0.577080,1.558864
125,-0.428610,0.192623,-0.425848,0.009707,0.010822,0.009826,0.794755,0.677823,2.589875
250,0.098464,0.219062,-0.449603,0.031780,0.037055,0.037089,0.145920,-0.567231,1.572532
250,0.247602,0.125795,-0.309026,0.030229,0.033699,0.030598,-1.735125,-0.578791,1.559025
