label,x,y,z,w,h,l,roll,pitch,yaw
250,-0.290643,0.121896,-0.328477,0.042062,0.039805,0.042771,1.604254,-0.562669,1.582610
125,0.184029,0.113189,-0.334876,0.010000,0.008791,0.009561,1.008092,-0.035681,-3.119096
125,0.410607,0.197896,-0.470660,0.014162,0.012450,0.013540,-0.411070,-0.210538,1.390829
125,0.246974,0.077765,-0.273702,0.023465,0.022206,0.023861,2.308353,-0.569045,1.579545
125,0.482789,0.222891,-0.495270,0.033137,0.031556,0.034262,-0.676675,-0.554519,1.563395
125,-0.301930,0.167331,-0.419162,0.018920,0.018017,0.019562,1.046866,-0.517489,1.666506
250,-0.111704,0.242006,-0.536686,0.018072,0.021072,0.021091,-0.029452,0.043903,1.550955
250,0.308464,0.202150,-0.459046,0.031780,0.037055,0.037089,0.145950,-0.552410,1.572516
