label,x,y,z,w,h,l,roll,pitch,yaw
250,-0.255643,0.089329,-0.342608,0.042062,0.039805,0.042771,1.604998,-0.507638,1.582231
125,0.219029,0.080283,-0.348519,0.010000,0.008791,0.009561,1.063150,-0.036865,-3.121093
125,0.445607,0.157393,-0.488757,0.014162,0.012450,0.013540,-0.421038,-0.156383,1.392648
125,0.281974,0.048278,-0.285489,0.023465,0.022206,0.023861,2.308906,-0.514013,1.579260
125,0.517789,0.180996,-0.514705,0.033137,0.031556,0.034262,-0.677139,-0.499485,1.563628
125,-0.155157,-0.004505,-0.186318,0.011383,0.010773,0.011576,0.560818,-0.959823,-2.224971
125,-0.185914,-0.005675,-0.184545,0.024293,0.027081,0.024589,2.600044,-0.659456,1.673370
250,-0.076704,0.197804,-0.557109,0.018072,0.021072,0.021091,-0.030549,0.098927,1.550877
250,0.343464,0.162278,-0.477394,0.031780,0.037055,0.037089,0.146057,-0.497375,1.572462
