label,x,y,z,w,h,l,roll,pitch,yaw
250,-0.212348,0.172391,-0.435308,0.021329,0.018750,0.020392,0.831918,0.244098,2.430438
250,-0.220643,0.121314,-0.324486,0.042062,0.039805,0.042771,1.605068,-0.502236,1.582196
125,0.254029,0.112236,-0.330348,0.010000,0.008791,0.009561,1.068555,-0.036975,-3.121293
125,-0.148610,0.168956,-0.433988,0.009707,0.010822,0.009826,0.879695,0.715535,2.644408
125,-0.120157,0.028326,-0.167692,0.011383,0.010773,0.011576,0.566583,-0.964102,-2.229701
125,-0.231930,0.161189,-0.417750,0.018920,0.018017,0.019562,1.053300,-0.457320,1.663492
125,-0.150914,0.027166,-0.165913,0.024293,0.027081,0.024589,2.600741,-0.654082,1.672945
250,-0.041704,0.228628,-0.539570,0.018072,0.021072,0.021091,-0.030657,0.104328,1.550866
250,0.378464,0.193534,-0.459665,0.031780,0.037055,0.037089,0.146068,-0.491973,1.572457
