label,x,y,z,w,h,l,roll,pitch,yaw
250,-0.185643,0.082577,-0.344800,0.042062,0.039805,0.042771,1.605181,-0.493557,1.582143
125,0.289029,0.073449,-0.350582,0.010000,0.008791,0.009561,1.077239,-0.037150,-3.121614
125,-0.085157,-0.009046,-0.187204,0.011383,0.010773,0.011576,0.575997,-0.970944,-2.237453
125,-0.196930,0.121641,-0.438406,0.018920,0.018017,0.019562,1.054191,-0.448677,1.663102
125,-0.115914,-0.010191,-0.185415,0.024293,0.027081,0.024589,2.601849,-0.645447,1.672274
250,-0.006704,0.188021,-0.560807,0.018072,0.021072,0.021091,-0.030831,0.113006,1.550847
250,0.413464,0.153622,-0.480600,0.031780,0.037055,0.037089,0.146084,-0.483293,1.572449
