label,x,y,z,w,h,l,roll,pitch,yaw
250,-0.142348,0.066844,-0.468285,0.021329,0.018750,0.020392,0.968845,0.352554,2.470801
250,-0.150643,0.035240,-0.350423,0.042062,0.039805,0.042771,1.607107,-0.332340,1.581367
125,0.324029,0.025302,-0.354665,0.010000,0.008791,0.009561,1.238563,-0.039875,-3.127839
125,-0.050157,-0.029896,-0.180163,0.011383,0.010773,0.011576,0.791686,-1.088503,-2.422841
125,-0.161930,0.058771,-0.449086,0.018920,0.018017,0.019562,1.069625,-0.288092,1.657526
125,-0.080914,-0.030739,-0.178213,0.024293,0.027081,0.024589,2.620232,-0.484965,1.662397
250,0.448464,0.083564,-0.495867,0.031780,0.037055,0.037089,0.146364,-0.322067,1.572339
