label,x,y,z,w,h,l,roll,pitch,yaw
250,-0.107348,0.139057,-0.454192,0.021329,0.018750,0.020392,0.827116,0.240077,2.429287
250,-0.115643,0.087298,-0.343688,0.042062,0.039805,0.042771,1.604988,-0.508392,1.582235
125,-0.015157,-0.006653,-0.187469,0.011383,0.010773,0.011576,0.560018,-0.959224,-2.224317
125,-0.126930,0.127746,-0.436704,0.018920,0.018017,0.019562,1.052663,-0.463450,1.663775
125,-0.045914,-0.007825,-0.185696,0.024293,0.027081,0.024589,2.599946,-0.660206,1.673430
250,0.063296,0.195935,-0.558107,0.018072,0.021072,0.021091,-0.030534,0.098173,1.550879
250,0.483464,0.160349,-0.478419,0.031780,0.037055,0.037089,0.146056,-0.498130,1.572462
