label,x,y,z,w,h,l,roll,pitch,yaw
250,-0.072348,0.186026,-0.426619,0.021329,0.018750,0.020392,0.852510,0.261187,2.435586
250,-0.080643,0.137876,-0.314495,0.042062,0.039805,0.042771,1.605405,-0.475977,1.582038
125,-0.008610,0.182627,-0.425210,0.009707,0.010822,0.009826,0.910610,0.727825,2.664833
125,0.019843,0.049037,-0.155313,0.011383,0.010773,0.011576,0.595651,-0.984672,-2.253752
125,-0.010914,0.047924,-0.153504,0.024293,0.027081,0.024589,2.604050,-0.627955,1.670966
250,0.098296,0.239506,-0.532323,0.018072,0.021072,0.021091,-0.031185,0.130583,1.550804
