label,x,y,z,w,h,l,roll,pitch,yaw
250,-0.037348,0.192561,-0.431066,0.021329,0.018750,0.020392,0.755664,0.178774,2.414419
250,-0.045643,0.130769,-0.325843,0.042062,0.039805,0.042771,1.603700,-0.601342,1.582914
125,0.054843,0.022723,-0.179019,0.011383,0.010773,0.011576,0.470961,-0.883397,-2.153324
125,0.024086,0.021392,-0.177364,0.024293,0.027081,0.024589,2.586917,-0.752633,1.681897
250,0.133296,0.258839,-0.529253,0.018072,0.021072,0.021091,-0.028685,0.005235,1.550974
