label,x,y,z,w,h,l,roll,pitch,yaw
125,0.017010,0.098799,-0.314325,0.011294,0.012590,0.011432,1.231712,-0.559423,2.669343
125,-0.005652,0.092286,-0.294878,0.024501,0.023186,0.024915,1.815779,-0.644457,1.811201
250,0.249996,0.080274,-0.268126,0.028801,0.033582,0.033613,-2.144921,-0.585633,1.560757
250,0.273009,0.180789,-0.423311,0.031360,0.029864,0.032425,-0.957309,-0.574443,1.561020
250,-0.102936,0.218985,-0.478132,0.032452,0.036177,0.032848,0.810291,-0.386658,1.828398
