label,x,y,z,w,h,l,roll,pitch,yaw
125,0.463975,0.098840,-0.498318,0.017186,0.019159,0.017396,0.520851,0.563477,2.032007
125,0.300484,0.033093,-0.298671,0.009550,0.011135,0.011145,-1.221165,-0.250465,-0.090126
125,-0.017990,0.034600,-0.323895,0.011294,0.012590,0.011432,1.469357,-0.436630,2.555193
125,-0.040652,0.032935,-0.303453,0.024501,0.023186,0.024915,1.877970,-0.408550,1.779723
250,0.214996,0.027682,-0.274604,0.028801,0.033582,0.033613,-2.147475,-0.343743,1.561910
250,0.238009,0.088096,-0.449348,0.031360,0.029864,0.032425,-0.959786,-0.332553,1.562114
250,-0.137936,0.112047,-0.511723,0.032452,0.036177,0.032848,0.872072,-0.152160,1.811836
