label,x,y,z,w,h,l,roll,pitch,yaw
125,0.428975,0.092250,-0.501378,0.017186,0.019159,0.017396,0.516185,0.555494,2.029530
125,0.265484,0.024726,-0.302324,0.009550,0.011135,0.011145,-1.212009,-0.249653,-0.092391
125,-0.052990,0.026458,-0.327534,0.011294,0.012590,0.011432,1.461150,-0.441547,2.558682
125,-0.075652,0.024611,-0.307108,0.024501,0.023186,0.024915,1.875948,-0.417264,1.780534
250,0.179996,0.019101,-0.278306,0.028801,0.033582,0.033613,-2.147391,-0.352651,1.561881
125,0.447479,0.082993,-0.473682,0.009550,0.011135,0.011145,0.860703,1.021675,2.508864
250,0.203009,0.081070,-0.452505,0.031360,0.029864,0.032425,-0.959704,-0.341461,1.562087
250,-0.172936,0.105575,-0.514665,0.032452,0.036177,0.032848,0.869917,-0.160810,1.812171
