label,x,y,z,w,h,l,roll,pitch,yaw
125,0.393975,0.137331,-0.498113,0.017186,0.019159,0.017396,0.441808,0.416086,1.994706
125,0.230484,0.040055,-0.311783,0.009550,0.011135,0.011145,-1.054291,-0.232507,-0.130122
125,-0.087990,0.045636,-0.336428,0.011294,0.012590,0.011432,1.312768,-0.522054,2.627594
125,-0.110652,0.040675,-0.316528,0.024501,0.023186,0.024915,1.838036,-0.567714,1.798513
125,0.212102,-0.018320,-0.203166,0.026530,0.030933,0.030962,-1.912951,-0.825330,0.923964
250,0.144996,0.030809,-0.288913,0.028801,0.033582,0.033613,-2.145826,-0.506746,1.561227
125,0.412479,0.123933,-0.472166,0.009550,0.011135,0.011145,0.654983,0.919833,2.338671
250,0.168009,0.118782,-0.451536,0.031360,0.029864,0.032425,-0.958184,-0.495557,1.561467
250,-0.207936,0.152538,-0.509198,0.032452,0.036177,0.032848,0.831377,-0.310296,1.821192
