label,x,y,z,w,h,l,roll,pitch,yaw
125,0.358975,0.132088,-0.499421,0.017186,0.019159,0.017396,0.446812,0.426179,1.996752
250,0.319697,0.035788,-0.288733,0.042363,0.049395,0.049440,2.165295,-0.495829,1.580187
125,0.195484,0.036881,-0.312025,0.009550,0.011135,0.011145,-1.065583,-0.233931,-0.127512
125,-0.122990,0.042189,-0.336731,0.011294,0.012590,0.011432,1.323863,-0.516581,2.622088
125,-0.145652,0.037449,-0.316776,0.024501,0.023186,0.024915,1.840982,-0.556920,1.796942
125,0.177102,-0.020287,-0.202768,0.026530,0.030933,0.030962,-1.922700,-0.816466,0.931099
250,0.109996,0.027890,-0.289054,0.028801,0.033582,0.033613,-2.145946,-0.495668,1.561285
125,0.377479,0.118978,-0.473328,0.009550,0.011135,0.011145,0.667816,0.927764,2.348910
250,-0.242936,0.147171,-0.510673,0.032452,0.036177,0.032848,0.834250,-0.299562,1.820330
