label,x,y,z,w,h,l,roll,pitch,yaw
125,0.323975,0.265566,-0.427771,0.017186,0.019159,0.017396,0.395001,0.316986,1.977908
125,0.160484,0.148720,-0.253047,0.009550,0.011135,0.011145,-0.944322,-0.217123,-0.154661
125,-0.157990,0.156932,-0.276944,0.011294,0.012590,0.011432,1.200554,-0.572581,2.686053
125,-0.180652,0.149849,-0.257696,0.024501,0.023186,0.024915,1.806826,-0.672998,1.816682
125,0.142102,0.078947,-0.151375,0.026530,0.030933,0.030962,-1.806737,-0.909135,0.842869
250,0.074996,0.137057,-0.231310,0.028801,0.033582,0.033613,-2.144559,-0.615037,1.560553
125,0.342479,0.249442,-0.403424,0.009550,0.011135,0.011145,0.542438,0.838625,2.251874
250,0.098009,0.242091,-0.383472,0.031360,0.029864,0.032425,-0.956960,-0.603847,1.560826
250,-0.277936,0.281882,-0.437147,0.032452,0.036177,0.032848,0.802106,-0.415082,1.831592
