label,x,y,z,w,h,l,roll,pitch,yaw
250,0.074697,0.120233,-0.243534,0.042363,0.049395,0.049440,2.165210,-0.503769,1.580228
125,-0.049516,0.121511,-0.266817,0.009550,0.011135,0.011145,-1.057490,-0.232914,-0.129384
125,-0.067898,0.063477,-0.158017,0.026530,0.030933,0.030962,-1.915732,-0.822824,0.926006
250,-0.135004,0.112338,-0.243918,0.028801,0.033582,0.033613,-2.145860,-0.503608,1.561244
125,0.175325,0.078705,-0.188274,0.009707,0.010822,0.009826,0.175850,-1.064107,-1.771284
125,0.071167,0.076030,-0.195311,0.013116,0.014622,0.013276,0.866101,-0.741327,-2.620352
250,-0.111991,0.199799,-0.406816,0.031360,0.029864,0.032425,-0.958218,-0.492418,1.561483
250,-0.487936,0.233375,-0.464583,0.032452,0.036177,0.032848,0.832193,-0.307256,1.820944
