label,x,y,z,w,h,l,roll,pitch,yaw
250,0.039697,0.110612,-0.249285,0.042363,0.049395,0.049440,2.164997,-0.523392,1.580332
125,-0.084516,0.112347,-0.272538,0.009550,0.011135,0.011145,-1.037502,-0.230337,-0.133973
125,-0.102898,0.052190,-0.164898,0.026530,0.030933,0.030962,-1.898092,-0.838431,0.912980
250,-0.170004,0.102726,-0.249823,0.028801,0.033582,0.033613,-2.145643,-0.523231,1.561138
125,0.140325,0.068008,-0.194850,0.009707,0.010822,0.009826,0.168065,-1.044863,-1.764514
125,0.036167,0.065472,-0.201938,0.013116,0.014622,0.013276,0.843234,-0.731424,-2.604993
250,-0.146991,0.193368,-0.410974,0.031360,0.029864,0.032425,-0.958008,-0.512041,1.561382
