label,x,y,z,w,h,l,roll,pitch,yaw
125,0.043975,0.227707,-0.453297,0.017186,0.019159,0.017396,0.398083,0.323759,1.978879
250,0.004697,0.108464,-0.254692,0.042363,0.049395,0.049440,2.164017,-0.607821,1.580858
125,-0.119516,0.112153,-0.277715,0.009550,0.011135,0.011145,-0.951789,-0.218254,-0.153048
125,-0.137898,0.043133,-0.175532,0.026530,0.030933,0.030962,-1.814670,-0.903612,0.849114
250,-0.205004,0.100651,-0.255893,0.028801,0.033582,0.033613,-2.144651,-0.607660,1.560606
125,0.062479,0.211763,-0.428832,0.009550,0.011135,0.011145,0.549431,0.844345,2.257089
125,0.105326,0.061421,-0.204043,0.009707,0.010822,0.009826,0.139681,-0.961813,-1.740557
125,0.001167,0.059491,-0.211321,0.013116,0.014622,0.013276,0.749426,-0.686024,-2.543895
250,-0.181991,0.204560,-0.408826,0.031360,0.029864,0.032425,-0.957048,-0.596470,1.560877
