label,x,y,z,w,h,l,roll,pitch,yaw
125,0.008975,0.243707,-0.442683,0.017186,0.019159,0.017396,0.395299,0.317641,1.978001
250,-0.030303,0.123143,-0.244876,0.042363,0.049395,0.049440,2.163935,-0.614485,1.580905
125,-0.154516,0.126986,-0.267875,0.009550,0.011135,0.011145,-0.945044,-0.217233,-0.154506
125,-0.172898,0.057285,-0.166154,0.026530,0.030933,0.030962,-1.807509,-0.908603,0.843478
250,-0.240004,0.115338,-0.246130,0.028801,0.033582,0.033613,-2.144568,-0.614324,1.560558
125,0.027479,0.227600,-0.418324,0.009550,0.011135,0.011145,0.543110,0.839179,2.252374
125,0.070326,0.075763,-0.194542,0.009707,0.010822,0.009826,0.137731,-0.955244,-1.738961
125,-0.033833,0.073882,-0.201833,0.013116,0.014622,0.013276,0.742328,-0.682261,-2.539409
250,-0.216991,0.220264,-0.398367,0.031360,0.029864,0.032425,-0.956968,-0.603134,1.560831
