label,x,y,z,w,h,l,roll,pitch,yaw
125,-0.026025,0.090070,-0.502243,0.017186,0.019159,0.017396,0.513604,0.551041,2.028174
250,-0.065303,0.023681,-0.280307,0.042363,0.049395,0.049440,2.166675,-0.357777,1.579614
250,0.254467,0.012396,-0.276172,0.025453,0.029678,0.029705,-1.842662,-0.457118,1.247017
125,-0.189516,0.021559,-0.303527,0.009550,0.011135,0.011145,-1.206906,-0.249192,-0.093651
250,-0.275004,0.015814,-0.279537,0.028801,0.033582,0.033613,-2.147343,-0.357616,1.561865
125,-0.007521,0.080676,-0.474593,0.009550,0.011135,0.011145,0.853067,1.018726,2.502357
125,0.035326,-0.009366,-0.219592,0.009707,0.010822,0.009826,0.257173,-1.206119,-1.845204
125,-0.068832,-0.013036,-0.226166,0.013116,0.014622,0.013276,1.049332,-0.805988,-2.748636
250,-0.251990,0.078647,-0.453427,0.031360,0.029864,0.032425,-0.959658,-0.346426,1.562071
