label,x,y,z,w,h,l,roll,pitch,yaw
125,-0.061025,0.235047,-0.445587,0.017186,0.019159,0.017396,0.416937,0.364459,1.985241
250,-0.100303,0.124736,-0.241884,0.042363,0.049395,0.049440,2.164545,-0.563421,1.580566
250,0.219467,0.112845,-0.240141,0.025453,0.029678,0.029705,-1.760914,-0.650749,1.203795
125,-0.224516,0.127401,-0.265049,0.009550,0.011135,0.011145,-0.996804,-0.224807,-0.143156
125,-0.042521,0.220205,-0.420438,0.009550,0.011135,0.011145,0.593496,0.878226,2.290527
125,0.000326,0.079988,-0.189198,0.009707,0.010822,0.009826,0.153681,-1.005533,-1.752216
125,-0.103832,0.077737,-0.196382,0.013116,0.014622,0.013276,0.797846,-0.710442,-2.575028
250,-0.286990,0.213896,-0.400132,0.031360,0.029864,0.032425,-0.957566,-0.552071,1.561158
