label,x,y,z,w,h,l,roll,pitch,yaw
125,-0.096025,0.089651,-0.504322,0.017186,0.019159,0.017396,0.503522,0.533378,2.022971
250,-0.135303,0.018912,-0.283734,0.042363,0.049395,0.049440,2.166489,-0.377438,1.579681
250,0.184467,0.007548,-0.279822,0.025453,0.029678,0.029705,-1.835626,-0.475748,1.243853
125,-0.259516,0.017247,-0.306992,0.009550,0.011135,0.011145,-1.186717,-0.247305,-0.098612
125,-0.077521,0.079716,-0.476863,0.009550,0.011135,0.011145,0.823547,1.006799,2.477314
125,-0.034674,-0.015322,-0.223681,0.009707,0.010822,0.009826,0.242940,-1.187158,-1.831954
125,-0.138832,-0.018862,-0.230326,0.013116,0.014622,0.013276,1.023307,-0.798289,-2.729927
250,-0.321990,0.077271,-0.455740,0.031360,0.029864,0.032425,-0.959475,-0.366087,1.562007
