label,x,y,z,w,h,l,roll,pitch,yaw
125,-0.131025,0.159603,-0.484008,0.017186,0.019159,0.017396,0.448146,0.428853,1.997305
250,-0.170303,0.063923,-0.273038,0.042363,0.049395,0.049440,2.165327,-0.492893,1.580172
250,0.149467,0.052184,-0.270461,0.025453,0.029678,0.029705,-1.791243,-0.584688,1.221372
125,-0.294516,0.064948,-0.296333,0.009550,0.011135,0.011145,-1.068578,-0.234303,-0.126817
125,-0.069674,0.022998,-0.217329,0.009707,0.010822,0.009826,0.180401,-1.074762,-1.775275
125,-0.173832,0.020247,-0.224337,0.013116,0.014622,0.013276,0.878953,-0.746702,-2.629055
250,-0.356990,0.141709,-0.437175,0.031360,0.029864,0.032425,-0.958332,-0.481542,1.561536
