label,x,y,z,w,h,l,roll,pitch,yaw
125,-0.166025,0.223597,-0.450790,0.017186,0.019159,0.017396,0.434542,0.401255,1.991819
250,-0.205303,0.121574,-0.242813,0.042363,0.049395,0.049440,2.164999,-0.523167,1.580331
250,0.114467,0.109762,-0.240593,0.025453,0.029678,0.029705,-1.778571,-0.613098,1.214228
125,-0.147521,0.209779,-0.425064,0.009550,0.011135,0.011145,0.636625,0.908053,2.324132
125,-0.104674,0.078982,-0.188368,0.009707,0.010822,0.009826,0.168152,-1.045083,-1.764589
250,-0.391990,0.204293,-0.404520,0.031360,0.029864,0.032425,-0.958011,-0.511817,1.561383
