label,x,y,z,w,h,l,roll,pitch,yaw
125,-0.201025,0.067552,-0.502659,0.017186,0.019159,0.017396,0.557320,0.622816,2.052403
250,-0.240303,0.019218,-0.276104,0.042363,0.049395,0.049440,2.167412,-0.277311,1.579384
250,0.079467,0.008301,-0.271076,0.025453,0.029678,0.029705,-1.870211,-0.380683,1.258232
125,-0.182521,0.060411,-0.474343,0.009550,0.011135,0.011145,0.986137,1.063035,2.617248
125,-0.139674,-0.008842,-0.212930,0.009707,0.010822,0.009826,0.333933,-1.282787,-1.917969
250,-0.426990,0.060090,-0.453082,0.031360,0.029864,0.032425,-0.960385,-0.265960,1.562290
