label,x,y,z,w,h,l,roll,pitch,yaw
125,-0.335392,0.126602,-0.390070,0.009550,0.011135,0.011145,1.136861,0.243686,3.030247
125,-0.016957,0.110138,-0.370262,0.011294,0.012590,0.011432,-1.062568,-0.039103,0.714012
125,0.005736,0.122976,-0.386212,0.024501,0.023186,0.024915,-1.113456,-0.335733,1.367678
125,-0.316815,0.177818,-0.502208,0.026530,0.030933,0.030962,0.726553,0.013643,1.991299
250,-0.249865,0.139175,-0.411137,0.028801,0.033582,0.033613,0.985850,-0.414781,1.579929
125,-0.455941,0.155893,-0.469796,0.013116,0.014622,0.013276,-0.961829,0.776601,0.454621
250,0.102666,0.037070,-0.180484,0.032452,0.036177,0.032848,-2.073247,-0.583087,1.284582
