label,x,y,z,w,h,l,roll,pitch,yaw
250,-0.424571,0.097521,-0.429114,0.042363,0.049395,0.049440,-0.969506,-0.442323,1.561648
125,-0.300392,0.079297,-0.414283,0.009550,0.011135,0.011145,1.108540,0.240517,3.023457
125,0.018043,0.062291,-0.394938,0.011294,0.012590,0.011432,-1.041618,-0.057218,0.713003
125,0.040736,0.075566,-0.410526,0.024501,0.023186,0.024915,-1.107485,-0.362836,1.365635
125,-0.281814,0.133597,-0.524961,0.026530,0.030933,0.030962,0.715255,-0.011623,1.991288
250,-0.214865,0.092448,-0.434993,0.028801,0.033582,0.033613,0.985570,-0.442457,1.580045
125,-0.420941,0.110783,-0.493167,0.013116,0.014622,0.013276,-0.927385,0.764148,0.478610
250,-0.238173,0.011480,-0.268813,0.031360,0.029864,0.032425,2.173373,-0.453648,1.579937
250,0.137666,-0.016001,-0.207254,0.032452,0.036177,0.032848,-2.063717,-0.609618,1.279229
