label,x,y,z,w,h,l,roll,pitch,yaw
250,-0.389571,0.099763,-0.420221,0.042363,0.049395,0.049440,-0.970463,-0.343701,1.562015
125,-0.265392,0.083088,-0.403667,0.009550,0.011135,0.011145,1.209655,0.250944,3.048075
125,0.053043,0.068070,-0.382741,0.011294,0.012590,0.011432,-1.116169,0.007394,0.714862
125,0.075736,0.079745,-0.399561,0.024501,0.023186,0.024915,-1.128279,-0.266209,1.372075
125,-0.246814,0.126225,-0.519153,0.026530,0.030933,0.030962,0.755585,0.078397,1.992635
250,-0.179865,0.094135,-0.425571,0.028801,0.033582,0.033613,0.986537,-0.343834,1.579674
125,-0.385941,0.106653,-0.485268,0.013116,0.014622,0.013276,-1.053913,0.805678,0.389105
250,-0.203173,0.029924,-0.252226,0.031360,0.029864,0.032425,2.174333,-0.355025,1.579559
250,0.172666,0.008639,-0.188260,0.032452,0.036177,0.032848,-2.096244,-0.514901,1.296590
