label,x,y,z,w,h,l,roll,pitch,yaw
250,-0.354571,0.122448,-0.412345,0.042363,0.049395,0.049440,-0.970336,-0.357249,1.561971
125,-0.230392,0.105550,-0.396019,0.009550,0.011135,0.011145,1.195733,0.249656,3.044626
125,0.088043,0.090250,-0.375299,0.011294,0.012590,0.011432,-1.105938,-0.001488,0.714892
125,0.110736,0.102152,-0.391959,0.024501,0.023186,0.024915,-1.125496,-0.279491,1.371325
125,-0.211814,0.150248,-0.510911,0.026530,0.030933,0.030962,0.750025,0.066035,1.992234
250,-0.144865,0.116893,-0.417772,0.028801,0.033582,0.033613,0.986409,-0.357382,1.579718
125,-0.455091,0.137359,-0.480006,0.009707,0.010822,0.009826,-0.253149,1.195380,1.299583
125,-0.350941,0.130219,-0.477294,0.013116,0.014622,0.013276,-1.035911,0.800457,0.402058
250,-0.168173,0.050340,-0.245312,0.031360,0.029864,0.032425,2.174206,-0.368574,1.579604
