label,x,y,z,w,h,l,roll,pitch,yaw
250,-0.319571,0.144542,-0.414819,0.042363,0.049395,0.049440,-0.968385,-0.547150,1.561115
125,-0.195392,0.124866,-0.401975,0.009550,0.011135,0.011145,1.001694,0.226860,2.998692
125,0.123043,0.105929,-0.384516,0.011294,0.012590,0.011432,-0.961756,-0.125536,0.705708
125,0.145736,0.120762,-0.398630,0.024501,0.023186,0.024915,-1.083628,-0.465370,1.356022
125,-0.176814,0.190449,-0.506364,0.026530,0.030933,0.030962,0.672280,-0.107283,1.993844
250,-0.109865,0.140112,-0.421196,0.028801,0.033582,0.033613,0.984437,-0.547284,1.580584
125,-0.315941,0.164433,-0.477132,0.013116,0.014622,0.013276,-0.804389,0.711976,0.561453
250,-0.133173,0.042199,-0.264400,0.031360,0.029864,0.032425,2.172245,-0.558475,1.580485
