label,x,y,z,w,h,l,roll,pitch,yaw
250,-0.284571,0.102640,-0.419354,0.042363,0.049395,0.049440,-0.970414,-0.348978,1.561998
125,-0.160392,0.085878,-0.402889,0.009550,0.011135,0.011145,1.204231,0.250448,3.046729
125,0.158043,0.070750,-0.382042,0.011294,0.012590,0.011432,-1.112184,0.003934,0.714885
125,0.180736,0.082513,-0.398800,0.024501,0.023186,0.024915,-1.127197,-0.271383,1.371788
125,-0.141814,0.129625,-0.518146,0.026530,0.030933,0.030962,0.753418,0.073582,1.992471
250,-0.074865,0.097041,-0.424735,0.028801,0.033582,0.033613,0.986488,-0.349112,1.579691
125,-0.385091,0.116991,-0.487136,0.009707,0.010822,0.009826,-0.259317,1.203342,1.293836
125,-0.280941,0.109874,-0.484365,0.013116,0.014622,0.013276,-1.046877,0.803663,0.394175
250,-0.098173,0.031916,-0.251730,0.031360,0.029864,0.032425,2.174284,-0.360303,1.579576
