label,x,y,z,w,h,l,roll,pitch,yaw
250,-0.249571,0.102343,-0.430280,0.042363,0.049395,0.049440,-0.969173,-0.474750,1.561500
125,-0.125392,0.083648,-0.416047,0.009550,0.011135,0.011145,1.075415,0.236569,3.015629
125,-0.106814,0.141507,-0.524907,0.026530,0.030933,0.030962,0.702008,-0.041224,1.991638
250,-0.039865,0.097463,-0.436321,0.028801,0.033582,0.033613,0.985233,-0.474883,1.580194
125,-0.350091,0.125083,-0.495726,0.009707,0.010822,0.009826,-0.186312,1.081205,1.360368
125,-0.245941,0.117674,-0.493870,0.013116,0.014622,0.013276,-0.888085,0.748824,0.505587
250,-0.063173,0.011150,-0.272853,0.031360,0.029864,0.032425,2.173038,-0.486075,1.580089
