label,x,y,z,w,h,l,roll,pitch,yaw
250,-0.214571,0.100071,-0.417412,0.042363,0.049395,0.049440,-0.971112,-0.272502,1.562211
125,-0.090392,0.084616,-0.399714,0.009550,0.011135,0.011145,1.282954,0.256943,3.066497
125,0.228043,0.071124,-0.377772,0.011294,0.012590,0.011432,-1.169999,0.054034,0.713208
125,0.250736,0.081573,-0.395380,0.024501,0.023186,0.024915,-1.142599,-0.196385,1.375360
125,-0.071814,0.119428,-0.517976,0.026530,0.030933,0.030962,0.785019,0.143314,1.995894
250,-0.004865,0.094077,-0.422349,0.028801,0.033582,0.033613,0.987193,-0.272636,1.579475
125,-0.315091,0.109201,-0.486091,0.009707,0.010822,0.009826,-0.331330,1.276197,1.225684
125,-0.210941,0.102316,-0.482785,0.013116,0.014622,0.013276,-1.151639,0.830347,0.317754
250,-0.028173,0.042361,-0.244874,0.031360,0.029864,0.032425,2.174982,-0.283827,1.579355
