label,x,y,z,w,h,l,roll,pitch,yaw
125,-0.149218,-0.010261,-0.231212,0.017186,0.019159,0.017396,-1.608133,-1.170473,0.275414
250,-0.109571,0.113668,-0.426854,0.042363,0.049395,0.049440,-0.968932,-0.497504,1.561388
125,0.014608,0.094654,-0.413050,0.009550,0.011135,0.011145,1.052210,0.233649,3.010223
125,0.333043,0.076607,-0.394672,0.011294,0.012590,0.011432,-0.999705,-0.093253,0.709852
125,0.355736,0.090721,-0.409505,0.024501,0.023186,0.024915,-1.095196,-0.416835,1.360963
125,0.033186,0.154975,-0.520564,0.026530,0.030933,0.030962,0.692695,-0.061992,1.992118
250,0.100135,0.108927,-0.433004,0.028801,0.033582,0.033613,0.984990,-0.497637,1.580308
125,-0.167675,0.004459,-0.256466,0.009550,0.011135,0.011145,-0.651197,-0.919462,-0.806700
250,0.076827,0.018917,-0.271542,0.031360,0.029864,0.032425,2.172796,-0.508828,1.580205
