label,x,y,z,w,h,l,roll,pitch,yaw
125,-0.079218,0.016720,-0.202233,0.017186,0.019159,0.017396,-2.008211,-1.085024,0.638071
250,-0.039571,0.101446,-0.417769,0.042363,0.049395,0.049440,-0.970797,-0.307396,1.562122
250,-0.359329,0.095275,-0.428471,0.025453,0.029678,0.029705,1.096565,-0.178301,1.864908
125,0.084608,0.085383,-0.400620,0.009550,0.011135,0.011145,1.247002,0.254166,3.057408
125,0.103186,0.124300,-0.517597,0.026530,0.030933,0.030962,0.770540,0.111510,1.994054
250,0.170135,0.095628,-0.422912,0.028801,0.033582,0.033613,0.986876,-0.307530,1.579566
125,-0.097675,0.026403,-0.229814,0.009550,0.011135,0.011145,-0.913579,-1.042491,-0.587852
125,-0.140091,0.112967,-0.486088,0.009707,0.010822,0.009826,-0.294646,1.243152,1.260612
250,0.146827,0.037751,-0.247350,0.031360,0.029864,0.032425,2.174668,-0.318721,1.579448
