label,x,y,z,w,h,l,roll,pitch,yaw
125,-0.044218,0.062092,-0.195132,0.017186,0.019159,0.017396,-1.424182,-1.184108,0.105448
250,-0.004571,0.199726,-0.381386,0.042363,0.049395,0.049440,-0.968131,-0.569245,1.560980
250,-0.324329,0.196537,-0.393322,0.025453,0.029678,0.029705,1.013981,-0.428102,1.889772
125,0.119608,0.179772,-0.368981,0.009550,0.011135,0.011145,0.979265,0.223659,2.993682
125,0.138186,0.247645,-0.471895,0.026530,0.030933,0.030962,0.663135,-0.127426,1.994915
250,0.205135,0.195438,-0.387860,0.028801,0.033582,0.033613,0.984180,-0.569378,1.580720
125,-0.062675,0.078585,-0.219266,0.009550,0.011135,0.011145,-0.574555,-0.866169,-0.866425
125,-0.105091,0.228541,-0.444394,0.009707,0.010822,0.009826,-0.150467,0.988483,1.391222
250,0.181827,0.094086,-0.233266,0.031360,0.029864,0.032425,2.171989,-0.580570,1.580623
