label,x,y,z,w,h,l,roll,pitch,yaw
125,-0.009218,-0.002605,-0.211220,0.017186,0.019159,0.017396,-1.941356,-1.106332,0.578613
250,-0.289329,0.084324,-0.434374,0.025453,0.029678,0.029705,1.085513,-0.213953,1.867062
125,0.154608,0.073401,-0.406911,0.009550,0.011135,0.011145,1.208670,0.250855,3.047830
250,0.240135,0.084469,-0.428806,0.028801,0.033582,0.033613,0.986528,-0.344792,1.579677
125,-0.027675,0.008099,-0.238421,0.009550,0.011135,0.011145,-0.854210,-1.021034,-0.638810
250,0.216827,0.020092,-0.255521,0.031360,0.029864,0.032425,2.174324,-0.355984,1.579562
