label,x,y,z,w,h,l,roll,pitch,yaw
125,0.025782,0.017377,-0.218582,0.017186,0.019159,0.017396,-1.543205,-1.176767,0.215537
250,0.275135,0.141749,-0.417220,0.028801,0.033582,0.033613,0.984705,-0.523523,1.580447
125,0.007325,0.032747,-0.243446,0.009550,0.011135,0.011145,-0.622362,-0.900567,-0.829467
250,0.251827,0.047589,-0.258142,0.031360,0.029864,0.032425,2.172513,-0.534715,1.580346
