label,x,y,z,w,h,l,roll,pitch,yaw
125,0.060782,0.034934,-0.208019,0.017186,0.019159,0.017396,-1.551038,-1.176097,0.222768
250,0.100429,0.163293,-0.400784,0.042363,0.049395,0.049440,-0.968685,-0.520307,1.561267
250,-0.219329,0.159523,-0.412548,0.025453,0.029678,0.029705,1.030512,-0.381579,1.883259
125,0.224608,0.143969,-0.387417,0.009550,0.011135,0.011145,1.028988,0.230601,3.004881
250,0.310135,0.158693,-0.407040,0.028801,0.033582,0.033613,0.984740,-0.520440,1.580430
125,0.042325,0.050227,-0.232931,0.009550,0.011135,0.011145,-0.625724,-0.902838,-0.826831
