label,x,y,z,w,h,l,roll,pitch,yaw
125,0.095782,0.015822,-0.203219,0.017186,0.019159,0.017396,-1.979669,-1.094561,0.612767
250,0.135429,0.104047,-0.417346,0.042363,0.049395,0.049440,-0.970648,-0.323684,1.562075
250,-0.184329,0.098051,-0.428147,0.025453,0.029678,0.029705,1.091754,-0.193888,1.865798
125,0.259608,0.087707,-0.400461,0.009550,0.011135,0.011145,1.230238,0.252763,3.053204
125,0.278185,0.128524,-0.516788,0.026530,0.030933,0.030962,0.763819,0.096657,1.993355
250,0.345135,0.098313,-0.422583,0.028801,0.033582,0.033613,0.986725,-0.323818,1.579612
125,0.077325,0.025953,-0.230638,0.009550,0.011135,0.011145,-0.887104,-1.033303,-0.610657
