label,x,y,z,w,h,l,roll,pitch,yaw
250,0.170429,0.154872,-0.413828,0.042363,0.049395,0.049440,-0.967782,-0.598612,1.560788
250,-0.149329,0.152034,-0.425852,0.025453,0.029678,0.029705,1.003725,-0.455969,1.894160
