label,x,y,z,w,h,l,roll,pitch,yaw
125,0.165782,0.014829,-0.227296,0.017186,0.019159,0.017396,-1.389778,-1.185271,0.073577
250,0.205429,0.154875,-0.411744,0.042363,0.049395,0.049440,-0.967978,-0.582252,1.560897
250,-0.114329,0.151841,-0.423720,0.025453,0.029678,0.029705,1.009472,-0.440449,1.891669
125,0.147325,0.031635,-0.251213,0.009550,0.011135,0.011145,-0.561702,-0.856216,-0.876176
125,0.104909,0.184507,-0.474372,0.009707,0.010822,0.009826,-0.146322,0.975681,1.394669
