label,x,y,z,w,h,l,roll,pitch,yaw
125,0.200782,-0.017092,-0.216063,0.017186,0.019159,0.017396,-1.946637,-1.104776,0.583332
250,0.240429,0.075003,-0.428555,0.042363,0.049395,0.049440,-0.970480,-0.341825,1.562020
250,-0.079329,0.069204,-0.439463,0.025453,0.029678,0.029705,1.086359,-0.211243,1.866883
125,0.182325,-0.006465,-0.243294,0.009550,0.011135,0.011145,-0.858577,-1.022719,-0.635085
125,0.139909,0.088869,-0.496437,0.009707,0.010822,0.009826,-0.264861,1.210218,1.288655
