label,x,y,z,w,h,l,roll,pitch,yaw
125,0.006285,0.102195,-0.499422,0.010982,0.010458,0.011354,-0.967221,0.743932,0.436779
125,-0.001863,0.086535,-0.470897,0.017732,0.016780,0.018031,-0.749703,0.206520,0.958136
125,0.011792,0.028048,-0.332025,0.026176,0.024927,0.027065,-1.828087,-0.433412,1.560153
125,-0.037559,0.083633,-0.448092,0.030687,0.029223,0.031729,-0.754246,-0.423568,1.563261
250,-0.255218,0.088053,-0.454559,0.034595,0.032739,0.035179,0.912770,-0.424744,1.579504
250,-0.215331,-0.003636,-0.240183,0.042884,0.037698,0.040999,2.544803,-0.439124,1.576982
250,-0.337062,0.064050,-0.401877,0.033938,0.032318,0.035090,1.353091,-0.419744,1.629203
125,0.058051,0.052685,-0.400072,0.011483,0.010095,0.010979,-1.352504,-0.418740,1.506957
250,0.014125,0.056022,-0.376815,0.037146,0.032654,0.035513,-1.451286,-0.429676,1.559869
