label,x,y,z,w,h,l,roll,pitch,yaw
125,0.383137,0.132906,-0.452486,0.017732,0.016780,0.018031,-0.727413,0.175240,0.962365
125,0.347441,0.129135,-0.429808,0.030687,0.029223,0.031729,-0.753924,-0.461742,1.563123
125,0.116251,0.026264,-0.232641,0.023015,0.025657,0.023296,2.042736,-0.735458,2.029254
250,0.129782,0.133799,-0.436101,0.034595,0.032739,0.035179,0.912399,-0.462918,1.579664
250,0.169669,0.033995,-0.225381,0.042884,0.037698,0.040999,2.544537,-0.477299,1.577099
250,0.047938,0.107803,-0.384373,0.033938,0.032318,0.035090,1.350607,-0.457853,1.630258
125,-0.341399,0.074987,-0.332001,0.019310,0.021527,0.019546,1.698953,-0.470324,1.581915
250,-0.107387,0.070919,-0.304289,0.042577,0.040292,0.043295,-2.086363,-0.473970,1.561043
