label,x,y,z,w,h,l,roll,pitch,yaw
125,0.418137,0.037701,-0.471110,0.017732,0.016780,0.018031,-0.844449,0.333182,0.932809
125,0.382441,0.038379,-0.448131,0.030687,0.029223,0.031729,-0.755460,-0.267470,1.563673
125,0.151251,-0.024492,-0.234814,0.023015,0.025657,0.023296,2.143658,-0.558520,1.968148
250,0.164782,0.041741,-0.455206,0.034595,0.032739,0.035179,0.914175,-0.268648,1.579026
250,0.204669,-0.015505,-0.229183,0.042884,0.037698,0.040999,2.545804,-0.283025,1.576627
250,0.082938,0.026220,-0.399433,0.033938,0.032318,0.035090,1.362492,-0.263892,1.626042
125,-0.089599,0.061795,-0.553956,0.009707,0.010822,0.009826,-0.831889,1.156187,0.695069
125,-0.297214,0.033890,-0.451135,0.017995,0.015819,0.017204,0.937120,0.011590,1.980206
125,-0.306399,0.004132,-0.341711,0.019310,0.021527,0.019546,1.701184,-0.276057,1.581098
