label,x,y,z,w,h,l,roll,pitch,yaw
125,0.179665,0.043723,-0.450565,0.011301,0.010694,0.011491,-0.769537,-0.300293,1.563496
125,0.022921,-0.016500,-0.255193,0.013936,0.016249,0.016264,1.796027,-1.045076,2.703609
250,0.017183,0.075543,-0.523681,0.024801,0.028918,0.028944,0.396915,-0.294310,1.576585
250,0.089109,-0.045236,-0.134334,0.035233,0.033552,0.036429,3.139721,-0.317468,1.570816
250,0.136293,-0.025904,-0.192962,0.031516,0.036747,0.036781,-2.880097,-0.317129,1.568084
