label,x,y,z,w,h,l,roll,pitch,yaw
125,0.109665,0.141160,-0.422432,0.011301,0.010694,0.011491,-0.768523,-0.427137,1.563135
125,-0.047079,0.056705,-0.236249,0.013936,0.016249,0.016264,1.547471,-1.086362,2.921437
125,0.090090,0.041266,-0.196632,0.018754,0.016486,0.017930,-2.710654,-0.443405,1.566192
250,-0.052817,0.181974,-0.490935,0.024801,0.028918,0.028944,0.396112,-0.421155,1.576867
250,0.019109,0.012910,-0.119996,0.035233,0.033552,0.036429,3.139718,-0.444315,1.570817
250,0.066293,0.039503,-0.175708,0.031516,0.036747,0.036781,-2.879717,-0.443976,1.567943
