label,x,y,z,w,h,l,roll,pitch,yaw
250,-0.455889,0.102856,-0.507326,0.027041,0.023771,0.025853,-0.617839,-0.252613,1.564801
125,-0.214813,0.027812,-0.259241,0.011301,0.010694,0.011491,2.366386,-0.267909,1.578040
125,-0.057743,0.082126,-0.456078,0.013936,0.016249,0.016264,-0.681294,0.660869,0.955499
125,-0.194844,0.095698,-0.496602,0.018754,0.016486,0.017930,0.426305,-0.251657,1.575076
250,-0.052456,0.015219,-0.180240,0.024801,0.028918,0.028944,-2.743040,-0.273917,1.565064
250,-0.254392,0.129273,-0.591524,0.039246,0.037374,0.040579,0.455934,-0.080818,1.661925
125,-0.507051,0.118980,-0.562105,0.028472,0.033198,0.033229,-0.294067,-0.251190,1.567797
250,-0.123733,0.122971,-0.573510,0.035233,0.033552,0.036429,-0.003450,-0.250759,1.570761
250,-0.171015,0.107735,-0.513765,0.031516,0.036747,0.036781,0.258400,-0.251092,1.573441
