label,x,y,z,w,h,l,roll,pitch,yaw
250,-0.175889,0.170587,-0.498685,0.027041,0.023771,0.025853,-0.615996,-0.522188,1.564099
125,0.065187,0.032181,-0.279546,0.011301,0.010694,0.011491,2.364140,-0.537482,1.578928
125,0.222257,0.136957,-0.454808,0.013936,0.016249,0.016264,-0.511090,0.433379,1.044777
125,-0.245212,0.154632,-0.478364,0.022878,0.021650,0.023264,-0.338053,-0.520909,1.566952
125,-0.430824,0.184627,-0.512327,0.009550,0.011135,0.011145,0.790352,0.768552,2.538802
125,-0.388772,0.163992,-0.484511,0.028519,0.033253,0.033283,0.554175,-0.521845,1.576897
250,0.108985,0.177004,-0.503592,0.031516,0.036747,0.036781,0.257588,-0.520672,1.573750
