label,x,y,z,w,h,l,roll,pitch,yaw
250,-0.202943,0.173331,-0.543900,0.028271,0.026754,0.028748,0.061254,-0.492916,1.571495
250,-0.240927,0.004075,-0.226241,0.034475,0.030306,0.032960,2.812809,-0.512365,1.574482
250,0.130608,0.199083,-0.580465,0.039246,0.037374,0.040579,0.432930,-0.321911,1.666559
125,-0.140212,0.137858,-0.484306,0.022878,0.021650,0.023264,-0.338172,-0.493467,1.567010
125,-0.327212,0.098169,-0.413738,0.012451,0.014517,0.014531,1.030557,0.356697,2.935153
125,-0.325824,0.166909,-0.519080,0.009550,0.011135,0.011145,0.822275,0.783859,2.561168
125,-0.283772,0.147045,-0.490708,0.028519,0.033253,0.033283,0.554366,-0.494403,1.576804
