label,x,y,z,w,h,l,roll,pitch,yaw
250,-0.205927,0.011054,-0.216854,0.034475,0.030306,0.032960,2.813031,-0.458376,1.574378
250,-0.035889,0.144965,-0.503315,0.027041,0.023771,0.025853,-0.616599,-0.440758,1.564378
125,0.205187,0.024843,-0.273644,0.011301,0.010694,0.011491,2.364877,-0.456053,1.578577
250,0.165608,0.186663,-0.581086,0.039246,0.037374,0.040579,0.438281,-0.268165,1.665003
125,-0.105212,0.130716,-0.481763,0.022878,0.021650,0.023264,-0.338398,-0.439478,1.567112
125,-0.292212,0.094893,-0.409156,0.012451,0.014517,0.014531,1.087177,0.367236,2.955208
125,-0.087051,0.171050,-0.554111,0.028472,0.033198,0.033229,-0.293447,-0.439338,1.567586
