label,x,y,z,w,h,l,roll,pitch,yaw
250,0.341366,0.014469,-0.382669,0.032827,0.031066,0.033381,1.472516,-0.270966,1.581128
125,0.212435,-0.033726,-0.242145,0.010916,0.012728,0.012740,-2.492031,-0.427818,1.450372
125,-0.027044,0.003771,-0.368670,0.011674,0.010262,0.011161,1.298666,0.037588,3.131107
125,0.163552,0.055188,-0.525183,0.033991,0.032369,0.035145,-0.222235,-0.262180,1.568508
125,-0.000681,0.045123,-0.519749,0.018662,0.017661,0.018977,1.141944,0.868560,2.805763
125,0.233868,-0.028315,-0.256706,0.014724,0.017168,0.017184,-1.499266,-0.825022,0.162016
125,0.292493,0.023994,-0.406593,0.038001,0.036188,0.039291,-1.288420,-0.269160,1.560826
250,0.456587,0.056582,-0.513108,0.039494,0.044027,0.039976,0.639572,-0.263915,1.576993
250,0.135182,-0.043719,-0.178482,0.025128,0.029299,0.029326,-3.084571,-0.406235,1.562862
