label,x,y,z,w,h,l,roll,pitch,yaw
250,0.306366,0.168621,-0.333914,0.032827,0.031066,0.033381,1.469049,-0.559412,1.582541
125,0.177435,0.082442,-0.212906,0.010916,0.012728,0.012740,-2.446802,-0.713798,1.425679
125,-0.062044,0.154383,-0.323536,0.011674,0.010262,0.011161,1.010057,0.033051,3.120844
125,0.128552,0.248200,-0.458956,0.033991,0.032369,0.035145,-0.221471,-0.550642,1.568203
125,-0.035681,0.237006,-0.456609,0.018662,0.017661,0.018977,0.771128,0.735963,2.537109
125,0.198868,0.091772,-0.225326,0.014724,0.017168,0.017184,-1.072113,-0.826182,-0.154126
125,0.257493,0.184559,-0.354139,0.038001,0.036188,0.039291,-1.285077,-0.557607,1.559469
250,0.421587,0.246102,-0.446983,0.039494,0.044027,0.039976,0.637501,-0.552371,1.577823
250,0.100182,0.054750,-0.154717,0.025128,0.029299,0.029326,-3.081633,-0.694687,1.561309
