label,x,y,z,w,h,l,roll,pitch,yaw
250,-0.043633,0.115217,-0.354647,0.032827,0.031066,0.033381,1.471367,-0.374711,1.581493
125,-0.172565,0.052729,-0.219869,0.010916,0.012728,0.012740,-2.477603,-0.530777,1.443710
125,-0.221448,0.170477,-0.492177,0.033991,0.032369,0.035145,-0.221981,-0.365931,1.568430
125,-0.151132,0.059619,-0.233792,0.014724,0.017168,0.017184,-1.346223,-0.835971,0.048927
125,-0.092506,0.127170,-0.377455,0.038001,0.036188,0.039291,-1.287311,-0.372905,1.560476
125,0.099488,0.088739,-0.306580,0.014785,0.012997,0.014136,1.913203,-0.379059,1.580922
125,0.048292,0.158246,-0.463524,0.011274,0.010669,0.011464,1.065248,0.711127,2.794903
250,0.071587,0.170613,-0.480023,0.039494,0.044027,0.039976,0.638884,-0.367664,1.577207
250,-0.044925,0.086989,-0.288680,0.027327,0.026023,0.028254,-1.791508,-0.377892,1.560308
