label,x,y,z,w,h,l,roll,pitch,yaw
250,-0.253633,0.052769,-0.381348,0.032827,0.031066,0.033381,1.471111,-0.396755,1.581589
125,-0.431447,0.111047,-0.517627,0.033991,0.032369,0.035145,-0.221924,-0.387976,1.568409
125,-0.302506,0.065221,-0.403887,0.038001,0.036188,0.039291,-1.287065,-0.394949,1.560384
125,-0.110512,0.025237,-0.333876,0.014785,0.012997,0.014136,1.912961,-0.401103,1.581014
125,0.093077,0.012689,-0.280508,0.036572,0.034827,0.037813,-2.217743,-0.403770,1.562142
125,0.180778,0.055242,-0.400655,0.021255,0.020115,0.021614,-1.305489,-0.358335,1.392063
125,0.109191,-0.012853,-0.220505,0.032448,0.028524,0.031022,-2.430684,-0.405316,1.563719
250,-0.138413,0.110915,-0.505473,0.039494,0.044027,0.039976,0.638731,-0.389708,1.577263
250,-0.254925,0.023093,-0.316019,0.027327,0.026023,0.028254,-1.791257,-0.399936,1.560212
