label,x,y,z,w,h,l,roll,pitch,yaw
250,-0.288633,0.025324,-0.382628,0.032827,0.031066,0.033381,1.472089,-0.310354,1.581250
125,-0.466447,0.071624,-0.523428,0.033991,0.032369,0.035145,-0.222140,-0.301570,1.568482
125,-0.337506,0.035784,-0.406158,0.038001,0.036188,0.039291,-1.288008,-0.308548,1.560709
125,-0.145512,0.001991,-0.332958,0.014785,0.012997,0.014136,1.913888,-0.314702,1.580689
125,0.058077,-0.005905,-0.278706,0.036572,0.034827,0.037813,-2.218529,-0.317368,1.562419
125,0.145778,0.026122,-0.402076,0.021255,0.020115,0.021614,-1.321424,-0.273266,1.397016
125,0.074191,-0.026173,-0.216722,0.032448,0.028524,0.031022,-2.431328,-0.318913,1.563947
250,-0.173413,0.072541,-0.511308,0.039494,0.044027,0.039976,0.639316,-0.303304,1.577064
250,-0.289925,0.001396,-0.314982,0.027327,0.026023,0.028254,-1.792217,-0.313535,1.560548
