label,x,y,z,w,h,l,roll,pitch,yaw
250,-0.358633,0.043035,-0.379094,0.032827,0.031066,0.033381,1.471796,-0.336780,1.581343
125,-0.536447,0.093039,-0.518621,0.033991,0.032369,0.035145,-0.222076,-0.327997,1.568462
125,-0.407506,0.054114,-0.402339,0.038001,0.036188,0.039291,-1.287726,-0.334974,1.560620
125,-0.215512,0.018398,-0.330057,0.014785,0.012997,0.014136,1.913611,-0.341128,1.580779
125,-0.266708,0.081903,-0.489524,0.011274,0.010669,0.011464,1.112853,0.723459,2.826200
125,-0.011923,0.009072,-0.276033,0.036572,0.034827,0.037813,-2.218294,-0.343794,1.562343
125,0.075778,0.044347,-0.398514,0.021255,0.020115,0.021614,-1.316642,-0.299292,1.395666
125,0.004191,-0.012828,-0.214607,0.032448,0.028524,0.031022,-2.431135,-0.345339,1.563884
250,-0.243413,0.093636,-0.506481,0.039494,0.044027,0.039976,0.639141,-0.329731,1.577119
