label,x,y,z,w,h,l,roll,pitch,yaw
250,-0.341402,0.001082,-0.341679,0.032827,0.031066,0.033381,-1.664960,-0.287525,1.560418
125,-0.212235,0.034619,-0.486192,0.010916,0.012728,0.012740,0.583808,-0.126996,1.680961
125,0.027034,-0.000737,-0.358657,0.011674,0.010262,0.011161,-1.284003,-0.038958,-0.011486
125,-0.163824,-0.039987,-0.198970,0.033991,0.032369,0.035145,2.916493,-0.296318,1.573123
125,0.000422,-0.045716,-0.208661,0.018662,0.017661,0.018977,-1.119860,-0.865058,-0.353102
125,-0.233692,0.031501,-0.471009,0.014724,0.017168,0.017184,0.954771,0.601604,2.516578
125,-0.292570,-0.003539,-0.316268,0.038001,0.036188,0.039291,1.846066,-0.289302,1.580829
250,-0.134880,0.059845,-0.545359,0.025128,0.029299,0.029326,0.051222,-0.152242,1.577955
250,-0.339996,0.019383,-0.411056,0.027327,0.026023,0.028254,1.341774,-0.284313,1.580949
