label,x,y,z,w,h,l,roll,pitch,yaw
250,-0.306402,0.090550,-0.328143,0.032827,0.031066,0.033381,-1.661927,-0.540763,1.559187
125,-0.177235,0.159226,-0.459644,0.010916,0.012728,0.012740,0.554157,-0.378628,1.688437
125,0.062034,0.093043,-0.345036,0.011674,0.010262,0.011161,-1.030609,-0.034837,-0.020884
125,-0.128824,0.015035,-0.200277,0.033991,0.032369,0.035145,2.915809,-0.549571,1.573406
125,0.035422,0.011917,-0.211095,0.018662,0.017661,0.018977,-0.793173,-0.748659,-0.590413
125,-0.198692,0.152404,-0.445727,0.014724,0.017168,0.017184,0.728126,0.441228,2.402955
125,-0.257570,0.079710,-0.304701,0.038001,0.036188,0.039291,1.843131,-0.542541,1.582025
250,-0.099880,0.198472,-0.510603,0.025128,0.029299,0.029326,0.049271,-0.405489,1.578496
250,-0.304996,0.125651,-0.390723,0.027327,0.026023,0.028254,1.338812,-0.537553,1.582142
