label,x,y,z,w,h,l,roll,pitch,yaw
250,-0.271402,0.133274,-0.301373,0.032827,0.031066,0.033381,-1.662287,-0.513757,1.559368
125,-0.142235,0.198374,-0.434681,0.010916,0.012728,0.012740,0.557534,-0.351804,1.687231
125,0.097034,0.135309,-0.318326,0.011674,0.010262,0.011161,-1.057628,-0.035388,-0.019935
125,-0.093824,0.061240,-0.171514,0.033991,0.032369,0.035145,2.915890,-0.522563,1.573365
125,0.070422,0.057830,-0.182243,0.018662,0.017661,0.018977,-0.824230,-0.763457,-0.569105
125,-0.163692,0.191929,-0.420584,0.014724,0.017168,0.017184,0.750404,0.459316,2.412652
125,-0.222570,0.123070,-0.277646,0.038001,0.036188,0.039291,1.843480,-0.515534,1.581849
250,-0.064880,0.236229,-0.486681,0.025128,0.029299,0.029326,0.049494,-0.378481,1.578411
250,-0.269996,0.166672,-0.364877,0.027327,0.026023,0.028254,1.339163,-0.510546,1.581966
