label,x,y,z,w,h,l,roll,pitch,yaw
250,-0.055300,0.151507,-0.378787,0.013365,0.015583,0.015597,1.005663,-0.371346,1.808728
250,0.288598,0.121168,-0.306784,0.032827,0.031066,0.033381,-1.662529,-0.495172,1.559485
125,-0.057939,0.174748,-0.401780,0.036572,0.034827,0.037813,0.914636,-0.488145,1.579797
125,-0.145843,0.108022,-0.293345,0.021255,0.020115,0.021614,1.674372,-0.519921,1.763897
125,-0.073949,0.205423,-0.459357,0.032448,0.028524,0.031022,0.703090,-0.486612,1.578141
250,0.173159,0.061158,-0.183754,0.039494,0.044027,0.039976,-2.498719,-0.502243,1.563987
250,0.495120,0.220661,-0.493973,0.025128,0.029299,0.029326,0.049646,-0.359896,1.578356
250,0.290004,0.153380,-0.370898,0.027327,0.026023,0.028254,1.339399,-0.491961,1.581853
