label,x,y,z,w,h,l,roll,pitch,yaw
250,-0.020300,0.069227,-0.402099,0.013365,0.015583,0.015597,1.055121,-0.168562,1.795468
250,0.323598,0.054433,-0.325379,0.032827,0.031066,0.033381,-1.664967,-0.286896,1.560419
125,0.180563,0.063138,-0.379791,0.014785,0.012997,0.014136,-1.223502,-0.282551,1.560996
125,-0.022939,0.087211,-0.429402,0.036572,0.034827,0.037813,0.916572,-0.279865,1.579067
125,-0.110843,0.044351,-0.309513,0.021255,0.020115,0.021614,1.716122,-0.315140,1.746876
125,-0.038949,0.105317,-0.492077,0.032448,0.028524,0.031022,0.704670,-0.278329,1.577548
250,0.208159,0.021161,-0.192599,0.039494,0.044027,0.039976,-2.500190,-0.293959,1.564560
