label,x,y,z,w,h,l,roll,pitch,yaw
250,0.014700,0.103488,-0.402491,0.013365,0.015583,0.015597,1.010518,-0.352553,1.807009
125,0.215563,0.093316,-0.381724,0.014785,0.012997,0.014136,-1.221436,-0.471495,1.560232
125,0.012061,0.126280,-0.425930,0.036572,0.034827,0.037813,0.914831,-0.468812,1.579707
125,-0.075843,0.061663,-0.316225,0.021255,0.020115,0.021614,1.678601,-0.500943,1.761831
125,-0.003949,0.155836,-0.484089,0.032448,0.028524,0.031022,0.703249,-0.467279,1.578068
250,0.360004,0.105512,-0.394640,0.027327,0.026023,0.028254,1.339639,-0.472629,1.581742
