label,x,y,z,w,h,l,roll,pitch,yaw
250,0.321838,0.009127,-0.351327,0.032784,0.028820,0.031343,1.626684,-0.326392,1.581335
125,-0.040890,-0.035223,-0.242359,0.019331,0.018294,0.019657,1.163481,-0.630062,-2.892661
125,0.046348,0.034137,-0.423112,0.038963,0.036872,0.039620,0.897631,-0.319592,1.579049
250,0.385378,0.051756,-0.464305,0.040803,0.045486,0.041301,-1.178723,-0.322010,1.561042
250,0.322996,0.055110,-0.501380,0.025270,0.028171,0.025579,-0.907029,0.220503,0.880136
250,0.449539,0.047486,-0.448965,0.042520,0.047400,0.043039,0.947323,-0.319989,1.579366
250,0.392052,0.037375,-0.434711,0.032568,0.036306,0.032965,1.159609,-0.284465,1.674513
250,0.082179,-0.016312,-0.263048,0.039015,0.045491,0.045533,2.757330,-0.335090,1.574754
250,0.046669,0.087117,-0.572746,0.043914,0.041558,0.044655,0.335228,-0.296443,1.581602
