label,x,y,z,w,h,l,roll,pitch,yaw
250,0.286839,0.068247,-0.329355,0.032784,0.028820,0.031343,1.627350,-0.265369,1.581141
125,-0.075890,0.030626,-0.217885,0.019331,0.018294,0.019657,1.237450,-0.643799,-2.936667
125,0.011348,0.088833,-0.402532,0.038963,0.036872,0.039620,0.898151,-0.258568,1.578901
250,0.350378,0.103906,-0.444722,0.040803,0.045486,0.041301,-1.179338,-0.260987,1.561219
250,0.287996,0.104993,-0.481933,0.025270,0.028171,0.025579,-0.947323,0.267360,0.870400
250,0.414539,0.100580,-0.429151,0.042520,0.047400,0.043039,0.947864,-0.258965,1.579211
250,0.357052,0.091357,-0.414307,0.032568,0.036306,0.032965,1.166085,-0.223761,1.672884
250,0.047179,0.048240,-0.239689,0.039015,0.045491,0.045533,2.757581,-0.274064,1.574678
250,0.011669,0.132588,-0.555118,0.043914,0.041558,0.044655,0.335905,-0.235421,1.581424
