label,x,y,z,w,h,l,roll,pitch,yaw
250,0.216838,0.135592,-0.312276,0.032784,0.028820,0.031343,1.623556,-0.577647,1.582712
125,-0.145890,0.065541,-0.217756,0.019331,0.018294,0.019657,0.877234,-0.548255,-2.732717
125,-0.058652,0.177665,-0.375589,0.038963,0.036872,0.039620,0.895192,-0.570853,1.580108
250,-0.022821,0.089002,-0.233094,0.039015,0.045491,0.045533,2.756149,-0.586358,1.575283
250,-0.058331,0.266185,-0.507351,0.043914,0.041558,0.044655,0.332081,-0.547697,1.582902
