label,x,y,z,w,h,l,roll,pitch,yaw
250,-0.063161,0.086471,-0.335807,0.032784,0.028820,0.031343,1.624497,-0.508613,1.582226
250,0.283426,0.161743,-0.478607,0.028281,0.026931,0.029241,-0.535204,-0.400007,1.496920
125,-0.087587,-0.009460,-0.191307,0.009707,0.010822,0.009826,-2.392384,-0.515384,1.563001
125,-0.338652,0.124076,-0.401871,0.038963,0.036872,0.039620,0.895925,-0.501817,1.579733
125,-0.249854,0.197707,-0.553942,0.016905,0.015998,0.017190,-0.045680,-0.498059,1.570274
250,-0.062004,0.158885,-0.475041,0.025270,0.028171,0.025579,-0.790960,0.078870,0.897508
125,0.059835,0.041366,-0.253197,0.034349,0.030196,0.032840,2.265751,-0.514469,1.579588
250,0.064539,0.141889,-0.424877,0.042520,0.047400,0.043039,0.945552,-0.502214,1.580077
250,-0.338331,0.203296,-0.539425,0.043914,0.041558,0.044655,0.333021,-0.478664,1.582440
