label,x,y,z,w,h,l,roll,pitch,yaw
250,-0.098161,0.045132,-0.339396,0.032784,0.028820,0.031343,1.626592,-0.334652,1.581365
250,0.248426,0.094550,-0.493070,0.028281,0.026931,0.029241,-0.548315,-0.226481,1.500975
125,-0.122587,-0.024338,-0.180473,0.009707,0.010822,0.009826,-2.393816,-0.341417,1.563598
125,-0.373652,0.070734,-0.410972,0.038963,0.036872,0.039620,0.897559,-0.327852,1.579072
250,-0.034622,0.088692,-0.452018,0.040803,0.045486,0.041301,-1.178637,-0.330270,1.561015
125,0.024835,0.015007,-0.250226,0.034349,0.030196,0.032840,2.267365,-0.340503,1.578916
250,0.029539,0.084296,-0.436714,0.042520,0.047400,0.043039,0.947249,-0.328249,1.579390
250,-0.027948,0.074067,-0.422544,0.032568,0.036306,0.032965,1.158716,-0.292681,1.674767
250,-0.373331,0.124948,-0.560163,0.043914,0.041558,0.044655,0.335134,-0.304703,1.581630
