label,x,y,z,w,h,l,roll,pitch,yaw
250,-0.168161,0.046318,-0.340754,0.032784,0.028820,0.031343,1.626321,-0.358641,1.581457
250,0.178426,0.099409,-0.493198,0.028281,0.026931,0.029241,-0.546588,-0.250413,1.500567
125,-0.354854,0.123712,-0.573061,0.016905,0.015998,0.017190,-0.045763,-0.348078,1.570308
250,-0.167003,0.097115,-0.489246,0.025270,0.028171,0.025579,-0.886086,0.195598,0.884462
125,0.052140,0.089119,-0.481058,0.014374,0.016024,0.014549,0.242778,-0.348362,1.573363
125,-0.045165,0.014063,-0.252332,0.034349,0.030196,0.032840,2.267156,-0.364493,1.578988
250,-0.040460,0.087805,-0.437105,0.042520,0.047400,0.043039,0.947029,-0.352238,1.579463
250,-0.097948,0.077240,-0.423184,0.032568,0.036306,0.032965,1.156096,-0.316541,1.675553
250,-0.443331,0.131407,-0.559543,0.043914,0.041558,0.044655,0.334860,-0.328692,1.581716
