label,x,y,z,w,h,l,roll,pitch,yaw
250,-0.203161,0.039389,-0.351567,0.032784,0.028820,0.031343,1.625409,-0.436258,1.581811
125,-0.389854,0.134563,-0.577174,0.016905,0.015998,0.017190,-0.045721,-0.425700,1.570292
250,-0.139622,0.094148,-0.459190,0.040803,0.045486,0.041301,-1.177545,-0.431877,1.560608
125,-0.080165,0.000374,-0.265913,0.034349,0.030196,0.032840,2.266454,-0.442112,1.579264
250,-0.075460,0.088222,-0.444411,0.042520,0.047400,0.043039,0.946290,-0.429857,1.579745
250,-0.478330,0.141187,-0.563099,0.043914,0.041558,0.044655,0.333938,-0.406309,1.582047
