label,x,y,z,w,h,l,roll,pitch,yaw
250,-0.273161,0.122884,-0.312655,0.032784,0.028820,0.031343,1.625399,-0.437048,1.581815
250,0.073426,0.187753,-0.460472,0.028281,0.026931,0.029241,-0.540780,-0.328627,1.498908
250,-0.209622,0.177729,-0.420234,0.040803,0.045486,0.041301,-1.177536,-0.432667,1.560604
250,-0.272003,0.185157,-0.456711,0.025270,0.028171,0.025579,-0.835972,0.134723,0.892707
125,-0.052860,0.176543,-0.449175,0.014374,0.016024,0.014549,0.242557,-0.426773,1.573447
125,-0.150165,0.083802,-0.227031,0.034349,0.030196,0.032840,2.266446,-0.442902,1.579267
250,-0.145460,0.171791,-0.405460,0.042520,0.047400,0.043039,0.946282,-0.430647,1.579748
250,-0.202948,0.160168,-0.392409,0.032568,0.036306,0.032965,1.147224,-0.394511,1.678643
250,-0.548330,0.224850,-0.524106,0.043914,0.041558,0.044655,0.333928,-0.407099,1.582051
