label,x,y,z,w,h,l,roll,pitch,yaw
250,-0.308161,0.140106,-0.305383,0.032784,0.028820,0.031343,1.624656,-0.496411,1.582149
250,0.038426,0.213630,-0.449091,0.028281,0.026931,0.029241,-0.536177,-0.387837,1.497293
125,-0.494854,0.248672,-0.524859,0.016905,0.015998,0.017190,-0.045687,-0.485856,1.570277
250,-0.244622,0.201237,-0.409518,0.040803,0.045486,0.041301,-1.176850,-0.492031,1.560298
250,-0.307003,0.210816,-0.445491,0.025270,0.028171,0.025579,-0.798598,0.088407,0.896870
125,-0.087860,0.201770,-0.438479,0.014374,0.016024,0.014549,0.242379,-0.486140,1.573525
125,-0.185165,0.096012,-0.222229,0.034349,0.030196,0.032840,2.265873,-0.502266,1.579528
250,-0.180460,0.194433,-0.395122,0.042520,0.047400,0.043039,0.945680,-0.490012,1.580016
250,-0.237948,0.182056,-0.382784,0.032568,0.036306,0.032965,1.140119,-0.453523,1.681567
