label,x,y,z,w,h,l,roll,pitch,yaw
250,-0.343161,0.031712,-0.351467,0.032784,0.028820,0.031343,1.625745,-0.408245,1.581673
250,0.003426,0.092297,-0.501091,0.028281,0.026931,0.029241,-0.542946,-0.299895,1.499578
250,-0.279622,0.083436,-0.460580,0.040803,0.045486,0.041301,-1.177855,-0.403863,1.560734
250,-0.342003,0.089810,-0.497257,0.025270,0.028171,0.025579,-0.854266,0.157132,0.890047
125,-0.122860,0.081417,-0.489475,0.014374,0.016024,0.014549,0.242640,-0.397968,1.573414
125,-0.220165,-0.004888,-0.264753,0.034349,0.030196,0.032840,2.266713,-0.414097,1.579156
250,-0.215460,0.077926,-0.445642,0.042520,0.047400,0.043039,0.946562,-0.401843,1.579635
250,-0.272948,0.066684,-0.432262,0.032568,0.036306,0.032965,1.150544,-0.365870,1.677411
