label,x,y,z,w,h,l,roll,pitch,yaw
250,-0.031574,0.119206,-0.488906,0.028281,0.026931,0.029241,-0.543384,-0.294013,1.499706
125,-0.564854,0.146976,-0.567631,0.016905,0.015998,0.017190,-0.045740,-0.391788,1.570300
250,-0.314622,0.110585,-0.448344,0.040803,0.045486,0.041301,-1.177920,-0.397967,1.560759
250,-0.377003,0.116743,-0.485058,0.025270,0.028171,0.025579,-0.858026,0.161714,0.889450
125,-0.157860,0.108396,-0.477227,0.014374,0.016024,0.014549,0.242657,-0.392071,1.573407
125,-0.255165,0.023417,-0.251999,0.034349,0.030196,0.032840,2.266767,-0.408201,1.579135
250,-0.250460,0.105163,-0.433373,0.042520,0.047400,0.043039,0.946619,-0.395947,1.579613
250,-0.307948,0.094000,-0.419927,0.032568,0.036306,0.032965,1.151214,-0.360007,1.677173
