label,x,y,z,w,h,l,roll,pitch,yaw
125,0.041100,0.066275,-0.481819,0.019331,0.018294,0.019657,-1.223388,0.639842,0.212919
125,-0.046446,0.021036,-0.293717,0.038963,0.036872,0.039620,-2.240688,-0.282848,1.562648
125,-0.135512,-0.034276,-0.134218,0.016905,0.015998,0.017190,3.093931,-0.286619,1.571292
250,-0.047020,-0.020102,-0.140405,0.043914,0.041558,0.044655,-2.801550,-0.305987,1.560008
