label,x,y,z,w,h,l,roll,pitch,yaw
250,-0.286815,0.030082,-0.371059,0.032784,0.028820,0.031343,-1.510229,-0.282127,1.560402
125,-0.100512,-0.046839,-0.138282,0.016905,0.015998,0.017190,3.093928,-0.292707,1.571293
125,-0.409662,0.057141,-0.461411,0.034349,0.030196,0.032840,-0.870936,-0.276285,1.562831
250,-0.012020,-0.032628,-0.144383,0.043914,0.041558,0.044655,-2.801481,-0.312074,1.559987
