label,x,y,z,w,h,l,roll,pitch,yaw
250,-0.251815,0.071035,-0.373964,0.032784,0.028820,0.031343,-1.507954,-0.477700,1.559555
125,0.111100,0.118483,-0.480989,0.019331,0.018294,0.019657,-0.986566,0.583578,0.349399
125,-0.065512,-0.049657,-0.160574,0.016905,0.015998,0.017190,3.093818,-0.488291,1.571334
250,-0.253223,-0.005134,-0.236749,0.025270,0.028171,0.025579,1.543230,-0.765058,2.611471
125,-0.374662,0.115137,-0.457335,0.034349,0.030196,0.032840,-0.869198,-0.471863,1.562193
250,-0.012010,0.116792,-0.453189,0.039015,0.045491,0.045533,-0.382652,-0.469029,1.566591
250,0.022980,-0.034531,-0.163797,0.043914,0.041558,0.044655,-2.799077,-0.507647,1.559024
