label,x,y,z,w,h,l,roll,pitch,yaw
250,-0.006815,0.032879,-0.380990,0.032784,0.028820,0.031343,-1.508987,-0.392743,1.559990
125,0.017886,0.086652,-0.545847,0.009707,0.010822,0.009826,0.741023,-0.385971,1.578105
125,0.268554,0.004239,-0.310101,0.038963,0.036872,0.039620,-2.239658,-0.399554,1.562303
250,-0.070547,-0.009434,-0.268002,0.040803,0.045486,0.041301,1.954307,-0.397100,1.580837
250,-0.008223,-0.031372,-0.237807,0.025270,0.028171,0.025579,1.640738,-0.719659,2.545507
125,-0.227350,-0.031492,-0.249572,0.014374,0.016024,0.014549,-2.898509,-0.403047,1.568191
125,-0.129662,0.069747,-0.467803,0.034349,0.030196,0.032840,-0.869986,-0.386903,1.562521
250,-0.134683,-0.002503,-0.282449,0.042520,0.047400,0.043039,-2.189739,-0.399155,1.561978
250,-0.077169,-0.000755,-0.299750,0.032568,0.036306,0.032965,-1.908459,-0.431110,1.461270
