label,x,y,z,w,h,l,roll,pitch,yaw
250,0.063185,0.043708,-0.371575,0.032784,0.028820,0.031343,-1.509539,-0.344648,1.560189
125,0.087886,0.089492,-0.538826,0.009707,0.010822,0.009826,0.741395,-0.337875,1.577973
250,-0.000547,0.006876,-0.256683,0.040803,0.045486,0.041301,1.954821,-0.349004,1.580650
250,0.061777,-0.013585,-0.225468,0.025270,0.028171,0.025579,1.692434,-0.691986,2.511966
125,-0.157350,-0.014270,-0.237214,0.014374,0.016024,0.014549,-2.898643,-0.354950,1.568240
125,-0.059662,0.076359,-0.460060,0.034349,0.030196,0.032840,-0.870408,-0.338807,1.562671
250,-0.064683,0.013105,-0.271447,0.042520,0.047400,0.043039,-2.190191,-0.351060,1.562144
250,-0.007169,0.014019,-0.288812,0.032568,0.036306,0.032965,-1.914126,-0.383294,1.463515
250,0.302990,0.078549,-0.456171,0.039015,0.045491,0.045533,-0.383243,-0.335970,1.566823
