label,x,y,z,w,h,l,roll,pitch,yaw
250,0.098185,0.138494,-0.337596,0.032784,0.028820,0.031343,-1.508419,-0.440312,1.559760
250,0.034453,0.090856,-0.226748,0.040803,0.045486,0.041301,1.953778,-0.444669,1.581053
250,0.096777,0.067507,-0.197630,0.025270,0.028171,0.025579,1.587144,-0.745664,2.581361
125,-0.122350,0.067946,-0.209387,0.014374,0.016024,0.014549,-2.898371,-0.450619,1.568133
125,-0.024662,0.179449,-0.422557,0.034349,0.030196,0.032840,-0.869552,-0.434474,1.562348
250,-0.029683,0.098466,-0.240849,0.042520,0.047400,0.043039,-2.189274,-0.446726,1.561787
250,0.027831,0.101035,-0.258047,0.032568,0.036306,0.032965,-1.902603,-0.478390,1.458697
250,0.337990,0.181257,-0.418477,0.039015,0.045491,0.045533,-0.382825,-0.431639,1.566666
