label,x,y,z,w,h,l,roll,pitch,yaw
250,0.238185,0.140742,-0.345209,0.032784,0.028820,0.031343,-1.506286,-0.600404,1.558697
250,-0.108660,0.046742,-0.214656,0.028281,0.026931,0.029241,2.517715,-0.705980,1.660476
125,0.262886,0.227351,-0.495436,0.009707,0.010822,0.009826,0.739205,-0.593640,1.578965
250,0.174453,0.076042,-0.243373,0.040803,0.045486,0.041301,1.951791,-0.604763,1.582052
125,0.017650,0.050658,-0.229886,0.014374,0.016024,0.014549,-2.897853,-0.610721,1.567870
125,0.115338,0.194718,-0.422554,0.034349,0.030196,0.032840,-0.867927,-0.594571,1.561546
250,0.110317,0.085803,-0.256081,0.042520,0.047400,0.043039,-2.187526,-0.606822,1.560905
250,0.167831,0.091081,-0.272649,0.032568,0.036306,0.032965,-1.880411,-0.637387,1.446912
