label,x,y,z,w,h,l,roll,pitch,yaw
250,0.273185,0.061738,-0.369745,0.032784,0.028820,0.031343,-1.508865,-0.403113,1.559943
250,-0.073660,-0.004847,-0.223299,0.028281,0.026931,0.029241,2.537825,-0.509362,1.648938
125,0.297886,0.117218,-0.534035,0.009707,0.010822,0.009826,0.740941,-0.396342,1.578136
250,0.209453,0.018256,-0.257202,0.040803,0.045486,0.041301,1.954194,-0.407470,1.580881
125,0.052650,-0.003992,-0.239001,0.014374,0.016024,0.014549,-2.898479,-0.413418,1.568179
125,0.150338,0.099505,-0.456171,0.034349,0.030196,0.032840,-0.869893,-0.397274,1.562486
250,0.145317,0.025336,-0.271577,0.042520,0.047400,0.043039,-2.189639,-0.409526,1.561939
250,0.202831,0.027264,-0.288859,0.032568,0.036306,0.032965,-1.907205,-0.441418,1.460740
