label,x,y,z,w,h,l,roll,pitch,yaw
250,0.308185,0.100761,-0.356171,0.032784,0.028820,0.031343,-1.508251,-0.453932,1.559688
250,-0.038660,0.026823,-0.213297,0.028281,0.026931,0.029241,2.533144,-0.560024,1.651324
125,0.332886,0.164515,-0.517431,0.009707,0.010822,0.009826,0.740527,-0.447163,1.578306
250,0.244453,0.051617,-0.245982,0.040803,0.045486,0.041301,1.953622,-0.458289,1.581121
125,0.087650,0.028474,-0.228935,0.014374,0.016024,0.014549,-2.898331,-0.464240,1.568116
250,0.180317,0.059419,-0.259979,0.042520,0.047400,0.043039,-2.189137,-0.460346,1.561727
250,0.237831,0.062222,-0.277140,0.032568,0.036306,0.032965,-1.900875,-0.491925,1.457891
