label,x,y,z,w,h,l,roll,pitch,yaw
250,0.343185,0.145376,-0.336805,0.032784,0.028820,0.031343,-1.507320,-0.526501,1.559249
250,-0.003660,0.061272,-0.199668,0.028281,0.026931,0.029241,2.525914,-0.632352,1.655387
125,0.122650,0.064053,-0.215146,0.014374,0.016024,0.014549,-2.898104,-0.536814,1.568007
125,0.220338,0.193493,-0.417926,0.034349,0.030196,0.032840,-0.868714,-0.520666,1.561962
250,0.215317,0.097168,-0.243864,0.042520,0.047400,0.043039,-2.188374,-0.532917,1.561363
250,0.272831,0.101208,-0.260777,0.032568,0.036306,0.032965,-1.891208,-0.564017,1.453018
