label,x,y,z,w,h,l,roll,pitch,yaw
250,0.378185,0.122045,-0.356382,0.032784,0.028820,0.031343,-1.506470,-0.587763,1.558800
250,0.031340,0.029703,-0.224652,0.028281,0.026931,0.029241,2.519187,-0.693388,1.659528
125,0.402886,0.206748,-0.507692,0.009707,0.010822,0.009826,0.739328,-0.580999,1.578897
125,0.157650,0.033426,-0.239930,0.014374,0.016024,0.014549,-2.897898,-0.598079,1.567896
125,0.255338,0.175039,-0.434404,0.034349,0.030196,0.032840,-0.868067,-0.581929,1.561623
250,0.250317,0.068237,-0.266566,0.042520,0.047400,0.043039,-2.187677,-0.594180,1.560991
