label,x,y,z,w,h,l,roll,pitch,yaw
250,-0.288681,0.057536,-0.272960,0.040861,0.035920,0.039065,-2.133440,-0.271548,1.562029
125,0.255379,0.043071,-0.232280,0.037967,0.036155,0.039256,-2.076020,-0.271055,1.561726
125,0.169361,0.129018,-0.564688,0.018523,0.021598,0.021618,-1.039355,1.024991,0.465602
250,-0.219053,0.090056,-0.410824,0.030560,0.034068,0.030933,1.300253,-0.248938,1.637337
250,0.005386,0.123731,-0.532636,0.035801,0.034093,0.037017,0.216293,-0.111453,1.605923
250,-0.053675,0.046106,-0.230039,0.039261,0.045778,0.045820,2.410378,-0.273654,1.577718
250,-0.107719,0.078859,-0.368129,0.030255,0.035276,0.035309,1.404332,-0.264560,1.581018
250,-0.099712,0.023442,-0.160022,0.034835,0.038834,0.035260,2.392341,-0.504580,1.789488
250,-0.370204,0.118216,-0.510993,0.036137,0.034412,0.037363,-0.169302,-0.256347,1.569050
