label,x,y,z,w,h,l,roll,pitch,yaw
125,-0.174612,0.013951,-0.258996,0.032751,0.031188,0.033863,-1.901741,-0.350353,1.472771
125,0.220379,0.011552,-0.243944,0.037967,0.036155,0.039256,-2.075536,-0.321677,1.561585
250,-0.254053,0.067512,-0.419882,0.030560,0.034068,0.030933,1.296732,-0.299449,1.638291
250,-0.088675,0.014469,-0.241552,0.039261,0.045778,0.045820,2.410008,-0.324277,1.577827
250,-0.142719,0.054168,-0.377808,0.030255,0.035276,0.035309,1.403788,-0.315182,1.581174
250,-0.134712,-0.011709,-0.172771,0.034835,0.038834,0.035260,2.379431,-0.553964,1.796008
250,-0.405204,0.100703,-0.518497,0.036137,0.034412,0.037363,-0.169210,-0.306972,1.569024
