label,x,y,z,w,h,l,roll,pitch,yaw
125,-0.209612,0.088150,-0.242426,0.032751,0.031188,0.033863,-1.869108,-0.623009,1.457365
125,0.185379,0.081764,-0.228586,0.037967,0.036155,0.039256,-2.072523,-0.595825,1.560238
250,-0.289053,0.183268,-0.382803,0.030560,0.034068,0.030933,1.275001,-0.572908,1.647559
250,-0.064614,0.254052,-0.487501,0.035801,0.034093,0.037017,0.203929,-0.436022,1.609310
250,-0.123675,0.083925,-0.225494,0.039261,0.045778,0.045820,2.407705,-0.598430,1.578862
250,-0.177719,0.159032,-0.345913,0.030255,0.035276,0.035309,1.400408,-0.589326,1.582665
250,-0.169712,0.040103,-0.166369,0.034835,0.038834,0.035260,2.290735,-0.819566,1.852766
250,-0.440204,0.241919,-0.468749,0.036137,0.034412,0.037363,-0.168636,-0.581132,1.568775
