label,x,y,z,w,h,l,roll,pitch,yaw
125,-0.244611,0.000855,-0.263755,0.032751,0.031188,0.033863,-1.901107,-0.356394,1.472552
125,0.150379,-0.001636,-0.248718,0.037967,0.036155,0.039256,-2.075477,-0.327747,1.561566
250,-0.324053,0.055391,-0.424313,0.030560,0.034068,0.030933,1.296303,-0.305505,1.638419
250,-0.158675,0.001266,-0.246309,0.039261,0.045778,0.045820,2.409963,-0.330347,1.577841
250,-0.204712,-0.025329,-0.177689,0.034835,0.038834,0.035260,2.377831,-0.559880,1.796853
250,-0.475204,0.089180,-0.522725,0.036137,0.034412,0.037363,-0.169198,-0.313042,1.569021
