label,x,y,z,w,h,l,roll,pitch,yaw
125,0.115379,0.052392,-0.248806,0.037967,0.036155,0.039256,-2.072459,-0.600845,1.560202
125,0.029361,0.241360,-0.535464,0.018523,0.021598,0.021618,-0.599801,0.822967,0.820191
250,-0.359053,0.154668,-0.402511,0.030560,0.034068,0.030933,1.274542,-0.577914,1.647809
250,-0.134614,0.225978,-0.506853,0.035801,0.034093,0.037017,0.203715,-0.441039,1.609401
250,-0.193675,0.054537,-0.245703,0.039261,0.045778,0.045820,2.407655,-0.603451,1.578890
250,-0.247719,0.130247,-0.365744,0.030255,0.035276,0.035309,1.400336,-0.594346,1.582705
