label,x,y,z,w,h,l,roll,pitch,yaw
125,0.080379,0.058338,-0.238924,0.037967,0.036155,0.039256,-2.073213,-0.539739,1.560609
125,-0.005639,0.229447,-0.536588,0.018523,0.021598,0.021618,-0.664190,0.866657,0.772019
250,-0.394053,0.151036,-0.398589,0.030560,0.034068,0.030933,1.279947,-0.516980,1.644994
250,-0.228675,0.060669,-0.235959,0.039261,0.045778,0.045820,2.408232,-0.542344,1.578577
250,-0.282719,0.128907,-0.360399,0.030255,0.035276,0.035309,1.401181,-0.533242,1.582253
