label,x,y,z,w,h,l,roll,pitch,yaw
125,-0.008829,0.055712,-0.289664,0.009707,0.010822,0.009826,1.026515,-0.414814,-2.902332
125,-0.110150,0.104783,-0.342532,0.011274,0.010669,0.011464,1.077088,0.004850,3.138983
125,0.298907,0.127396,-0.409011,0.021507,0.025077,0.025101,-1.063213,-0.364384,1.275486
125,0.054043,-0.000752,-0.143754,0.048044,0.042234,0.045933,2.836090,-0.503241,1.574212
250,0.168062,0.015280,-0.185321,0.036416,0.040596,0.036860,-2.887522,-0.593546,1.541460
250,0.018248,0.061438,-0.272709,0.034986,0.030755,0.033448,2.212713,-0.507469,1.591571
125,0.414440,0.121356,-0.404543,0.016878,0.018816,0.017084,0.960456,0.011457,2.464870
