label,x,y,z,w,h,l,roll,pitch,yaw
125,-0.043829,0.091675,-0.271041,0.009707,0.010822,0.009826,1.012186,-0.411572,-2.896578
125,-0.145150,0.141456,-0.323240,0.011274,0.010669,0.011464,1.063570,0.004814,3.138918
125,0.263907,0.164966,-0.389408,0.021507,0.025077,0.025101,-1.058981,-0.377314,1.273952
125,0.019043,0.033244,-0.125907,0.048044,0.042234,0.045933,2.836037,-0.516759,1.574238
250,0.133062,0.049836,-0.167254,0.036416,0.040596,0.036860,-2.887039,-0.607058,1.541187
250,-0.016752,0.097171,-0.254010,0.034986,0.030755,0.033448,2.212389,-0.520984,1.591730
125,0.379440,0.158865,-0.385022,0.016878,0.018816,0.017084,0.949917,0.002991,2.464794
