label,x,y,z,w,h,l,roll,pitch,yaw
250,0.342987,0.143223,-0.344584,0.030345,0.033828,0.030715,1.446497,-0.522882,1.582258
125,0.176985,0.046994,-0.181253,0.011274,0.010669,0.011464,-0.790855,-0.779014,-0.607329
125,-0.078829,0.089556,-0.273283,0.009707,0.010822,0.009826,0.994357,-0.407421,-2.889479
125,-0.180150,0.140211,-0.324635,0.011274,0.010669,0.011464,1.046696,0.004768,3.138837
125,0.228907,0.164834,-0.390397,0.021507,0.025077,0.025101,-1.053637,-0.393445,1.271943
125,-0.015957,0.028685,-0.129156,0.048044,0.042234,0.045933,2.835969,-0.533633,1.574272
250,0.098062,0.045972,-0.170217,0.036416,0.040596,0.036860,-2.886424,-0.623924,1.540832
250,-0.051752,0.094765,-0.256162,0.034986,0.030755,0.033448,2.211978,-0.537854,1.591938
125,0.344440,0.158661,-0.386115,0.016878,0.018816,0.017084,0.936763,-0.007577,2.464824
