label,x,y,z,w,h,l,roll,pitch,yaw
250,0.097987,0.062778,-0.366749,0.030345,0.033828,0.030715,1.449377,-0.278912,1.581125
125,-0.068015,0.008855,-0.185010,0.011274,0.010669,0.011464,-1.113335,-0.894460,-0.366571
125,-0.016093,0.072682,-0.416426,0.021507,0.025077,0.025101,-1.125738,-0.159469,1.291767
250,-0.146938,0.010530,-0.174054,0.036416,0.040596,0.036860,-2.894217,-0.380034,1.544610
125,0.149538,0.047284,-0.348721,0.010239,0.011939,0.011950,1.585654,-0.280272,1.581201
125,0.102862,0.045893,-0.339633,0.014317,0.012585,0.013688,1.302337,-0.108042,3.022074
125,0.099440,0.067726,-0.410779,0.016878,0.018816,0.017084,1.128242,0.144436,2.477995
250,-0.000350,0.001236,-0.163591,0.028868,0.027319,0.029355,-2.296006,-0.447638,1.382552
250,-0.183238,0.101610,-0.519426,0.021312,0.024849,0.024872,-0.045918,0.568784,1.534918
