label,x,y,z,w,h,l,roll,pitch,yaw
250,0.062987,0.120925,-0.349908,0.030345,0.033828,0.030715,1.448257,-0.379789,1.581488
125,-0.103015,0.048973,-0.174523,0.011274,0.010669,0.011464,-0.969882,-0.853084,-0.476666
125,-0.051093,0.135782,-0.398335,0.021507,0.025077,0.025101,-1.097059,-0.256374,1.285839
250,-0.181938,0.049536,-0.163454,0.036416,0.040596,0.036860,-2.891243,-0.480881,1.543367
125,0.114538,0.103694,-0.333532,0.010239,0.011939,0.011950,1.584525,-0.381149,1.581568
125,0.067862,0.101394,-0.324630,0.014317,0.012585,0.013688,1.201455,-0.119506,3.033536
125,0.064440,0.130282,-0.393216,0.016878,0.018816,0.017084,1.048552,0.081906,2.468986
250,-0.035350,0.039236,-0.153981,0.028868,0.027319,0.029355,-2.273943,-0.546642,1.372017
250,-0.218238,0.174936,-0.497898,0.021312,0.024849,0.024872,-0.041871,0.467962,1.536926
