label,x,y,z,w,h,l,roll,pitch,yaw
250,0.027987,0.132826,-0.346027,0.030345,0.033828,0.030715,1.447611,-0.434598,1.581744
125,-0.138015,0.051373,-0.174848,0.011274,0.010669,0.011464,-0.897955,-0.826625,-0.530233
125,-0.086093,0.150314,-0.393567,0.021507,0.025077,0.025101,-1.080892,-0.308942,1.281328
125,0.079538,0.114724,-0.330620,0.010239,0.011939,0.011950,1.583874,-0.435958,1.581827
125,0.032862,0.111940,-0.321857,0.014317,0.012585,0.013688,1.146531,-0.125236,3.040242
250,-0.070350,0.040526,-0.154870,0.028868,0.027319,0.029355,-2.260832,-0.600337,1.364900
250,-0.253238,0.194864,-0.490836,0.021312,0.024849,0.024872,-0.039845,0.413180,1.537790
