label,x,y,z,w,h,l,roll,pitch,yaw
250,-0.007013,0.136505,-0.351764,0.030345,0.033828,0.030715,1.445857,-0.569926,1.582591
125,-0.173015,0.032701,-0.193140,0.011274,0.010669,0.011464,-0.737978,-0.751454,-0.643966
125,-0.121093,0.160246,-0.396511,0.021507,0.025077,0.025101,-1.038344,-0.438364,1.265763
125,0.044538,0.116489,-0.338941,0.010239,0.011939,0.011950,1.582105,-0.571286,1.582683
125,-0.002138,0.112548,-0.330633,0.014317,0.012585,0.013688,1.010598,-0.137746,3.058092
125,0.166196,0.033751,-0.191731,0.030480,0.033978,0.030852,-3.072010,-0.581116,1.569970
250,0.242382,0.061135,-0.230989,0.039242,0.037137,0.039905,-2.520188,-0.579282,1.563877
250,-0.105350,0.019256,-0.174809,0.028868,0.027319,0.029355,-2.223722,-0.732507,1.341908
250,-0.288238,0.217513,-0.486879,0.021312,0.024849,0.024872,-0.035215,0.277914,1.539362
