label,x,y,z,w,h,l,roll,pitch,yaw
250,-0.042013,0.082628,-0.372827,0.030345,0.033828,0.030715,1.447176,-0.470074,1.581934
125,-0.208015,-0.004845,-0.204645,0.011274,0.010669,0.011464,-0.853644,-0.808186,-0.562556
125,-0.156093,0.101791,-0.419717,0.021507,0.025077,0.025101,-1.070140,-0.342928,1.277885
125,0.009538,0.063991,-0.358072,0.010239,0.011939,0.011950,1.583435,-0.471434,1.582019
125,-0.037138,0.060898,-0.349413,0.014317,0.012585,0.013688,1.110940,-0.128746,3.044750
125,0.131196,-0.003659,-0.203347,0.030480,0.033978,0.030852,-3.072103,-0.481258,1.570017
250,0.207382,0.019674,-0.245140,0.039242,0.037137,0.039905,-2.520966,-0.479426,1.564270
250,-0.140350,-0.016395,-0.185064,0.028868,0.027319,0.029355,-2.251823,-0.635048,1.359682
250,-0.323238,0.149763,-0.515344,0.021312,0.024849,0.024872,-0.038585,0.377721,1.538275
