label,x,y,z,w,h,l,roll,pitch,yaw
250,-0.077013,0.079730,-0.366267,0.030345,0.033828,0.030715,1.448261,-0.379466,1.581487
125,-0.191093,0.094571,-0.414699,0.021507,0.025077,0.025101,-1.097152,-0.256064,1.285863
125,-0.025462,0.062504,-0.349886,0.010239,0.011939,0.011950,1.584529,-0.380826,1.581567
125,-0.072138,0.060207,-0.340983,0.014317,0.012585,0.013688,1.201778,-0.119471,3.033498
125,0.096196,0.009133,-0.189675,0.030480,0.033978,0.030852,-3.072179,-0.390645,1.570049
125,-0.075560,0.089073,-0.409578,0.016878,0.018816,0.017084,1.048805,0.082107,2.469007
250,0.172382,0.028589,-0.233407,0.039242,0.037137,0.039905,-2.521604,-0.388814,1.564538
250,-0.175350,-0.001896,-0.170314,0.028868,0.027319,0.029355,-2.274018,-0.546326,1.372055
250,-0.358238,0.133693,-0.514275,0.021312,0.024849,0.024872,-0.041883,0.468285,1.536920
