label,x,y,z,w,h,l,roll,pitch,yaw
250,-0.112013,0.071695,-0.364075,0.030345,0.033828,0.030715,1.449356,-0.280841,1.581131
125,-0.226093,0.081694,-0.413733,0.021507,0.025077,0.025101,-1.125200,-0.161324,1.291681
125,-0.060462,0.056166,-0.346077,0.010239,0.011939,0.011950,1.585633,-0.282201,1.581207
125,-0.107138,0.054756,-0.336991,0.014317,0.012585,0.013688,1.300410,-0.108272,3.022282
125,0.061196,0.018830,-0.181389,0.030480,0.033978,0.030852,-3.072256,-0.292014,1.570075
125,-0.110560,0.076727,-0.408095,0.016878,0.018816,0.017084,1.126706,0.143247,2.477774
250,0.137382,0.033884,-0.226824,0.039242,0.037137,0.039905,-2.522247,-0.290186,1.564753
250,-0.393237,0.110821,-0.516677,0.021312,0.024849,0.024872,-0.045836,0.566856,1.534962
