label,x,y,z,w,h,l,roll,pitch,yaw
250,-0.147013,0.060981,-0.368333,0.030345,0.033828,0.030715,1.449102,-0.304368,1.581205
125,-0.261093,0.072146,-0.417742,0.021507,0.025077,0.025101,-1.118607,-0.183938,1.290548
125,-0.095462,0.045033,-0.350706,0.010239,0.011939,0.011950,1.585376,-0.305728,1.581281
125,-0.142138,0.043410,-0.341655,0.014317,0.012585,0.013688,1.276904,-0.111042,3.024854
125,0.026196,0.003833,-0.186941,0.030480,0.033978,0.030852,-3.072238,-0.315543,1.570070
125,-0.145560,0.067048,-0.412223,0.016878,0.018816,0.017084,1.108020,0.128727,2.475241
250,0.102382,0.019952,-0.232010,0.039242,0.037137,0.039905,-2.522098,-0.313714,1.564708
250,-0.428237,0.103687,-0.519972,0.021312,0.024849,0.024872,-0.044852,0.543342,1.535481
