label,x,y,z,w,h,l,roll,pitch,yaw
250,-0.182013,0.143722,-0.341197,0.030345,0.033828,0.030715,1.447345,-0.456434,1.581859
125,-0.296093,0.162243,-0.388344,0.021507,0.025077,0.025101,-1.074304,-0.329864,1.279260
125,-0.130462,0.125287,-0.326189,0.010239,0.011939,0.011950,1.583605,-0.457794,1.581943
125,-0.177138,0.122313,-0.317489,0.014317,0.012585,0.013688,1.124629,-0.127415,3.043002
125,-0.008804,0.059755,-0.170556,0.030480,0.033978,0.030852,-3.072115,-0.467617,1.570023
125,-0.180560,0.156368,-0.383661,0.016878,0.018816,0.017084,0.988584,0.034033,2.465510
250,0.067382,0.082515,-0.212663,0.039242,0.037137,0.039905,-2.521066,-0.465785,1.564315
250,-0.463237,0.208907,-0.484617,0.021312,0.024849,0.024872,-0.039065,0.391355,1.538095
