label,x,y,z,w,h,l,roll,pitch,yaw
250,-0.217013,0.113835,-0.353411,0.030345,0.033828,0.030715,1.447940,-0.407034,1.581610
125,-0.331093,0.130005,-0.401416,0.021507,0.025077,0.025101,-1.089084,-0.282514,1.283716
125,-0.165462,0.096164,-0.337511,0.010239,0.011939,0.011950,1.584205,-0.408394,1.581691
125,-0.212138,0.093622,-0.328675,0.014317,0.012585,0.013688,1.174162,-0.122400,3.036830
125,-0.043804,0.038397,-0.178832,0.030480,0.033978,0.030852,-3.072157,-0.418214,1.570041
125,-0.215560,0.124368,-0.396448,0.016878,0.018816,0.017084,1.027195,0.064913,2.467420
250,0.032382,0.059050,-0.222011,0.039242,0.037137,0.039905,-2.521416,-0.416384,1.564464
250,-0.498237,0.171858,-0.499875,0.021312,0.024849,0.024872,-0.040850,0.440731,1.537374
