label,x,y,z,w,h,l,roll,pitch,yaw
250,-0.252013,0.117031,-0.363251,0.030345,0.033828,0.030715,1.445953,-0.563007,1.582539
125,-0.366092,0.140463,-0.408160,0.021507,0.025077,0.025101,-1.040632,-0.431763,1.266727
125,-0.200462,0.097105,-0.350289,0.010239,0.011939,0.011950,1.582202,-0.564367,1.582630
125,-0.247138,0.093222,-0.341954,0.014317,0.012585,0.013688,1.017559,-0.137166,3.057138
125,-0.078804,0.015388,-0.202510,0.030480,0.033978,0.030852,-3.072017,-0.574197,1.569974
125,-0.250560,0.134123,-0.404129,0.016878,0.018816,0.017084,0.905466,-0.032700,2.465454
250,-0.002618,0.042499,-0.241957,0.039242,0.037137,0.039905,-2.520246,-0.572363,1.563908
