label,x,y,z,w,h,l,roll,pitch,yaw
250,-0.287013,0.065844,-0.374952,0.030345,0.033828,0.030715,1.447838,-0.415641,1.581650
125,-0.282138,0.045419,-0.350391,0.014317,0.012585,0.013688,1.165537,-0.123296,3.037887
125,-0.113804,-0.011094,-0.201029,0.030480,0.033978,0.030852,-3.072150,-0.426821,1.570038
250,-0.037618,0.009931,-0.244029,0.039242,0.037137,0.039905,-2.521356,-0.424990,1.564440
