label,x,y,z,w,h,l,roll,pitch,yaw
125,-0.246714,0.167813,-0.499260,0.011274,0.010669,0.011464,0.835537,0.801830,2.565251
125,0.110148,0.095804,-0.343514,0.011274,0.010669,0.011464,-1.085507,-0.006281,-0.003312
125,-0.299019,0.053549,-0.288236,0.021507,0.025077,0.025101,1.785018,-0.573623,1.900704
125,-0.053686,0.202022,-0.542223,0.048044,0.042234,0.045933,-0.303899,-0.475739,1.567414
250,-0.167776,0.176553,-0.505889,0.036416,0.040596,0.036860,0.226280,-0.385079,1.596865
250,-0.018119,0.129666,-0.418620,0.034986,0.030755,0.033448,-0.911109,-0.471365,1.550393
250,-0.314344,0.177209,-0.520079,0.028868,0.027319,0.029355,0.707737,-0.305908,1.748352
250,-0.132045,0.002925,-0.193684,0.021312,0.024849,0.024872,2.984245,-1.332391,1.704235
