label,x,y,z,w,h,l,roll,pitch,yaw
125,-0.211714,0.200084,-0.480597,0.011274,0.010669,0.011464,0.882770,0.822173,2.599531
125,0.043938,0.147964,-0.393150,0.009707,0.010822,0.009826,-1.076733,0.424033,0.218085
125,0.145148,0.134096,-0.322205,0.011274,0.010669,0.011464,-1.123844,-0.006403,-0.003069
125,-0.264019,0.093992,-0.265348,0.021507,0.025077,0.025101,1.799471,-0.537305,1.893080
125,-0.018686,0.232621,-0.524840,0.048044,0.042234,0.045933,-0.304042,-0.437403,1.567477
250,-0.132776,0.208563,-0.487556,0.036416,0.040596,0.036860,0.227343,-0.346755,1.596484
250,0.016881,0.165055,-0.398554,0.034986,0.030755,0.033448,-0.911971,-0.433036,1.550770
250,-0.279344,0.208674,-0.501761,0.028868,0.027319,0.029355,0.714757,-0.268167,1.746364
250,-0.097045,0.047029,-0.168925,0.021312,0.024849,0.024872,3.002929,-1.294348,1.686163
