label,x,y,z,w,h,l,roll,pitch,yaw
250,-0.343018,0.080335,-0.340210,0.030345,0.033828,0.030715,-1.684678,-0.564496,1.559046
125,-0.229019,0.049717,-0.299629,0.021507,0.025077,0.025101,1.753350,-0.647238,1.918870
125,0.016314,0.217542,-0.541267,0.048044,0.042234,0.045933,-0.303589,-0.553789,1.567261
250,0.051881,0.135768,-0.423681,0.034986,0.030755,0.033448,-0.909244,-0.549398,1.549481
125,-0.347845,0.089365,-0.370859,0.014317,0.012585,0.013688,-1.003854,-0.018174,0.159219
125,-0.515924,0.182097,-0.501202,0.030480,0.033978,0.030852,0.067119,-0.553351,1.571590
250,-0.062045,-0.008125,-0.209312,0.021312,0.024849,0.024872,2.919641,-1.409418,1.767601
