label,x,y,z,w,h,l,roll,pitch,yaw
250,0.181982,0.147113,-0.297740,0.030345,0.033828,0.030715,-1.684610,-0.569307,1.559009
125,0.348286,0.247638,-0.458150,0.011274,0.010669,0.011464,0.740165,0.754328,2.498263
250,0.427224,0.256896,-0.464033,0.036416,0.040596,0.036860,0.223863,-0.467910,1.597865
125,0.130465,0.150434,-0.321354,0.010239,0.011939,0.011950,-1.548273,-0.567946,1.558936
125,0.177155,0.156291,-0.328345,0.014317,0.012585,0.013688,-0.999103,-0.018937,0.159130
125,0.009076,0.249648,-0.458240,0.030480,0.033978,0.030852,0.067115,-0.558162,1.571592
125,0.180459,0.117358,-0.264914,0.016878,0.018816,0.017084,-1.225958,-0.586514,0.361351
250,-0.067186,0.225507,-0.417050,0.039242,0.037137,0.039905,0.612401,-0.559967,1.577616
250,0.280656,0.258724,-0.478120,0.028868,0.027319,0.029355,0.691948,-0.387428,1.753721
