label,x,y,z,w,h,l,roll,pitch,yaw
250,0.216982,0.102361,-0.318738,0.030345,0.033828,0.030715,-1.685805,-0.479250,1.559608
125,0.383286,0.188051,-0.487539,0.011274,0.010669,0.011464,0.844256,0.805736,2.571528
250,0.462224,0.196742,-0.494231,0.036416,0.040596,0.036860,0.226482,-0.377879,1.596789
125,0.165465,0.103544,-0.342554,0.010239,0.011939,0.011950,-1.549475,-0.477890,1.559536
125,0.212155,0.108749,-0.350044,0.014317,0.012585,0.013688,-1.088025,-0.004610,0.160178
125,0.044076,0.190045,-0.487809,0.030480,0.033978,0.030852,0.067195,-0.468100,1.571553
125,0.215459,0.075679,-0.283368,0.016878,0.018816,0.017084,-1.324951,-0.552403,0.414764
250,-0.032186,0.169706,-0.444615,0.039242,0.037137,0.039905,0.613089,-0.469907,1.577277
250,0.315656,0.197296,-0.508425,0.028868,0.027319,0.029355,0.709068,-0.298819,1.747955
