label,x,y,z,w,h,l,roll,pitch,yaw
250,0.251982,0.046741,-0.337852,0.030345,0.033828,0.030715,-1.686844,-0.393354,1.560048
125,0.418286,0.117633,-0.513383,0.011274,0.010669,0.011464,0.953815,0.849195,2.652244
250,0.497224,0.125718,-0.520796,0.036416,0.040596,0.036860,0.228811,-0.292006,1.596023
125,0.200465,0.045877,-0.361682,0.010239,0.011939,0.011950,-1.550520,-0.391993,1.559977
125,0.247155,0.050420,-0.369592,0.014317,0.012585,0.013688,-1.172828,0.009091,0.159988
125,0.079076,0.119596,-0.513824,0.030480,0.033978,0.030852,0.067265,-0.382198,1.571524
125,0.250459,0.023192,-0.300324,0.016878,0.018816,0.017084,-1.415347,-0.515958,0.460819
250,0.002814,0.103039,-0.469043,0.039242,0.037137,0.039905,0.613689,-0.384007,1.577028
250,0.350656,0.125052,-0.534985,0.028868,0.027319,0.029355,0.724542,-0.214231,1.744026
