label,x,y,z,w,h,l,roll,pitch,yaw
250,0.286982,0.113608,-0.316005,0.030345,0.033828,0.030715,-1.685122,-0.531895,1.559277
125,0.453286,0.208062,-0.480063,0.011274,0.010669,0.011464,0.782124,0.776338,2.527335
125,0.235465,0.116043,-0.339726,0.010239,0.011939,0.011950,-1.548788,-0.530534,1.559204
125,0.282155,0.121635,-0.346932,0.014317,0.012585,0.013688,-1.036047,-0.012997,0.159720
125,0.114076,0.210068,-0.480228,0.030480,0.033978,0.030852,0.067149,-0.520748,1.571574
125,0.285459,0.085102,-0.282088,0.016878,0.018816,0.017084,-1.267608,-0.572886,0.384168
250,0.037814,0.187484,-0.438163,0.039242,0.037137,0.039905,0.612695,-0.522554,1.577464
250,0.385656,0.218394,-0.500433,0.028868,0.027319,0.029355,0.699193,-0.350629,1.751107
