label,x,y,z,w,h,l,roll,pitch,yaw
125,0.091538,0.117552,-0.487651,0.016270,0.018971,0.018988,0.218558,-0.307833,1.603731
125,-0.139150,0.033247,-0.296903,0.029339,0.025791,0.028050,1.450525,-0.491149,2.362513
250,0.249401,0.136868,-0.510419,0.036053,0.034332,0.037277,-0.629745,-0.434014,1.564281
250,-0.015701,0.051368,-0.329891,0.037005,0.035020,0.037630,1.773769,-0.444126,1.581633
