label,x,y,z,w,h,l,roll,pitch,yaw
125,0.341940,0.030596,-0.337648,0.033875,0.039498,0.039535,1.699795,-0.392754,1.581525
125,0.209848,-0.026804,-0.211067,0.009550,0.011135,0.011145,-0.958708,-0.844624,-0.483387
125,0.056538,0.085838,-0.495785,0.016270,0.018971,0.018988,0.220282,-0.257219,1.603250
125,-0.174150,0.011297,-0.301015,0.029339,0.025791,0.028050,1.490638,-0.455235,2.344227
250,0.214401,0.103977,-0.519502,0.036053,0.034332,0.037277,-0.630100,-0.383375,1.564422
