label,x,y,z,w,h,l,roll,pitch,yaw
125,0.306940,0.053859,-0.321876,0.033875,0.039498,0.039535,1.700907,-0.293362,1.581150
250,0.528356,0.111960,-0.515866,0.034889,0.038894,0.035315,-0.131043,-0.282136,1.569432
125,0.174848,0.009304,-0.190223,0.009550,0.011135,0.011145,-1.098100,-0.886172,-0.377166
125,0.021538,0.093136,-0.484714,0.016270,0.018971,0.018988,0.223542,-0.157874,1.602577
125,0.030940,0.096664,-0.505198,0.010192,0.011883,0.011894,0.450179,1.245303,2.042458
125,-0.209150,0.038290,-0.283508,0.029339,0.025791,0.028050,1.565447,-0.383028,2.313750
250,0.179401,0.108832,-0.510114,0.036053,0.034332,0.037277,-0.630759,-0.283980,1.564638
250,-0.085701,0.051277,-0.318834,0.037005,0.035020,0.037630,1.775461,-0.294097,1.581021
