label,x,y,z,w,h,l,roll,pitch,yaw
125,0.271940,0.092237,-0.310907,0.033875,0.039498,0.039535,1.700291,-0.349270,1.581345
250,0.493356,0.161087,-0.501347,0.034889,0.038894,0.035315,-0.130962,-0.338047,1.569407
125,0.139848,0.040394,-0.181950,0.009550,0.011135,0.011145,-1.018014,-0.863977,-0.438657
125,-0.013462,0.140552,-0.471296,0.016270,0.018971,0.018988,0.221725,-0.213756,1.602913
125,-0.004060,0.145219,-0.491551,0.010192,0.011883,0.011894,0.380999,1.194669,1.977467
125,-0.244149,0.074548,-0.273469,0.029339,0.025791,0.028050,1.523962,-0.423902,2.330043
250,0.144401,0.157643,-0.495779,0.036053,0.034332,0.037277,-0.630394,-0.339890,1.564526
250,-0.120701,0.089489,-0.308014,0.037005,0.035020,0.037630,1.774853,-0.350005,1.581213
