label,x,y,z,w,h,l,roll,pitch,yaw
125,0.236940,0.062605,-0.319392,0.033875,0.039498,0.039535,1.700843,-0.299280,1.581169
250,0.458356,0.121853,-0.513035,0.034889,0.038894,0.035315,-0.131035,-0.288054,1.569430
125,0.104848,0.017271,-0.188005,0.009550,0.011135,0.011145,-1.089423,-0.883974,-0.383882
125,-0.048462,0.102845,-0.481995,0.016270,0.018971,0.018988,0.223351,-0.163789,1.602608
125,-0.039060,0.106494,-0.502458,0.010192,0.011883,0.011894,0.441900,1.240021,2.034620
125,-0.279149,0.046809,-0.281117,0.029339,0.025791,0.028050,1.561124,-0.387383,2.315375
250,0.109401,0.118691,-0.507301,0.036053,0.034332,0.037277,-0.630721,-0.289897,1.564627
250,-0.155701,0.060005,-0.316365,0.037005,0.035020,0.037630,1.775398,-0.300015,1.581039
