label,x,y,z,w,h,l,roll,pitch,yaw
125,0.201940,0.059538,-0.319153,0.033875,0.039498,0.039535,1.701223,-0.263843,1.581063
250,0.423356,0.111888,-0.514774,0.034889,0.038894,0.035315,-0.131085,-0.252616,1.569443
125,0.069848,0.018889,-0.186243,0.009550,0.011135,0.011145,-1.142071,-0.896575,-0.342956
125,-0.083462,0.093992,-0.483079,0.016270,0.018971,0.018988,0.224488,-0.128368,1.602442
125,-0.074060,0.096914,-0.503659,0.010192,0.011883,0.011894,0.495652,1.271311,2.085733
125,0.246213,0.040391,-0.261472,0.028639,0.025176,0.027380,2.087175,-0.267477,1.579801
250,0.074401,0.108931,-0.508932,0.036053,0.034332,0.037277,-0.630947,-0.254459,1.564688
250,-0.190701,0.057047,-0.316036,0.037005,0.035020,0.037630,1.775774,-0.264578,1.580934
