label,x,y,z,w,h,l,roll,pitch,yaw
125,0.166940,0.034141,-0.337862,0.033875,0.039498,0.039535,1.699597,-0.409635,1.581602
250,0.517570,0.109828,-0.509364,0.036219,0.042231,0.042270,-0.749985,-0.380648,1.542561
250,0.388356,0.114356,-0.523802,0.034889,0.038894,0.035315,-0.130871,-0.398416,1.569375
125,0.034848,-0.025387,-0.212268,0.009550,0.011135,0.011145,-0.936395,-0.836653,-0.500013
125,-0.118462,0.092045,-0.495044,0.016270,0.018971,0.018988,0.219713,-0.274093,1.603399
125,-0.109060,0.097926,-0.514981,0.010192,0.011883,0.011894,0.323995,1.138595,1.925033
125,0.211213,0.006816,-0.283575,0.028639,0.025176,0.027380,2.085747,-0.413271,1.580279
250,0.039401,0.110582,-0.518451,0.036053,0.034332,0.037277,-0.629984,-0.400257,1.564378
250,-0.225700,0.031223,-0.335140,0.037005,0.035020,0.037630,1.774167,-0.410370,1.581468
