label,x,y,z,w,h,l,roll,pitch,yaw
125,0.131940,-0.005786,-0.336839,0.033875,0.039498,0.039535,1.701203,-0.265798,1.581069
250,0.482570,0.044534,-0.517419,0.036219,0.042231,0.042270,-0.754148,-0.236858,1.543830
250,0.353356,0.046946,-0.532357,0.034889,0.038894,0.035315,-0.131082,-0.254571,1.569442
125,-0.000152,-0.046696,-0.204008,0.009550,0.011135,0.011145,-1.139124,-0.895915,-0.345258
125,0.176213,-0.025046,-0.279195,0.028639,0.025176,0.027380,2.087157,-0.269432,1.579806
250,-0.260700,-0.008283,-0.333727,0.037005,0.035020,0.037630,1.775753,-0.266533,1.580940
