label,x,y,z,w,h,l,roll,pitch,yaw
125,-0.244585,0.113866,-0.507272,0.009550,0.011135,0.011145,1.012654,0.863989,2.698315
125,-0.091762,0.004253,-0.221113,0.016270,0.018971,0.018988,-2.898198,-0.484996,1.535559
125,-0.101197,-0.005204,-0.202619,0.010192,0.011883,0.011894,-0.373917,-1.192365,-1.171255
125,0.139257,0.080906,-0.414666,0.029339,0.025791,0.028050,-1.156834,-0.111783,0.887122
125,-0.421074,0.088222,-0.433649,0.028639,0.025176,0.027380,-1.050495,-0.346146,1.561556
250,0.015748,0.070180,-0.378795,0.037005,0.035020,0.037630,-1.361198,-0.349041,1.560380
