label,x,y,z,w,h,l,roll,pitch,yaw
125,-0.341897,0.133475,-0.352899,0.033875,0.039498,0.039535,-1.434935,-0.413457,1.559971
125,-0.209585,0.185009,-0.481753,0.009550,0.011135,0.011145,0.926909,0.834813,2.633906
125,-0.056762,0.057406,-0.203151,0.016270,0.018971,0.018988,-2.895571,-0.548640,1.534260
125,-0.066197,0.046792,-0.185296,0.010192,0.011883,0.011894,-0.315484,-1.133028,-1.224915
125,0.174257,0.146223,-0.391434,0.029339,0.025791,0.028050,-1.116096,-0.161051,0.881579
250,0.050748,0.133235,-0.356317,0.037005,0.035020,0.037630,-1.360474,-0.412723,1.560111
