label,x,y,z,w,h,l,roll,pitch,yaw
125,-0.306898,0.115567,-0.363124,0.033875,0.039498,0.039535,-1.434400,-0.457756,1.559745
125,-0.174585,0.172757,-0.489569,0.009550,0.011135,0.011145,0.870602,0.812472,2.592591
125,-0.021762,0.032941,-0.216891,0.016270,0.018971,0.018988,-2.893620,-0.592912,1.533206
125,-0.031197,0.021545,-0.199525,0.010192,0.011883,0.011894,-0.282943,-1.091130,-1.254099
125,0.209257,0.130008,-0.401056,0.029339,0.025791,0.028050,-1.087383,-0.195172,0.876491
250,-0.179671,0.027189,-0.187840,0.036053,0.034332,0.037277,2.504527,-0.467139,1.577432
250,0.085748,0.115478,-0.366549,0.037005,0.035020,0.037630,-1.359947,-0.457022,1.559889
