label,x,y,z,w,h,l,roll,pitch,yaw
125,-0.271898,0.141442,-0.349733,0.033875,0.039498,0.039535,-1.434657,-0.436685,1.559856
125,-0.139585,0.195955,-0.477355,0.009550,0.011135,0.011145,0.897047,0.823296,2.611888
125,0.013238,0.061916,-0.201792,0.016270,0.018971,0.018988,-2.894561,-0.571854,1.533724
125,0.003803,0.050889,-0.184189,0.010192,0.011883,0.011894,-0.297734,-1.111111,-1.240909
125,0.244257,0.155081,-0.387961,0.029339,0.025791,0.028050,-1.101085,-0.178960,0.879040
125,-0.420891,0.191809,-0.478639,0.021637,0.020604,0.022371,-0.276377,0.339860,1.351510
250,-0.144671,0.056778,-0.172625,0.036053,0.034332,0.037277,2.504682,-0.446067,1.577364
250,0.120748,0.141282,-0.353156,0.037005,0.035020,0.037630,-1.360200,-0.435951,1.559998
