label,x,y,z,w,h,l,roll,pitch,yaw
125,-0.236898,0.054103,-0.385415,0.033875,0.039498,0.039535,-1.435181,-0.392398,1.560067
125,0.048238,-0.018795,-0.234097,0.016270,0.018971,0.018988,-2.896461,-0.527594,1.534716
125,0.038803,-0.029031,-0.216023,0.010192,0.011883,0.011894,-0.333072,-1.152784,-1.208912
125,0.279257,0.066037,-0.424209,0.029339,0.025791,0.028050,-1.129630,-0.144784,0.883641
125,-0.373505,0.096491,-0.516708,0.009550,0.011135,0.011145,-0.700480,1.045129,0.798207
125,-0.281074,0.074155,-0.442862,0.028639,0.025176,0.027380,-1.050070,-0.388770,1.561403
125,-0.385890,0.098713,-0.516424,0.021637,0.020604,0.022371,-0.286761,0.383072,1.347837
250,-0.109671,-0.022636,-0.204732,0.036053,0.034332,0.037277,2.504998,-0.401778,1.577234
250,0.155748,0.053792,-0.388826,0.037005,0.035020,0.037630,-1.360718,-0.391664,1.560206
