label,x,y,z,w,h,l,roll,pitch,yaw
125,-0.201898,0.096504,-0.375882,0.033875,0.039498,0.039535,-1.433956,-0.493171,1.559542
125,0.083238,0.008752,-0.232666,0.016270,0.018971,0.018988,-2.891975,-0.628303,1.532263
125,0.073803,-0.003251,-0.215714,0.010192,0.011883,0.011894,-0.260489,-1.057365,-1.273844
125,0.314257,0.112279,-0.413278,0.029339,0.025791,0.028050,-1.064153,-0.222336,0.871676
125,-0.338505,0.151886,-0.502245,0.009550,0.011135,0.011145,-0.576076,0.969226,0.903484
125,-0.246074,0.122233,-0.431021,0.028639,0.025176,0.027380,-1.048999,-0.489544,1.560947
125,-0.350891,0.154068,-0.501739,0.021637,0.020604,0.022371,-0.263580,0.284699,1.355443
250,-0.074671,0.001975,-0.203836,0.036053,0.034332,0.037277,2.504259,-0.502555,1.577557
250,0.190748,0.096537,-0.379308,0.037005,0.035020,0.037630,-1.359509,-0.492437,1.559688
