label,x,y,z,w,h,l,roll,pitch,yaw
125,-0.166898,0.140270,-0.350864,0.033875,0.039498,0.039535,-1.434372,-0.460012,1.559733
125,0.118238,0.057314,-0.204818,0.016270,0.018971,0.018988,-2.893517,-0.595166,1.533148
125,0.108803,0.045880,-0.187477,0.010192,0.011883,0.011894,-0.281427,-1.088986,-1.255443
125,0.349257,0.154797,-0.388763,0.029339,0.025791,0.028050,-1.085912,-0.196905,0.876205
125,-0.303505,0.191432,-0.478994,0.009550,0.011135,0.011145,-0.613766,0.994953,0.872135
125,-0.211074,0.164157,-0.406826,0.028639,0.025176,0.027380,-1.049363,-0.456384,1.561113
125,-0.315890,0.193629,-0.478560,0.021637,0.020604,0.022371,-0.271037,0.317086,1.353233
250,-0.039671,0.051498,-0.175779,0.036053,0.034332,0.037277,2.504510,-0.469394,1.577439
250,0.225748,0.140189,-0.354290,0.037005,0.035020,0.037630,-1.359920,-0.459278,1.559876
