label,x,y,z,w,h,l,roll,pitch,yaw
125,-0.131898,0.048935,-0.385839,0.033875,0.039498,0.039535,-1.435355,-0.377323,1.560133
125,0.153238,-0.021674,-0.233439,0.016270,0.018971,0.018988,-2.897085,-0.512528,1.535026
125,0.143803,-0.031637,-0.215213,0.010192,0.011883,0.011894,-0.346651,-1.166850,-1.196463
125,0.384257,0.060282,-0.424808,0.029339,0.025791,0.028050,-1.139278,-0.133123,0.884977
125,-0.176074,0.068118,-0.443582,0.028639,0.025176,0.027380,-1.050222,-0.373695,1.561460
250,-0.004671,-0.025072,-0.204020,0.036053,0.034332,0.037277,2.505103,-0.386703,1.577193
250,0.260748,0.048572,-0.389245,0.037005,0.035020,0.037630,-1.360889,-0.376589,1.560270
