label,x,y,z,w,h,l,roll,pitch,yaw
125,-0.061898,0.162242,-0.341610,0.033875,0.039498,0.039535,-1.433407,-0.535168,1.559271
125,0.070415,0.229040,-0.463253,0.009550,0.011135,0.011145,0.778584,0.769896,2.527111
125,-0.198505,0.222881,-0.465536,0.009550,0.011135,0.011145,-0.532256,0.935770,0.939198
125,-0.106074,0.190264,-0.395620,0.028639,0.025176,0.027380,-1.048519,-0.531542,1.560713
125,-0.210891,0.225039,-0.464938,0.021637,0.020604,0.022371,-0.254334,0.243658,1.357858
250,0.065329,0.060573,-0.173685,0.036053,0.034332,0.037277,2.503927,-0.544554,1.577723
250,0.330748,0.162419,-0.345031,0.037005,0.035020,0.037630,-1.358967,-0.534435,1.559422
