label,x,y,z,w,h,l,roll,pitch,yaw
125,-0.026898,0.075123,-0.380243,0.033875,0.039498,0.039535,-1.434697,-0.433403,1.559873
250,-0.377295,0.082505,-0.409036,0.023670,0.027599,0.027624,1.155862,-0.373600,1.735710
125,0.105415,0.129217,-0.508044,0.009550,0.011135,0.011145,0.901220,0.824950,2.614951
125,-0.163505,0.122858,-0.509689,0.009550,0.011135,0.011145,-0.646212,1.015095,0.844743
125,-0.364443,0.066919,-0.370410,0.033113,0.031336,0.033672,1.464310,-0.433697,1.581760
125,-0.071074,0.097513,-0.436821,0.028639,0.025176,0.027380,-1.049646,-0.429775,1.561235
125,-0.175891,0.125066,-0.509314,0.021637,0.020604,0.022371,-0.277135,0.343064,1.351256
250,0.100329,-0.008959,-0.202858,0.036053,0.034332,0.037277,2.504706,-0.442785,1.577353
