label,x,y,z,w,h,l,roll,pitch,yaw
125,0.113102,0.156877,-0.342919,0.033875,0.039498,0.039535,-1.434015,-0.488529,1.559570
250,-0.108636,0.061575,-0.164641,0.034889,0.038894,0.035315,3.007853,-0.499778,1.572308
125,0.245415,0.217931,-0.467544,0.009550,0.011135,0.011145,0.833071,0.796057,2.565554
125,-0.023505,0.211672,-0.469537,0.009550,0.011135,0.011145,-0.581179,0.972867,0.899271
125,-0.206277,0.078204,-0.215430,0.010000,0.008791,0.009561,0.921211,-0.679505,-2.696263
125,-0.224443,0.148144,-0.333553,0.033113,0.031336,0.033672,1.463626,-0.488823,1.582064
125,0.068926,0.182350,-0.398176,0.028639,0.025176,0.027380,-1.049050,-0.484902,1.560972
125,-0.035891,0.213856,-0.469041,0.021637,0.020604,0.022371,-0.264615,0.289233,1.355150
