label,x,y,z,w,h,l,roll,pitch,yaw
125,0.323102,0.095037,-0.366741,0.033875,0.039498,0.039535,-1.435440,-0.369916,1.560164
250,-0.027295,0.100577,-0.395944,0.023670,0.027599,0.027624,1.166803,-0.310951,1.732036
250,-0.027826,0.028507,-0.192082,0.036219,0.042231,0.042270,2.368461,-0.398603,1.599288
250,0.101364,0.021503,-0.178438,0.034889,0.038894,0.035315,3.008046,-0.381158,1.572225
125,-0.036971,0.084360,-0.362562,0.009550,0.011135,0.011145,1.197334,0.106412,3.099998
125,0.003723,0.032005,-0.230838,0.010000,0.008791,0.009561,1.064472,-0.725682,-2.788955
125,-0.014443,0.087474,-0.356407,0.033113,0.031336,0.033672,1.465056,-0.370210,1.581468
125,0.278926,0.113792,-0.424625,0.028639,0.025176,0.027380,-1.050296,-0.366288,1.561487
125,0.174109,0.136690,-0.498720,0.021637,0.020604,0.022371,-0.292170,0.404993,1.345760
