label,x,y,z,w,h,l,roll,pitch,yaw
125,0.347206,0.100678,-0.403238,0.019805,0.023093,0.023114,1.132182,-0.124018,2.234128
125,0.024283,0.033738,-0.243991,0.011701,0.011073,0.011898,1.048234,-0.757058,-2.764913
125,-0.001644,0.122667,-0.454146,0.027076,0.025785,0.027996,0.769218,-0.186682,1.766116
125,-0.043942,0.041689,-0.249425,0.024300,0.022996,0.024710,2.110177,-0.376397,1.580004
250,-0.100685,0.107234,-0.408310,0.026799,0.031247,0.031276,1.268164,-0.368284,1.581040
250,0.142366,0.023161,-0.193962,0.026932,0.030024,0.027261,-3.025179,-0.530254,1.550937
250,0.057432,0.152493,-0.513500,0.041343,0.039125,0.042041,0.350009,-0.361855,1.574476
250,0.433030,0.114464,-0.415531,0.036112,0.040257,0.036552,1.061800,-0.366388,1.580167
