label,x,y,z,w,h,l,roll,pitch,yaw
125,-0.060897,0.068730,-0.334682,0.010982,0.010458,0.011354,1.008429,-0.207187,-3.012664
125,0.081444,0.206177,-0.537102,0.010000,0.008791,0.009561,-0.197661,1.009659,1.338516
125,0.122990,0.002167,-0.222339,0.011375,0.009999,0.010875,-1.974647,-1.196011,0.650931
125,0.052972,0.038597,-0.261772,0.030195,0.035208,0.035240,3.123683,-0.558943,1.571006
125,0.282893,0.056500,-0.302642,0.019805,0.023093,0.023114,-1.382934,-0.578078,0.752652
250,-0.113539,0.088832,-0.346611,0.027264,0.031790,0.031819,1.604348,-0.549811,1.596079
250,-0.106871,0.164210,-0.461064,0.043488,0.041154,0.044221,0.890464,-0.542673,1.579909
125,0.346615,0.158837,-0.457264,0.032510,0.036242,0.032907,0.878152,-0.500504,1.640669
250,0.061358,0.162828,-0.475402,0.021003,0.018463,0.020080,-0.041102,-0.316445,1.559688
