label,x,y,z,w,h,l,roll,pitch,yaw
125,-0.513556,0.200654,-0.538749,0.010000,0.008791,0.009561,-0.201763,1.018750,1.335033
125,-0.411735,0.116023,-0.410037,0.019825,0.018761,0.020159,-1.118518,-0.535254,1.560312
125,-0.312107,0.053175,-0.302900,0.019805,0.023093,0.023114,-1.391044,-0.571674,0.757062
125,-0.299256,0.109063,-0.393763,0.015953,0.014024,0.015252,1.021688,0.176785,3.034397
125,0.036831,0.026723,-0.254795,0.027076,0.025785,0.027996,-2.167999,-0.704284,1.317479
125,0.078779,0.138847,-0.444337,0.024300,0.022996,0.024710,-1.021376,-0.534399,1.560856
250,0.135795,0.053554,-0.295224,0.026799,0.031247,0.031276,-1.862384,-0.542502,1.559632
250,-0.022139,-0.001931,-0.194763,0.041343,0.039125,0.042041,-2.786574,-0.548980,1.566745
