label,x,y,z,w,h,l,roll,pitch,yaw
125,-0.334256,0.054255,-0.402636,0.015953,0.014024,0.015252,1.181145,0.191370,3.063644
125,0.001831,-0.005279,-0.252477,0.027076,0.025785,0.027996,-2.214142,-0.551321,1.344665
125,0.043779,0.075741,-0.457254,0.024300,0.022996,0.024710,-1.023052,-0.376973,1.561596
250,0.100795,0.014882,-0.296613,0.026799,0.031247,0.031276,-1.864272,-0.385078,1.560480
250,-0.057139,-0.024166,-0.188695,0.041343,0.039125,0.042041,-2.787262,-0.391548,1.567057
