label,x,y,z,w,h,l,roll,pitch,yaw
125,-0.009058,0.104865,-0.366751,0.010982,0.010458,0.011354,-1.159011,0.222409,0.096043
125,-0.122803,0.146714,-0.433839,0.030195,0.035208,0.035240,-0.019311,-0.391055,1.570587
125,-0.253363,0.074440,-0.281785,0.019825,0.018761,0.020159,2.012262,-0.405343,1.580617
125,-0.352794,0.124027,-0.395840,0.019805,0.023093,0.023114,1.113629,-0.147481,2.236639
250,0.036665,0.057576,-0.215504,0.043488,0.041154,0.044221,-2.244653,-0.407306,1.562309
250,-0.131581,0.045214,-0.208535,0.021003,0.018463,0.020080,3.087460,-0.633473,1.584351
250,-0.266970,0.138174,-0.407717,0.036112,0.040257,0.036552,1.061498,-0.396193,1.580280
