label,x,y,z,w,h,l,roll,pitch,yaw
125,-0.116787,-0.023875,-0.148779,0.010000,0.008791,0.009561,0.369298,-1.237309,-1.959571
125,-0.087803,0.075177,-0.455453,0.030195,0.035208,0.035240,-0.019331,-0.300225,1.570594
250,0.078552,0.043655,-0.361752,0.027264,0.031790,0.031819,-1.518737,-0.309175,1.548166
250,0.071665,0.006210,-0.229933,0.043488,0.041154,0.044221,-2.245463,-0.316480,1.562596
250,-0.096581,-0.005469,-0.221871,0.021003,0.018463,0.020080,3.088895,-0.542652,1.583553
