label,x,y,z,w,h,l,roll,pitch,yaw
125,-0.081787,-0.046600,-0.170775,0.010000,0.008791,0.009561,0.256050,-1.112166,-1.854868
125,-0.122736,0.105168,-0.513866,0.011375,0.009999,0.010875,0.384976,0.330158,1.882523
125,-0.052803,0.092062,-0.461692,0.030195,0.035208,0.035240,-0.019301,-0.432598,1.570583
125,-0.282794,0.067817,-0.424668,0.019805,0.023093,0.023114,1.087550,-0.180098,2.240893
250,0.113552,0.048448,-0.372971,0.027264,0.031790,0.031819,-1.515434,-0.441512,1.546952
250,0.106665,-0.006067,-0.247248,0.043488,0.041154,0.044221,-2.244261,-0.448848,1.562146
125,-0.295815,0.023282,-0.327757,0.015953,0.014024,0.015252,-1.119705,-0.187749,-0.090167
250,-0.196970,0.082444,-0.435947,0.036112,0.040257,0.036552,1.061063,-0.437735,1.580456
