label,x,y,z,w,h,l,roll,pitch,yaw
125,0.023213,-0.001608,-0.162911,0.010000,0.008791,0.009561,0.182411,-0.967263,-1.791198
125,-0.017736,0.199584,-0.479561,0.011375,0.009999,0.010875,0.338449,0.187522,1.870582
125,0.052197,0.178850,-0.429922,0.030195,0.035208,0.035240,-0.019263,-0.582143,1.570564
125,-0.078364,0.079012,-0.294363,0.019825,0.018761,0.020159,2.010007,-0.596421,1.581704
125,-0.177794,0.149359,-0.396924,0.019805,0.023093,0.023114,0.990651,-0.296327,2.263813
250,0.211665,0.049867,-0.232492,0.043488,0.041154,0.044221,-2.242702,-0.598387,1.561364
125,-0.190815,0.090883,-0.307730,0.015953,0.014024,0.015252,-0.968518,-0.172235,-0.117284
125,-0.241810,0.051486,-0.239559,0.032510,0.036242,0.032907,-2.185978,-0.638258,1.494550
250,-0.091970,0.165504,-0.405898,0.036112,0.040257,0.036552,1.059334,-0.587272,1.581306
