label,x,y,z,w,h,l,roll,pitch,yaw
125,0.093213,-0.025398,-0.175907,0.010000,0.008791,0.009561,0.190621,-0.987435,-1.798005
125,0.052264,0.169200,-0.496651,0.011375,0.009999,0.010875,0.344692,0.207284,1.871806
125,-0.107794,0.120696,-0.412993,0.019805,0.023093,0.023114,1.004404,-0.280385,2.259902
125,-0.120815,0.064077,-0.322608,0.015953,0.014024,0.015252,-0.989382,-0.174619,-0.113684
125,-0.456644,0.152370,-0.458511,0.027076,0.025785,0.027996,0.727596,-0.382879,1.777867
125,-0.171810,0.026099,-0.253637,0.032510,0.036242,0.032907,-2.187911,-0.617629,1.495686
250,-0.397568,0.193404,-0.510748,0.041343,0.039125,0.042041,0.349144,-0.562060,1.574864
250,0.113419,0.011261,-0.241766,0.021003,0.018463,0.020080,3.084148,-0.803856,1.586539
250,-0.021970,0.136651,-0.422299,0.036112,0.040257,0.036552,1.059592,-0.566585,1.581166
