label,x,y,z,w,h,l,roll,pitch,yaw
125,0.207206,0.181615,-0.373415,0.019805,0.023093,0.023114,1.005633,-0.278951,2.259563
125,-0.115717,0.084608,-0.230480,0.011701,0.011073,0.011898,0.812363,-0.669553,-2.610017
125,-0.141644,0.213204,-0.418992,0.027076,0.025785,0.027996,0.728008,-0.381061,1.777714
125,-0.183942,0.093474,-0.234241,0.024300,0.022996,0.024710,2.108015,-0.574737,1.580999
125,0.143190,0.087314,-0.213883,0.032510,0.036242,0.032907,-2.188082,-0.615776,1.495784
250,-0.240685,0.189042,-0.377095,0.026799,0.031247,0.031276,1.265772,-0.566621,1.582123
250,0.002366,0.064380,-0.183517,0.026932,0.030024,0.027261,-3.019934,-0.728558,1.547834
250,-0.082568,0.254141,-0.471305,0.041343,0.039125,0.042041,0.349153,-0.560202,1.574859
250,0.293030,0.197553,-0.382750,0.036112,0.040257,0.036552,1.059614,-0.564727,1.581153
