label,x,y,z,w,h,l,roll,pitch,yaw
125,0.347206,0.183470,-0.373953,0.019805,0.023093,0.023114,0.986069,-0.301593,2.265163
125,0.024283,0.082304,-0.233931,0.011701,0.011073,0.011898,0.780427,-0.654404,-2.590384
125,-0.001644,0.216385,-0.418582,0.027076,0.025785,0.027996,0.721425,-0.409821,1.780250
125,-0.043942,0.091276,-0.237430,0.024300,0.022996,0.024710,2.107651,-0.604129,1.581201
250,-0.100685,0.191001,-0.377414,0.026799,0.031247,0.031276,1.265370,-0.596014,1.582344
250,0.142366,0.060704,-0.187583,0.026932,0.030024,0.027261,-3.019005,-0.757945,1.547205
250,0.057432,0.258841,-0.469669,0.041343,0.039125,0.042041,0.349009,-0.589596,1.574937
