label,x,y,z,w,h,l,roll,pitch,yaw
250,0.058040,0.104713,-0.249586,0.029531,0.032921,0.029892,2.469508,-0.606828,1.578335
250,-0.037685,0.165675,-0.340157,0.033676,0.031869,0.034244,1.217275,-0.514894,1.950502
250,0.175419,0.061677,-0.181945,0.034780,0.030574,0.033252,-2.838601,-0.625770,1.560670
125,0.118761,0.033467,-0.163252,0.012051,0.011404,0.012254,0.049468,-0.970970,-1.630703
125,-0.019153,0.055961,-0.171638,0.035529,0.041426,0.041464,2.375692,-0.715112,1.700762
250,0.283481,0.224318,-0.419856,0.035056,0.039080,0.035484,-0.901367,-0.592805,1.561302
