label,x,y,z,w,h,l,roll,pitch,yaw
250,0.446577,0.160562,-0.512997,0.034116,0.039779,0.039815,0.602251,-0.378708,1.576914
125,0.022025,0.026051,-0.211472,0.014084,0.012381,0.013465,0.957436,-0.855859,-2.653014
125,0.279949,0.093499,-0.359577,0.027317,0.024014,0.026117,-1.434829,-0.381331,1.523439
125,-0.052279,0.093172,-0.360091,0.025601,0.029851,0.029879,1.360799,-0.343288,1.862945
250,0.245030,0.159045,-0.512642,0.033331,0.037157,0.033738,-0.544080,-0.228035,1.466488
250,0.247579,0.148239,-0.473225,0.043188,0.037965,0.041290,-0.701303,-0.379310,1.563829
