label,x,y,z,w,h,l,roll,pitch,yaw
250,0.411577,0.195746,-0.508906,0.034116,0.039779,0.039815,0.601050,-0.547102,1.577452
250,0.489318,0.184600,-0.491785,0.034780,0.030574,0.033252,0.293835,-0.528528,1.580350
125,-0.012975,0.012601,-0.234191,0.014084,0.012381,0.013465,0.750721,-0.765476,-2.502792
125,0.244949,0.103917,-0.368896,0.027317,0.024014,0.026117,-1.425525,-0.549523,1.519248
125,-0.087279,0.103681,-0.369457,0.025601,0.029851,0.029879,1.305645,-0.504032,1.885697
250,0.149851,-0.027378,-0.146244,0.039262,0.043769,0.039741,-2.847650,-0.771211,1.495022
250,0.212579,0.176930,-0.471761,0.043188,0.037965,0.041290,-0.699935,-0.547703,1.563216
