label,x,y,z,w,h,l,roll,pitch,yaw
250,0.376577,0.156722,-0.519875,0.034116,0.039779,0.039815,0.601769,-0.449628,1.577107
250,0.454318,0.147296,-0.501751,0.034780,0.030574,0.033252,0.294858,-0.431057,1.579877
125,-0.047975,0.001183,-0.228640,0.014084,0.012381,0.013465,0.865548,-0.820418,-2.584673
125,0.209949,0.078956,-0.371593,0.027317,0.024014,0.026117,-1.431100,-0.452171,1.521928
125,-0.122279,0.078667,-0.372128,0.025601,0.029851,0.029879,1.338533,-0.411123,1.871151
250,0.175030,0.155184,-0.519628,0.033331,0.037157,0.033738,-0.536360,-0.298564,1.464478
250,0.114851,-0.030047,-0.137220,0.039262,0.043769,0.039741,-2.857080,-0.673992,1.501265
250,0.177579,0.141611,-0.481076,0.043188,0.037965,0.041290,-0.700754,-0.450231,1.563608
