label,x,y,z,w,h,l,roll,pitch,yaw
125,-0.117975,0.024563,-0.226951,0.014084,0.012381,0.013465,0.748039,-0.764036,-2.500935
125,0.139949,0.116204,-0.361436,0.027317,0.024014,0.026117,-1.425379,-0.551932,1.519172
125,-0.192279,0.115969,-0.361998,0.025601,0.029851,0.029879,1.304790,-0.506325,1.886110
250,0.105030,0.206814,-0.501132,0.033331,0.037157,0.033738,-0.524881,-0.397868,1.460556
250,0.044851,-0.015628,-0.139102,0.039262,0.043769,0.039741,-2.847395,-0.773616,1.494843
250,0.107579,0.189465,-0.464125,0.043188,0.037965,0.041290,-0.699914,-0.550115,1.563205
