label,x,y,z,w,h,l,roll,pitch,yaw
250,0.349318,0.203277,-0.484977,0.034780,0.030574,0.033252,0.293332,-0.572730,1.580613
125,-0.152975,0.020063,-0.235235,0.014084,0.012381,0.013465,0.702727,-0.738535,-2.470001
125,-0.227279,0.117032,-0.366344,0.025601,0.029851,0.029879,1.289629,-0.546008,1.893726
250,0.070030,0.213610,-0.501562,0.033331,0.037157,0.033738,-0.519802,-0.439402,1.458491
250,0.241716,0.040720,-0.246800,0.035056,0.039080,0.035484,2.231067,-0.605698,1.580363
250,0.009851,-0.023763,-0.149141,0.039262,0.043769,0.039741,-2.842771,-0.815282,1.491544
250,0.072579,0.194730,-0.465312,0.043188,0.037965,0.041290,-0.699531,-0.591906,1.562998
