label,x,y,z,w,h,l,roll,pitch,yaw
250,0.201577,0.100428,-0.533980,0.034116,0.039779,0.039815,0.602449,-0.348155,1.576843
250,0.279318,0.092886,-0.514994,0.034780,0.030574,0.033252,0.295830,-0.329585,1.579516
125,-0.222975,-0.024809,-0.228486,0.014084,0.012381,0.013465,0.999270,-0.869772,-2.684797
125,-0.297278,0.037740,-0.379086,0.025601,0.029851,0.029879,1.370050,-0.314016,1.859958
125,0.335927,0.091896,-0.548903,0.012051,0.011404,0.012254,-0.086292,1.213017,1.478702
250,0.171716,-0.007544,-0.244685,0.035056,0.039080,0.035484,2.233530,-0.362553,1.579208
250,-0.060149,-0.046617,-0.134373,0.039262,0.043769,0.039741,-2.865454,-0.572744,1.506160
