label,x,y,z,w,h,l,roll,pitch,yaw
250,0.291825,0.143853,-0.417659,0.029531,0.032921,0.029892,-0.662829,-0.498541,1.563760
250,0.174318,0.184896,-0.486311,0.034780,0.030574,0.033252,0.294361,-0.479604,1.580096
125,-0.070051,0.110320,-0.359622,0.027317,0.024014,0.026117,-1.428397,-0.500660,1.520689
125,0.137144,0.009762,-0.196279,0.010000,0.008791,0.009561,0.681121,-0.896486,-2.374651
125,0.230926,0.188985,-0.519987,0.012051,0.011404,0.012254,-0.057998,1.063449,1.504463
125,0.368872,0.191692,-0.496315,0.035529,0.041426,0.041464,-0.639159,-0.383998,1.465270
250,0.066716,0.045194,-0.234048,0.035056,0.039080,0.035484,2.232088,-0.512572,1.579821
250,-0.102421,0.178215,-0.465936,0.043188,0.037965,0.041290,-0.700357,-0.498778,1.563427
