label,x,y,z,w,h,l,roll,pitch,yaw
250,-0.058174,0.147451,-0.411913,0.029531,0.032921,0.029892,-0.663219,-0.448546,1.563938
250,0.037723,0.098759,-0.314367,0.033676,0.031869,0.034244,-1.550962,-0.478193,1.198843
250,-0.253423,0.194412,-0.500668,0.034116,0.039779,0.039815,0.601779,-0.448181,1.577103
250,-0.175682,0.185012,-0.482530,0.034780,0.030574,0.033252,0.294872,-0.429609,1.579871
250,-0.454970,0.192874,-0.500419,0.033331,0.037157,0.033738,-0.536521,-0.297125,1.464525
125,-0.046947,-0.000193,-0.122162,0.011676,0.013016,0.011818,-0.563716,-1.022295,-0.933203
125,-0.119073,0.187413,-0.516369,0.012051,0.011404,0.012254,-0.065498,1.113324,1.497817
125,0.018872,0.191299,-0.492861,0.035529,0.041426,0.041464,-0.644732,-0.334275,1.467229
250,-0.452421,0.179357,-0.461846,0.043188,0.037965,0.041290,-0.700766,-0.448783,1.563613
