label,x,y,z,w,h,l,roll,pitch,yaw
125,-0.279978,0.048386,-0.347392,0.027317,0.024014,0.026117,1.665189,-0.469954,1.620108
125,0.052249,0.047547,-0.346827,0.025601,0.029851,0.029879,-1.536063,-0.475303,1.260896
250,-0.184469,0.169470,-0.575586,0.039262,0.043769,0.039741,0.225866,-0.247531,1.626462
250,-0.247808,-0.001151,-0.231326,0.043188,0.037965,0.041290,2.432800,-0.472894,1.578080
