label,x,y,z,w,h,l,roll,pitch,yaw
125,0.013205,0.114821,-0.481957,0.014084,0.012381,0.013465,-1.079899,0.891390,0.394090
125,-0.244978,0.073056,-0.325093,0.027317,0.024014,0.026117,1.673657,-0.305567,1.616895
125,0.087249,0.072320,-0.324397,0.025601,0.029851,0.029879,-1.588688,-0.318027,1.281295
125,-0.451867,0.121594,-0.511005,0.010000,0.008791,0.009561,-0.968399,1.020710,0.530224
250,-0.381519,0.118783,-0.459186,0.035056,0.039080,0.035484,-0.904283,-0.294545,1.562567
250,-0.149469,0.155118,-0.570040,0.039262,0.043769,0.039741,0.235012,-0.083205,1.624951
250,-0.212808,0.043204,-0.202479,0.043188,0.037965,0.041290,2.434052,-0.308325,1.577601
