label,x,y,z,w,h,l,roll,pitch,yaw
125,0.048205,0.169947,-0.471785,0.014084,0.012381,0.013465,-0.798021,0.787971,0.604828
125,-0.209978,0.095807,-0.327376,0.027317,0.024014,0.026117,1.662378,-0.519419,1.621443
125,0.122249,0.094940,-0.326853,0.025601,0.029851,0.029879,-1.518641,-0.522409,1.252559
250,-0.175324,0.016365,-0.180977,0.033331,0.037157,0.033738,2.491504,-0.668243,1.700695
250,-0.346519,0.168981,-0.448692,0.035056,0.039080,0.035484,-0.902281,-0.508638,1.561780
250,-0.114469,0.228039,-0.549296,0.039262,0.043769,0.039741,0.222985,-0.296980,1.627237
250,-0.177808,0.040585,-0.213905,0.043188,0.037965,0.041290,2.432384,-0.522419,1.578278
