label,x,y,z,w,h,l,roll,pitch,yaw
125,0.083205,0.173603,-0.474216,0.014084,0.012381,0.013465,-0.749709,0.763249,0.638660
125,-0.174978,0.093403,-0.333082,0.027317,0.024014,0.026117,1.659840,-0.561798,1.622749
125,0.157249,0.092516,-0.332597,0.025601,0.029851,0.029879,-1.502948,-0.562660,1.244454
250,-0.140324,0.007823,-0.190185,0.033331,0.037157,0.033738,2.484256,-0.710308,1.705306
250,-0.079469,0.234931,-0.549192,0.039262,0.043769,0.039741,0.220447,-0.339347,1.628031
250,-0.142808,0.033417,-0.222056,0.043188,0.037965,0.041290,2.432008,-0.564853,1.578473
