label,x,y,z,w,h,l,roll,pitch,yaw
125,0.118205,0.174912,-0.469592,0.014084,0.012381,0.013465,-0.789514,0.783788,0.610847
125,-0.139978,0.099715,-0.325731,0.027317,0.024014,0.026117,1.661949,-0.526734,1.621657
125,0.192249,0.098845,-0.325214,0.025601,0.029851,0.029879,-1.515986,-0.529364,1.251226
250,-0.105324,0.019204,-0.179917,0.033331,0.037157,0.033738,2.490288,-0.675506,1.701452
125,-0.346867,0.187898,-0.496444,0.010000,0.008791,0.009561,-0.664758,0.884510,0.778879
250,-0.044469,0.233570,-0.546675,0.039262,0.043769,0.039741,0.222552,-0.304293,1.627365
250,-0.107808,0.043664,-0.212667,0.043188,0.037965,0.041290,2.432320,-0.529744,1.578310
