label,x,y,z,w,h,l,roll,pitch,yaw
125,0.153205,0.245992,-0.429796,0.014084,0.012381,0.013465,-0.721549,0.747719,0.657969
125,0.227249,0.161290,-0.290309,0.025601,0.029851,0.029879,-1.493047,-0.586997,1.239071
250,-0.070324,0.072963,-0.150122,0.033331,0.037157,0.033738,2.479604,-0.735787,1.708384
125,-0.311867,0.260587,-0.455809,0.010000,0.008791,0.009561,-0.599843,0.840706,0.828204
125,-0.477670,0.301577,-0.508787,0.011676,0.013016,0.011818,0.438035,0.917384,2.103750
250,-0.241519,0.243455,-0.406823,0.035056,0.039080,0.035484,-0.901548,-0.576786,1.561402
250,-0.009469,0.309228,-0.503171,0.039262,0.043769,0.039741,0.218873,-0.365021,1.628574
250,-0.072808,0.099369,-0.181325,0.043188,0.037965,0.041290,2.431771,-0.590569,1.578603
