label,x,y,z,w,h,l,roll,pitch,yaw
125,0.188205,0.208852,-0.448796,0.014084,0.012381,0.013465,-0.823972,0.800298,0.586318
125,0.262249,0.137047,-0.302251,0.025601,0.029851,0.029879,-1.526481,-0.501527,1.256400
250,-0.035324,0.061696,-0.154684,0.033331,0.037157,0.033738,2.495069,-0.646453,1.698517
125,-0.276867,0.221046,-0.476017,0.010000,0.008791,0.009561,-0.698507,0.904817,0.752553
125,-0.442670,0.257101,-0.532469,0.011676,0.013016,0.011818,0.521915,0.993452,2.172306
250,-0.206519,0.208393,-0.425687,0.035056,0.039080,0.035484,-0.902505,-0.486667,1.561887
250,0.025531,0.265227,-0.527564,0.039262,0.043769,0.039741,0.224273,-0.275043,1.626873
250,-0.037808,0.085186,-0.188136,0.043188,0.037965,0.041290,2.432571,-0.500448,1.578187
