label,x,y,z,w,h,l,roll,pitch,yaw
250,-0.201872,-0.013335,-0.187101,0.034116,0.039779,0.039815,-2.536042,-0.434362,1.564545
125,-0.034978,0.051910,-0.341015,0.027317,0.024014,0.026117,1.667313,-0.430841,1.619183
125,0.297249,0.051094,-0.340418,0.025601,0.029851,0.029879,-1.549247,-0.437974,1.266711
250,-0.000324,-0.014252,-0.188155,0.033331,0.037157,0.033738,2.505223,-0.580257,1.692669
250,-0.171519,0.114052,-0.468335,0.035056,0.039080,0.035484,-0.903155,-0.419955,1.562172
250,-0.002808,0.006956,-0.223099,0.043188,0.037965,0.041290,2.433114,-0.433735,1.577942
