label,x,y,z,w,h,l,roll,pitch,yaw
250,-0.166872,0.058866,-0.155622,0.034116,0.039779,0.039815,-2.535526,-0.506658,1.564311
125,0.258205,0.206823,-0.450025,0.014084,0.012381,0.013465,-0.817316,0.797197,0.591087
125,0.000022,0.135059,-0.304421,0.027317,0.024014,0.026117,1.663325,-0.503052,1.620980
250,0.034676,0.058028,-0.156740,0.033331,0.037157,0.033738,2.494175,-0.651991,1.699058
125,-0.206867,0.219169,-0.477178,0.010000,0.008791,0.009561,-0.691943,0.900990,0.757707
125,-0.372670,0.255539,-0.533428,0.011676,0.013016,0.011818,0.516166,0.988841,2.167496
250,-0.136519,0.206235,-0.426920,0.035056,0.039080,0.035484,-0.902449,-0.492250,1.561861
250,0.032192,0.081704,-0.190060,0.043188,0.037965,0.041290,2.432524,-0.506032,1.578210
