label,x,y,z,w,h,l,roll,pitch,yaw
250,-0.131872,0.017793,-0.182079,0.034116,0.039779,0.039815,-2.535159,-0.554787,1.564125
250,-0.209581,0.028094,-0.199864,0.034780,0.030574,0.033252,-2.839233,-0.573343,1.561027
125,0.035022,0.101056,-0.327040,0.027317,0.024014,0.026117,1.660492,-0.551119,1.622405
250,0.069676,0.017009,-0.183236,0.033331,0.037157,0.033738,2.486131,-0.699710,1.704091
250,-0.101519,0.178043,-0.445973,0.035056,0.039080,0.035484,-0.901947,-0.540378,1.561613
250,0.130531,0.240265,-0.544651,0.039262,0.043769,0.039741,0.221094,-0.328670,1.627819
250,0.067192,0.042261,-0.215379,0.043188,0.037965,0.041290,2.432105,-0.554160,1.578422
