label,x,y,z,w,h,l,roll,pitch,yaw
250,-0.291960,0.021251,-0.280983,0.029531,0.032921,0.029892,2.471000,-0.425493,1.577595
250,-0.096872,-0.016809,-0.187728,0.034116,0.039779,0.039815,-2.536101,-0.425879,1.564570
250,-0.174580,-0.008881,-0.206690,0.034780,0.030574,0.033252,-2.840624,-0.444439,1.561706
125,0.070022,0.047128,-0.342190,0.027317,0.024014,0.026117,1.667762,-0.422369,1.618997
250,0.104676,-0.017736,-0.188774,0.033331,0.037157,0.033738,2.506449,-0.571837,1.692001
250,-0.066519,0.108187,-0.470032,0.035056,0.039080,0.035484,-0.903235,-0.411473,1.562205
250,0.102192,0.003175,-0.223897,0.043188,0.037965,0.041290,2.433181,-0.425253,1.577915
