label,x,y,z,w,h,l,roll,pitch,yaw
250,-0.256960,0.009549,-0.286783,0.029531,0.032921,0.029892,2.470960,-0.430869,1.577612
250,-0.061872,-0.029012,-0.193733,0.034116,0.039779,0.039815,-2.536064,-0.431256,1.564554
250,-0.139581,-0.020981,-0.212652,0.034780,0.030574,0.033252,-2.840570,-0.449815,1.561682
125,0.105022,0.035755,-0.347849,0.027317,0.024014,0.026117,1.667478,-0.427739,1.619115
250,0.139676,-0.029933,-0.194784,0.033331,0.037157,0.033738,2.505673,-0.577174,1.692423
125,-0.267670,0.138641,-0.585281,0.011676,0.013016,0.011818,0.601297,1.049688,2.240050
250,-0.031519,0.097500,-0.475362,0.035056,0.039080,0.035484,-0.903185,-0.416849,1.562184
250,0.200531,0.147089,-0.580955,0.039262,0.043769,0.039741,0.228267,-0.205330,1.625923
250,0.137192,-0.008834,-0.229794,0.043188,0.037965,0.041290,2.433139,-0.430629,1.577932
