label,x,y,z,w,h,l,roll,pitch,yaw
250,-0.186961,-0.021293,-0.280767,0.029531,0.032921,0.029892,2.472072,-0.273077,1.577227
250,0.008128,-0.044753,-0.182814,0.034116,0.039779,0.039815,-2.537082,-0.273463,1.564907
250,-0.069581,-0.039795,-0.202760,0.034780,0.030574,0.033252,-2.842065,-0.292025,1.562226
125,0.175022,-0.005009,-0.345192,0.027317,0.024014,0.026117,1.675353,-0.270117,1.616413
250,0.209676,-0.045827,-0.183707,0.033331,0.037157,0.033738,2.526559,-0.420444,1.682400
125,-0.197670,0.059289,-0.595842,0.011676,0.013016,0.011818,0.849448,1.162626,2.462472
125,-0.126239,-0.060323,-0.175857,0.012051,0.011404,0.012254,0.123787,-1.303470,-1.699093
250,0.038481,0.035932,-0.480824,0.035056,0.039080,0.035484,-0.904585,-0.259059,1.562650
250,0.207192,-0.030492,-0.221597,0.043188,0.037965,0.041290,2.434303,-0.272838,1.577530
