label,x,y,z,w,h,l,roll,pitch,yaw
250,-0.151960,0.050578,-0.272648,0.029531,0.032921,0.029892,2.470535,-0.486031,1.577800
250,0.043128,0.006945,-0.181866,0.034116,0.039779,0.039815,-2.535674,-0.486418,1.564382
250,-0.034581,0.016006,-0.200314,0.034780,0.030574,0.033252,-2.839995,-0.504976,1.561418
125,0.210022,0.080110,-0.332177,0.027317,0.024014,0.026117,1.664471,-0.482836,1.620437
125,-0.091239,-0.009745,-0.178358,0.012051,0.011404,0.012254,0.065114,-1.091506,-1.644151
250,0.305532,0.204127,-0.558790,0.039262,0.043769,0.039741,0.225123,-0.260409,1.626648
250,0.242192,0.029081,-0.216760,0.043188,0.037965,0.041290,2.432694,-0.485791,1.578129
