label,x,y,z,w,h,l,roll,pitch,yaw
250,-0.116960,0.001096,-0.280908,0.029531,0.032921,0.029892,2.471570,-0.346557,1.577381
250,-0.212685,0.036697,-0.384116,0.033676,0.031869,0.034244,1.316440,-0.271137,1.912214
250,0.078128,-0.029492,-0.184941,0.034116,0.039779,0.039815,-2.536623,-0.346943,1.564767
250,0.000419,-0.023083,-0.204469,0.034780,0.030574,0.033252,-2.841391,-0.365504,1.562008
125,0.245022,0.022066,-0.343964,0.027317,0.024014,0.026117,1.671798,-0.343519,1.617488
125,0.038133,0.077631,-0.527899,0.010000,0.008791,0.009561,-0.907651,1.000650,0.581696
125,-0.056239,-0.045531,-0.179146,0.012051,0.011404,0.012254,0.095643,-1.230467,-1.672220
125,-0.194153,-0.025954,-0.193038,0.035529,0.041426,0.041464,2.412861,-0.456659,1.680035
250,0.340531,0.113374,-0.585618,0.039262,0.043769,0.039741,0.232941,-0.121142,1.625162
