label,x,y,z,w,h,l,roll,pitch,yaw
250,-0.081960,0.043765,-0.278423,0.029531,0.032921,0.029892,2.470357,-0.508228,1.577885
250,-0.177685,0.095515,-0.374555,0.033676,0.031869,0.034244,1.257300,-0.422973,1.932393
250,0.113128,-0.001872,-0.188631,0.034116,0.039779,0.039815,-2.535511,-0.508615,1.564304
250,0.035419,0.007596,-0.206873,0.034780,0.030574,0.033252,-2.839755,-0.527172,1.561300
125,0.280022,0.074611,-0.337281,0.027317,0.024014,0.026117,1.663212,-0.505006,1.621034
125,-0.092670,0.195539,-0.566051,0.011676,0.013016,0.011818,0.514171,0.987222,2.165830
125,-0.021239,-0.018636,-0.185494,0.012051,0.011404,0.012254,0.061730,-1.069366,-1.641165
125,-0.159153,0.002923,-0.196054,0.035529,0.041426,0.041464,2.391338,-0.617278,1.691081
250,0.375531,0.203627,-0.561086,0.039262,0.043769,0.039741,0.223833,-0.282571,1.626994
