label,x,y,z,w,h,l,roll,pitch,yaw
250,-0.046960,0.078720,-0.259421,0.029531,0.032921,0.029892,2.470339,-0.510502,1.577894
250,-0.142685,0.130689,-0.355436,0.033676,0.031869,0.034244,1.256417,-0.425100,1.932756
250,0.148128,0.032879,-0.169734,0.034116,0.039779,0.039815,-2.535494,-0.510889,1.564296
250,0.070419,0.042389,-0.187954,0.034780,0.030574,0.033252,-2.839729,-0.529446,1.561287
125,0.315022,0.109700,-0.318210,0.027317,0.024014,0.026117,1.663082,-0.507277,1.621097
125,0.013761,0.016109,-0.166635,0.012051,0.011404,0.012254,0.061398,-1.067097,-1.640875
125,-0.124153,0.037691,-0.177145,0.035529,0.041426,0.041464,2.391003,-0.619536,1.691275
250,0.178481,0.181394,-0.440406,0.035056,0.039080,0.035484,-0.902406,-0.496481,1.561841
