label,x,y,z,w,h,l,roll,pitch,yaw
250,-0.011960,0.064168,-0.261173,0.029531,0.032921,0.029892,2.471077,-0.415108,1.577564
250,-0.107685,0.106754,-0.361701,0.033676,0.031869,0.034244,1.292147,-0.335652,1.919476
250,0.183128,0.027078,-0.167527,0.034116,0.039779,0.039815,-2.536171,-0.415494,1.564599
250,0.105419,0.034809,-0.186571,0.034780,0.030574,0.033252,-2.840728,-0.434053,1.561750
125,0.143133,0.157441,-0.502342,0.010000,0.008791,0.009561,-0.807608,0.960591,0.664855
125,-0.022670,0.188538,-0.561669,0.011676,0.013016,0.011818,0.621371,1.061964,2.257520
125,0.048761,0.010679,-0.162845,0.012051,0.011404,0.012254,0.078186,-1.162210,-1.655963
125,-0.089153,0.031162,-0.175363,0.035529,0.041426,0.041464,2.404231,-0.524788,1.684104
250,0.213481,0.149136,-0.451115,0.035056,0.039080,0.035484,-0.903332,-0.401087,1.562243
