label,x,y,z,w,h,l,roll,pitch,yaw
250,-0.072685,0.111773,-0.373172,0.033676,0.031869,0.034244,1.228992,-0.488941,1.944864
250,0.218128,0.001497,-0.194592,0.034116,0.039779,0.039815,-2.534963,-0.579304,1.564020
250,0.140419,0.012230,-0.212119,0.034780,0.030574,0.033252,-2.838943,-0.597860,1.560867
125,0.178133,0.184716,-0.503664,0.010000,0.008791,0.009561,-0.612019,0.849431,0.819096
125,0.012330,0.225073,-0.557125,0.011676,0.013016,0.011818,0.448109,0.927602,2.111781
125,0.083761,-0.015446,-0.192646,0.012051,0.011404,0.012254,0.052555,-0.998830,-1.633275
125,-0.054153,0.006804,-0.201657,0.035529,0.041426,0.041464,2.380371,-0.687431,1.697742
250,0.480531,0.232790,-0.551601,0.039262,0.043769,0.039741,0.219605,-0.353148,1.628317
