label,x,y,z,w,h,l,roll,pitch,yaw
250,0.058040,-0.028896,-0.285824,0.029531,0.032921,0.029892,2.471878,-0.301970,1.577283
250,-0.037685,0.002069,-0.390517,0.033676,0.031869,0.034244,1.331765,-0.229094,1.908420
250,0.175419,-0.049644,-0.208384,0.034780,0.030574,0.033252,-2.841804,-0.320918,1.562147
125,0.213133,0.036553,-0.535981,0.010000,0.008791,0.009561,-0.979340,1.024018,0.520887
125,0.047330,0.060754,-0.598439,0.011676,0.013016,0.011818,0.795126,1.143919,2.412813
125,0.118761,-0.070941,-0.182085,0.012051,0.011404,0.012254,0.111115,-1.274792,-1.686919
125,-0.019153,-0.052002,-0.196836,0.035529,0.041426,0.041464,2.418164,-0.412332,1.677802
250,0.283481,0.034085,-0.484144,0.035056,0.039080,0.035484,-0.904339,-0.287952,1.562584
250,0.515531,0.069688,-0.595235,0.039262,0.043769,0.039741,0.235370,-0.076620,1.624922
