label,x,y,z,w,h,l,roll,pitch,yaw
125,0.196551,-0.015883,-0.231657,0.018926,0.018023,0.019569,-2.483995,-0.701831,1.249626
125,-0.065098,0.060326,-0.503018,0.012039,0.013421,0.012186,1.241871,0.646247,2.938872
125,-0.126139,0.011421,-0.300055,0.031767,0.037039,0.037074,1.791939,-0.263042,1.580895
125,0.362899,0.030124,-0.388589,0.014623,0.013839,0.014870,1.306976,0.148832,3.101560
250,-0.033423,0.039664,-0.403028,0.033162,0.038666,0.038702,1.263791,-0.257825,1.580663
