label,x,y,z,w,h,l,roll,pitch,yaw
125,0.161551,0.094118,-0.200944,0.018926,0.018023,0.019569,-2.301150,-0.996951,1.110658
125,-0.161139,0.141441,-0.257375,0.031767,0.037039,0.037074,1.788162,-0.581044,1.582462
125,0.110466,0.256589,-0.444586,0.021601,0.018989,0.020652,-0.111556,-0.338926,1.538971
125,0.151130,0.260933,-0.443862,0.028955,0.032279,0.029309,-0.353760,-0.569479,1.566658
125,0.075692,0.274643,-0.478167,0.018407,0.017529,0.019032,0.107107,0.988169,1.698854
125,0.327899,0.186890,-0.335621,0.014623,0.013839,0.014870,0.986470,0.128828,3.056829
250,-0.068423,0.200466,-0.346353,0.033162,0.038666,0.038702,1.260113,-0.575828,1.582171
