label,x,y,z,w,h,l,roll,pitch,yaw
125,0.126551,0.044786,-0.223768,0.018926,0.018023,0.019569,-2.377436,-0.899651,1.172719
125,-0.196139,0.085816,-0.284927,0.031767,0.037039,0.037074,1.789561,-0.474118,1.581756
125,0.075466,0.180325,-0.483359,0.021601,0.018989,0.020652,-0.115046,-0.232045,1.539955
125,0.116130,0.184722,-0.483103,0.028955,0.032279,0.029309,-0.354254,-0.462547,1.566902
125,0.040692,0.194692,-0.518675,0.018407,0.017529,0.019032,0.136814,1.094053,1.724526
125,0.292899,0.122654,-0.367577,0.014623,0.013839,0.014870,1.094031,0.137129,3.071104
250,-0.103423,0.135007,-0.379697,0.033162,0.038666,0.038702,1.261474,-0.468902,1.581491
250,0.131474,0.016917,-0.157992,0.029749,0.028153,0.030251,-2.777371,-0.481270,1.566797
