label,x,y,z,w,h,l,roll,pitch,yaw
250,0.101851,0.200214,-0.488618,0.025076,0.029238,0.029265,-0.455345,-0.432968,1.565931
250,-0.089755,0.105408,-0.286823,0.027662,0.024316,0.026446,1.980793,-0.445951,1.580943
125,-0.414533,0.191442,-0.475962,0.021601,0.018989,0.020652,-0.115990,-0.202081,1.540159
125,-0.373869,0.195844,-0.475837,0.028955,0.032279,0.029309,-0.354382,-0.432569,1.566958
125,-0.197101,0.137267,-0.358503,0.014623,0.013839,0.014870,1.124226,0.139178,3.075262
125,-0.129455,0.064318,-0.208360,0.020233,0.022556,0.020480,2.317865,-0.448753,1.578913
125,-0.177707,0.098566,-0.260089,0.037775,0.042111,0.038236,1.929850,-0.445480,1.581154
250,0.118897,0.243149,-0.568421,0.041881,0.039883,0.043303,-0.333673,-0.049387,1.423377
250,0.158196,0.207910,-0.503976,0.028603,0.025144,0.027346,-0.574026,0.162816,1.161367
