label,x,y,z,w,h,l,roll,pitch,yaw
250,-0.124755,0.073073,-0.309425,0.027662,0.024316,0.026446,1.979811,-0.529632,1.581403
125,-0.449534,0.174616,-0.490711,0.021601,0.018989,0.020652,-0.113321,-0.285727,1.539514
125,-0.408869,0.178993,-0.490219,0.028955,0.032279,0.029309,-0.354013,-0.516254,1.566789
125,-0.484308,0.190859,-0.525204,0.018407,0.017529,0.019032,0.120550,1.040920,1.710273
125,-0.232101,0.110812,-0.378191,0.014623,0.013839,0.014870,1.039978,0.133150,3.063820
125,-0.164455,0.025568,-0.234672,0.020233,0.022556,0.020480,2.317078,-0.532436,1.579284
125,-0.212707,0.064021,-0.283357,0.037775,0.042111,0.038236,1.928847,-0.529161,1.581624
250,0.123196,0.193368,-0.517251,0.028603,0.025144,0.027346,-0.540621,0.085970,1.165515
