label,x,y,z,w,h,l,roll,pitch,yaw
250,-0.003149,0.215733,-0.481506,0.025076,0.029238,0.029265,-0.455245,-0.451460,1.565889
250,-0.194755,0.117212,-0.281498,0.027662,0.024316,0.026446,1.980584,-0.464442,1.581035
125,-0.478869,0.211128,-0.468808,0.028955,0.032279,0.029309,-0.354303,-0.451061,1.566924
125,-0.302101,0.150391,-0.352577,0.014623,0.013839,0.014870,1.105598,0.137928,3.072690
250,0.013897,0.260136,-0.560502,0.041881,0.039883,0.043303,-0.330951,-0.067679,1.423218
250,0.053196,0.223711,-0.496719,0.028603,0.025144,0.027346,-0.566585,0.145848,1.162511
