label,x,y,z,w,h,l,roll,pitch,yaw
250,-0.038149,0.258234,-0.460118,0.025076,0.029238,0.029265,-0.454720,-0.543152,1.565638
250,-0.229755,0.141812,-0.269971,0.027662,0.024316,0.026446,1.979480,-0.556130,1.581575
125,-0.337101,0.181360,-0.337713,0.014623,0.013839,0.014870,1.013330,0.131044,3.060309
250,-0.021103,0.309683,-0.534715,0.041881,0.039883,0.043303,-0.317316,-0.158366,1.421678
250,0.018196,0.267571,-0.474536,0.028603,0.025144,0.027346,-0.530154,0.061613,1.166287
