label,x,y,z,w,h,l,roll,pitch,yaw
250,-0.190173,0.075657,-0.400446,0.027662,0.024316,0.026446,-1.153882,-0.423908,1.560747
125,0.134275,-0.013623,-0.212245,0.021601,0.018989,0.020652,2.993949,-0.667299,1.609492
125,0.093608,-0.010662,-0.209019,0.028955,0.032279,0.029309,2.782372,-0.437303,1.574660
125,0.168989,-0.032374,-0.178985,0.018407,0.017529,0.019032,-0.149445,-1.137710,-1.406410
125,-0.082951,0.041351,-0.329714,0.014623,0.013839,0.014870,-1.138245,-0.141539,-0.065040
125,-0.100550,0.132816,-0.508754,0.009707,0.010822,0.009826,-1.028169,0.637390,0.344537
125,-0.150331,0.109096,-0.482393,0.020233,0.022556,0.020480,-0.818518,-0.421118,1.562772
125,-0.102177,0.091618,-0.422788,0.037775,0.042111,0.038236,-1.204647,-0.424378,1.560534
250,0.313344,0.039277,-0.311929,0.033162,0.038666,0.038702,-1.872495,-0.430931,1.560302
