label,x,y,z,w,h,l,roll,pitch,yaw
250,-0.155173,0.168930,-0.359757,0.027662,0.024316,0.026446,-1.152666,-0.528598,1.560189
125,0.118656,0.206876,-0.435632,0.018926,0.018023,0.019569,0.428838,-0.063389,1.814047
125,0.169275,0.060471,-0.181917,0.021601,0.018989,0.020652,2.988307,-0.771908,1.613216
125,0.128608,0.063079,-0.178400,0.028955,0.032279,0.029309,2.781901,-0.541997,1.574882
125,-0.047951,0.127420,-0.292998,0.014623,0.013839,0.014870,-1.032825,-0.133970,-0.079530
125,-0.065550,0.237094,-0.461500,0.009707,0.010822,0.009826,-0.908822,0.598586,0.413753
125,-0.115331,0.210750,-0.437761,0.020233,0.022556,0.020480,-0.817548,-0.525809,1.562329
125,-0.067177,0.187138,-0.380309,0.037775,0.042111,0.038236,-1.203405,-0.529067,1.559963
250,0.113847,0.247438,-0.494445,0.029749,0.028153,0.030251,0.358741,-0.523274,1.574872
