label,x,y,z,w,h,l,roll,pitch,yaw
250,-0.120173,0.074822,-0.389589,0.027662,0.024316,0.026446,-1.155600,-0.257880,1.561323
125,0.153656,0.091095,-0.472848,0.018926,0.018023,0.019569,0.494601,0.199320,1.818554
125,0.163608,0.021328,-0.186529,0.028955,0.032279,0.029309,2.783035,-0.271268,1.574430
125,-0.012951,0.052678,-0.314160,0.014623,0.013839,0.014870,-1.305835,-0.150326,-0.040614
125,-0.080331,0.094258,-0.475936,0.020233,0.022556,0.020480,-0.819889,-0.255087,1.563228
125,-0.032177,0.086871,-0.414262,0.037775,0.042111,0.038236,-1.206401,-0.258350,1.561123
250,0.148847,0.114451,-0.540367,0.029749,0.028153,0.030251,0.359867,-0.252545,1.574442
