label,x,y,z,w,h,l,roll,pitch,yaw
250,-0.085173,0.174686,-0.359831,0.027662,0.024316,0.026446,-1.151810,-0.595412,1.559732
125,0.188656,0.217614,-0.433003,0.018926,0.018023,0.019569,0.412622,-0.128229,1.815599
125,0.198608,0.056962,-0.185946,0.028955,0.032279,0.029309,2.781568,-0.608816,1.575063
125,0.022049,0.128811,-0.295992,0.014623,0.013839,0.014870,-0.965664,-0.128367,-0.088317
125,-0.045331,0.221621,-0.434869,0.020233,0.022556,0.020480,-0.816867,-0.592625,1.561967
125,0.002823,0.194226,-0.379121,0.037775,0.042111,0.038236,-1.202531,-0.595882,1.559497
250,0.183847,0.262013,-0.488976,0.029749,0.028153,0.030251,0.358413,-0.590092,1.575045
