label,x,y,z,w,h,l,roll,pitch,yaw
250,-0.050173,0.115760,-0.379119,0.027662,0.024316,0.026446,-1.154620,-0.354982,1.561027
125,0.223656,0.140028,-0.460409,0.018926,0.018023,0.019569,0.470690,0.105130,1.814924
125,0.057049,0.086407,-0.306193,0.014623,0.013839,0.014870,-1.207766,-0.145678,-0.055087
125,-0.010331,0.143476,-0.463175,0.020233,0.022556,0.020480,-0.819107,-0.352190,1.562994
125,0.037823,0.130145,-0.402508,0.037775,0.042111,0.038236,-1.205401,-0.355452,1.560821
250,0.218847,0.169821,-0.525345,0.029749,0.028153,0.030251,0.359490,-0.349651,1.574554
