label,x,y,z,w,h,l,roll,pitch,yaw
250,-0.015173,0.108454,-0.383724,0.027662,0.024316,0.026446,-1.154170,-0.397453,1.560862
125,0.258656,0.136152,-0.463909,0.018926,0.018023,0.019569,0.460406,0.063912,1.814055
125,0.092049,0.076031,-0.312109,0.014623,0.013839,0.014870,-1.164919,-0.143208,-0.061255
125,0.024669,0.139714,-0.466527,0.020233,0.022556,0.020480,-0.818748,-0.394662,1.562863
125,0.072823,0.123819,-0.406480,0.037775,0.042111,0.038236,-1.204941,-0.397924,1.560652
250,0.253847,0.168675,-0.527521,0.029749,0.028153,0.030251,0.359318,-0.392124,1.574617
