label,x,y,z,w,h,l,roll,pitch,yaw
250,-0.172133,-0.023991,-0.204990,0.025076,0.029238,0.029265,2.680363,-0.469993,1.575766
250,0.019827,0.075607,-0.404123,0.027662,0.024316,0.026446,-1.153511,-0.457001,1.560589
125,0.293656,0.108028,-0.482518,0.018926,0.018023,0.019569,0.446070,0.006110,1.813553
125,0.127049,0.038979,-0.334565,0.014623,0.013839,0.014870,-1.104898,-0.139310,-0.069708
125,0.109450,0.136317,-0.510481,0.009707,0.010822,0.009826,-0.989732,0.625857,0.367234
125,0.059669,0.111739,-0.484919,0.020233,0.022556,0.020480,-0.818222,-0.454211,1.562646
125,0.107823,0.092298,-0.425924,0.037775,0.042111,0.038236,-1.204268,-0.457471,1.560372
250,0.288847,0.144279,-0.544082,0.029749,0.028153,0.030251,0.359065,-0.451674,1.574720
