label,x,y,z,w,h,l,roll,pitch,yaw
250,-0.137133,-0.030339,-0.204411,0.025076,0.029238,0.029265,2.680521,-0.441338,1.575697
250,0.054827,0.063513,-0.406316,0.027662,0.024316,0.026446,-1.153833,-0.428347,1.560727
125,0.328656,0.093674,-0.485607,0.018926,0.018023,0.019569,0.452961,0.033925,1.813691
125,0.162049,0.028893,-0.335737,0.014623,0.013839,0.014870,-1.133771,-0.141249,-0.065671
125,0.144450,0.121151,-0.514369,0.009707,0.010822,0.009826,-1.022975,0.635884,0.347624
125,0.094669,0.097316,-0.488114,0.020233,0.022556,0.020480,-0.818479,-0.425556,1.562756
125,0.142823,0.079573,-0.428587,0.037775,0.042111,0.038236,-1.204597,-0.428817,1.560513
250,-0.193506,-0.037146,-0.188737,0.028603,0.025144,0.027346,2.033878,-0.923669,2.282289
250,0.323847,0.128147,-0.548185,0.029749,0.028153,0.030251,0.359188,-0.423019,1.574668
