label,x,y,z,w,h,l,roll,pitch,yaw
250,-0.032133,-0.003101,-0.209895,0.025076,0.029238,0.029265,2.679596,-0.597964,1.576157
125,0.433656,0.163257,-0.468304,0.018926,0.018023,0.019569,0.415172,-0.118094,1.815286
125,0.267049,0.075890,-0.330374,0.014623,0.013839,0.014870,-0.976158,-0.129281,-0.086969
125,0.249450,0.194884,-0.492428,0.009707,0.010822,0.009826,-0.847308,0.575037,0.447824
125,0.199669,0.167244,-0.470212,0.020233,0.022556,0.020480,-0.816977,-0.582179,1.562028
125,0.247823,0.140433,-0.414181,0.037775,0.042111,0.038236,-1.202672,-0.585436,1.559576
250,-0.049324,-0.049472,-0.132070,0.041881,0.039883,0.043303,2.582537,-0.964703,1.832359
250,-0.088506,-0.012270,-0.195474,0.028603,0.025144,0.027346,1.833409,-1.033863,2.449065
250,0.428847,0.207069,-0.524738,0.029749,0.028153,0.030251,0.358466,-0.579645,1.575016
