label,x,y,z,w,h,l,roll,pitch,yaw
250,0.002867,-0.021627,-0.202456,0.025076,0.029238,0.029265,2.680419,-0.460062,1.575741
125,0.302049,0.040053,-0.332650,0.014623,0.013839,0.014870,-1.114903,-0.139995,-0.068315
125,0.284450,0.135639,-0.509524,0.009707,0.010822,0.009826,-1.001198,0.629392,0.360501
250,-0.014324,-0.056859,-0.118995,0.041881,0.039883,0.043303,2.635277,-0.830740,1.791025
250,-0.053506,-0.028727,-0.186912,0.028603,0.025144,0.027346,2.013212,-0.937749,2.298865
250,0.463847,0.143267,-0.543202,0.029749,0.028153,0.030251,0.359108,-0.441742,1.574701
