label,x,y,z,w,h,l,roll,pitch,yaw
125,0.288629,0.049514,-0.413536,0.011424,0.010879,0.011812,-1.278921,0.344723,0.101188
125,0.143964,0.076322,-0.517463,0.009550,0.011135,0.011145,-0.127491,0.535311,1.474543
125,0.097891,-0.010747,-0.193607,0.017941,0.020919,0.020939,0.626280,-1.305787,-2.224020
125,-0.059930,0.016428,-0.283341,0.020661,0.018163,0.019753,1.945154,-0.277914,1.580465
250,0.210537,0.070149,-0.450112,0.033433,0.037270,0.033841,-0.693989,-0.266563,1.564152
125,0.505812,0.084326,-0.526686,0.020371,0.022709,0.020620,0.371740,0.307087,1.792126
250,0.235343,0.010386,-0.240806,0.036562,0.034600,0.037179,-2.377925,-0.281475,1.563612
