label,x,y,z,w,h,l,roll,pitch,yaw
125,0.253629,0.192459,-0.367201,0.011424,0.010879,0.011812,-0.934210,0.292815,0.210231
125,0.062891,0.063952,-0.178824,0.017941,0.020919,0.020939,0.247727,-1.006546,-1.873032
125,-0.094930,0.118831,-0.254843,0.020661,0.018163,0.019753,1.941320,-0.609124,1.582133
250,0.175537,0.223867,-0.395079,0.033433,0.037270,0.033841,-0.691374,-0.597783,1.563042
125,0.470812,0.262176,-0.462880,0.020371,0.022709,0.020620,0.300279,-0.016577,1.781641
250,0.200343,0.099286,-0.216585,0.036562,0.034600,0.037179,-2.375069,-0.612692,1.562361
