label,x,y,z,w,h,l,roll,pitch,yaw
125,0.218629,0.051313,-0.417980,0.011424,0.010879,0.011812,-1.212742,0.337689,0.123341
125,0.027891,-0.022623,-0.202263,0.017941,0.020919,0.020939,0.503731,-1.253701,-2.106573
125,-0.129930,0.010126,-0.290116,0.020661,0.018163,0.019753,1.944510,-0.340669,1.580661
125,0.435812,0.093152,-0.528724,0.020371,0.022709,0.020620,0.357545,0.245832,1.788249
250,0.165343,0.001429,-0.248044,0.036562,0.034600,0.037179,-2.377446,-0.344231,1.563465
