label,x,y,z,w,h,l,roll,pitch,yaw
125,0.183629,0.209476,-0.355296,0.011424,0.010879,0.011812,-0.935864,0.293153,0.209754
125,-0.007109,0.081274,-0.166711,0.017941,0.020919,0.020939,0.248630,-1.008091,-1.873796
125,-0.164930,0.136031,-0.242819,0.020661,0.018163,0.019753,1.941342,-0.607505,1.582121
250,0.105537,0.240839,-0.383224,0.033433,0.037270,0.033841,-0.691390,-0.596164,1.563051
125,0.400812,0.279038,-0.451087,0.020371,0.022709,0.020620,0.300617,-0.014994,1.781636
250,0.075479,0.249967,-0.404949,0.022887,0.026686,0.026711,-0.416863,-0.594716,1.565878
250,0.130343,0.116547,-0.204529,0.036562,0.034600,0.037179,-2.375086,-0.611074,1.562370
