label,x,y,z,w,h,l,roll,pitch,yaw
125,-0.042109,0.027670,-0.187574,0.017941,0.020919,0.020939,0.410552,-1.194572,-2.018892
125,-0.199930,0.066229,-0.273037,0.020661,0.018163,0.019753,1.943791,-0.407679,1.580924
250,0.070537,0.141080,-0.431454,0.033433,0.037270,0.033841,-0.693056,-0.396332,1.563848
125,0.242318,0.063073,-0.262103,0.023427,0.026116,0.023713,1.900267,-0.475281,1.771702
125,0.346908,0.093177,-0.354071,0.011274,0.010669,0.011464,1.163449,0.124389,3.088110
125,0.365812,0.165047,-0.505549,0.020371,0.022709,0.020620,0.342859,0.180373,1.785142
250,0.429085,0.133766,-0.418502,0.033770,0.032159,0.034917,0.066278,-0.394038,1.571517
250,0.040479,0.145713,-0.454558,0.022887,0.026686,0.026711,-0.417921,-0.394880,1.566383
250,0.095343,0.054734,-0.231641,0.036562,0.034600,0.037179,-2.376911,-0.411243,1.563267
