label,x,y,z,w,h,l,roll,pitch,yaw
250,-0.031136,-0.043616,-0.187605,0.030874,0.035999,0.036032,2.719987,-0.282975,1.575047
250,-0.036692,-0.032637,-0.242478,0.027292,0.025827,0.027752,2.534943,-0.282069,1.576718
125,-0.236371,0.012918,-0.423355,0.011424,0.010879,0.011812,-1.279340,0.344763,0.101047
125,-0.173057,-0.046316,-0.208156,0.019491,0.018445,0.019820,-1.238566,-0.593159,-0.190520
250,-0.314463,0.033538,-0.459940,0.033433,0.037270,0.033841,-0.693991,-0.266167,1.564153
125,0.225762,-0.023839,-0.274577,0.014576,0.012814,0.013936,-1.263869,-0.462131,-0.140381
125,-0.142682,-0.021827,-0.281896,0.023427,0.026116,0.023713,1.927820,-0.347581,1.760660
250,-0.344521,0.035133,-0.483450,0.022887,0.026686,0.026711,-0.418515,-0.264714,1.566575
