label,x,y,z,w,h,l,roll,pitch,yaw
250,-0.066136,-0.059125,-0.191873,0.030874,0.035999,0.036032,2.719989,-0.282449,1.575046
250,-0.071692,-0.048175,-0.246752,0.027292,0.025827,0.027752,2.534946,-0.281543,1.576717
125,-0.271371,-0.002715,-0.427653,0.011424,0.010879,0.011812,-1.279896,0.344816,0.100859
125,-0.208057,-0.061836,-0.212422,0.019491,0.018445,0.019820,-1.239189,-0.593258,-0.190172
250,-0.349463,0.017886,-0.464248,0.033433,0.037270,0.033841,-0.693995,-0.265641,1.564154
125,0.190762,-0.039393,-0.278855,0.014576,0.012814,0.013936,-1.264451,-0.462204,-0.140122
125,0.126899,0.020041,-0.489856,0.009550,0.011135,0.011145,-1.170231,0.806205,0.296583
125,-0.177682,-0.037386,-0.286176,0.023427,0.026116,0.023713,1.927926,-0.347064,1.760624
250,-0.379521,0.019469,-0.487759,0.022887,0.026686,0.026711,-0.418517,-0.264188,1.566576
