label,x,y,z,w,h,l,roll,pitch,yaw
250,-0.101136,-0.047679,-0.189770,0.030874,0.035999,0.036032,2.719939,-0.293595,1.575060
250,-0.106692,-0.036117,-0.244524,0.027292,0.025827,0.027752,2.534877,-0.292688,1.576737
125,-0.306371,0.011356,-0.424907,0.011424,0.010879,0.011812,-1.268118,0.343672,0.104834
250,-0.384463,0.032364,-0.461271,0.033433,0.037270,0.033841,-0.693918,-0.276787,1.564133
125,0.155762,-0.026978,-0.276527,0.014576,0.012814,0.013936,-1.252131,-0.460617,-0.145607
125,0.091899,0.034804,-0.486852,0.009550,0.011135,0.011145,-1.154886,0.802889,0.307640
125,-0.212682,-0.024889,-0.283825,0.023427,0.026116,0.023713,1.925680,-0.358009,1.761399
