label,x,y,z,w,h,l,roll,pitch,yaw
250,-0.136136,-0.015663,-0.190567,0.030874,0.035999,0.036032,2.719366,-0.416850,1.575260
250,-0.141692,0.002541,-0.243484,0.027292,0.025827,0.027752,2.534079,-0.415942,1.577014
125,-0.341371,0.071832,-0.416662,0.011424,0.010879,0.011812,-1.138596,0.328134,0.147582
250,-0.419463,0.097151,-0.450167,0.033433,0.037270,0.033841,-0.693028,-0.400040,1.563837
125,0.120762,0.015546,-0.274121,0.014576,0.012814,0.013936,-1.117329,-0.439127,-0.204301
125,0.056899,0.102717,-0.475255,0.009550,0.011135,0.011145,-0.992708,0.758796,0.421947
125,-0.247682,0.018517,-0.281107,0.023427,0.026116,0.023713,1.899433,-0.478914,1.772085
250,-0.060915,0.089789,-0.437243,0.033770,0.032159,0.034917,0.066275,-0.397746,1.571518
