label,x,y,z,w,h,l,roll,pitch,yaw
250,-0.171136,0.012790,-0.194993,0.030874,0.035999,0.036032,2.718360,-0.603563,1.575754
250,-0.176692,0.040501,-0.243610,0.027292,0.025827,0.027752,2.532678,-0.602653,1.577701
125,0.085762,0.058967,-0.271301,0.014576,0.012814,0.013936,-0.919200,-0.393769,-0.284688
125,-0.282682,0.063183,-0.277614,0.023427,0.026116,0.023713,1.852384,-0.661407,1.797590
250,-0.095915,0.162201,-0.417805,0.033770,0.032159,0.034917,0.066114,-0.584461,1.571594
