label,x,y,z,w,h,l,roll,pitch,yaw
250,-0.211692,0.037932,-0.224217,0.027292,0.025827,0.027752,2.534602,-0.336416,1.576822
125,0.050762,0.048462,-0.255791,0.014576,0.012814,0.013936,-1.203990,-0.453812,-0.166862
125,-0.013101,0.119379,-0.463214,0.009550,0.011135,0.011145,-1.095733,0.788764,0.349908
125,-0.194187,0.134108,-0.513461,0.020371,0.022709,0.020620,0.359508,0.254431,1.788735
250,-0.130915,0.109511,-0.424295,0.033770,0.032159,0.034917,0.066335,-0.318218,1.571497
