label,x,y,z,w,h,l,roll,pitch,yaw
250,-0.388575,0.137556,-0.522891,0.030874,0.035999,0.036032,-0.420118,-0.433005,1.566284
250,-0.383108,0.109818,-0.474278,0.027292,0.025827,0.027752,-0.603953,-0.433909,1.564513
125,-0.183727,0.025331,-0.307628,0.011424,0.010879,0.011812,1.102947,-0.321457,-2.983291
125,-0.039232,-0.022794,-0.211435,0.009550,0.011135,0.011145,2.812220,-1.243084,1.834217
125,0.165046,0.085634,-0.427044,0.020661,0.018163,0.019753,-1.191016,-0.438445,1.560521
250,-0.105700,0.016823,-0.266380,0.033433,0.037270,0.033841,2.441161,-0.449787,1.577928
250,-0.075678,0.002575,-0.247552,0.022887,0.026686,0.026711,2.718400,-0.451254,1.575340
