label,x,y,z,w,h,l,roll,pitch,yaw
250,-0.283575,0.197009,-0.505504,0.030874,0.035999,0.036032,-0.419412,-0.565622,1.565945
250,-0.278108,0.163088,-0.460985,0.027292,0.025827,0.027752,-0.602968,-0.566524,1.564040
125,-0.078727,0.057306,-0.306970,0.011424,0.010879,0.011812,0.965931,-0.297780,-2.941480
125,0.065768,-0.003116,-0.217985,0.009550,0.011135,0.011145,2.640201,-1.368269,2.000578
125,-0.141685,0.179681,-0.493755,0.019491,0.018445,0.019820,0.898241,0.510275,2.770617
250,-0.000700,0.043418,-0.267209,0.033433,0.037270,0.033841,2.440032,-0.582402,1.578486
125,-0.172184,0.140564,-0.426675,0.023427,0.026116,0.023713,-1.054353,-0.486888,1.368509
125,-0.276927,0.081138,-0.350512,0.011274,0.010669,0.011464,-0.991747,-0.114829,-0.074772
250,0.029322,0.026806,-0.250431,0.022887,0.026686,0.026711,2.717679,-0.583870,1.575697
