label,x,y,z,w,h,l,roll,pitch,yaw
125,0.236273,0.027227,-0.305090,0.011424,0.010879,0.011812,1.114408,-0.323173,-2.986921
125,0.173315,0.121607,-0.507467,0.019491,0.018445,0.019820,1.056045,0.557029,2.851035
125,0.427375,0.123802,-0.511329,0.017941,0.020919,0.020939,-0.300634,1.054003,1.239423
125,-0.162101,0.004547,-0.243533,0.009550,0.011135,0.011145,0.964398,-0.747690,-2.700929
125,0.142816,0.092494,-0.435479,0.023427,0.026116,0.023713,-1.084926,-0.346005,1.380908
125,0.018902,-0.019481,-0.196686,0.020371,0.022709,0.020620,-2.512068,-0.985166,1.184212
250,-0.044224,0.024105,-0.278383,0.033770,0.032159,0.034917,-3.076325,-0.441105,1.570079
250,0.289841,0.109384,-0.461891,0.036562,0.034600,0.037179,0.756971,-0.423868,1.578355
