label,x,y,z,w,h,l,roll,pitch,yaw
250,0.101425,0.169597,-0.508172,0.030874,0.035999,0.036032,-0.420059,-0.444821,1.566259
250,0.106892,0.141287,-0.459889,0.027292,0.025827,0.027752,-0.603870,-0.445724,1.564478
125,0.497375,0.156094,-0.498231,0.017941,0.020919,0.020939,-0.286156,1.032376,1.251933
125,-0.155615,0.126687,-0.430446,0.014576,0.012814,0.013936,1.067195,0.430669,2.915500
125,-0.092101,0.030759,-0.233225,0.009550,0.011135,0.011145,0.936503,-0.737761,-2.682062
125,0.108073,0.073247,-0.340345,0.011274,0.010669,0.011464,-1.113131,-0.122995,-0.060354
125,0.088902,0.005668,-0.186939,0.020371,0.022709,0.020620,-2.495987,-1.006245,1.170717
250,0.025776,0.051107,-0.267620,0.033770,0.032159,0.034917,-3.076306,-0.463926,1.570071
250,0.359841,0.140551,-0.449135,0.036562,0.034600,0.037179,0.756779,-0.446688,1.578436
