label,x,y,z,w,h,l,roll,pitch,yaw
250,0.136425,0.042323,-0.538601,0.030874,0.035999,0.036032,-0.420948,-0.254230,1.566564
250,0.141892,0.023673,-0.485830,0.027292,0.025827,0.027752,-0.605107,-0.255135,1.564905
125,-0.120615,0.014915,-0.454153,0.014576,0.012814,0.013936,1.275253,0.465096,3.005880
125,-0.057101,-0.041915,-0.242331,0.009550,0.011135,0.011145,1.184671,-0.807595,-2.855860
125,0.123902,-0.057783,-0.192130,0.020371,0.022709,0.020620,-2.605227,-0.827405,1.257798
250,0.060776,-0.028451,-0.279959,0.033770,0.032159,0.034917,-3.076449,-0.273334,1.570122
