label,x,y,z,w,h,l,roll,pitch,yaw
250,0.171424,0.226305,-0.489171,0.030874,0.035999,0.036032,-0.419232,-0.596275,1.565846
125,-0.022101,0.047573,-0.238320,0.009550,0.011135,0.011145,0.764088,-0.662912,-2.570706
125,0.158902,0.015786,-0.196349,0.020371,0.022709,0.020620,-2.354141,-1.142099,1.045672
250,0.095776,0.072878,-0.269251,0.033770,0.032159,0.034917,-3.076172,-0.615383,1.570001
