label,x,y,z,w,h,l,roll,pitch,yaw
250,0.206425,0.134829,-0.519537,0.030874,0.035999,0.036032,-0.420322,-0.391352,1.566365
250,0.211892,0.109140,-0.469811,0.027292,0.025827,0.027752,-0.604236,-0.392256,1.564627
125,0.348315,0.119801,-0.504961,0.019491,0.018445,0.019820,1.090825,0.565538,2.869548
125,-0.050615,0.096134,-0.439629,0.014576,0.012814,0.013936,1.124849,0.442023,2.939872
125,0.012899,0.010884,-0.237563,0.009550,0.011135,0.011145,1.002659,-0.760400,-2.727125
125,0.317816,0.092907,-0.432115,0.023427,0.026116,0.023713,-1.091011,-0.315902,1.382885
125,0.213073,0.047587,-0.346801,0.011274,0.010669,0.011464,-1.166930,-0.126042,-0.053671
125,0.193902,-0.011698,-0.190003,0.020371,0.022709,0.020620,-2.532119,-0.956684,1.200764
250,0.130776,0.029365,-0.272997,0.033770,0.032159,0.034917,-3.076349,-0.410457,1.570088
