label,x,y,z,w,h,l,roll,pitch,yaw
125,0.222031,0.070782,-0.227673,0.010000,0.008791,0.009561,-0.857600,-0.735873,-0.526097
125,0.071311,0.072059,-0.236483,0.011274,0.010669,0.011464,0.674030,-0.901158,-2.365537
125,0.231033,0.169692,-0.399770,0.028948,0.032271,0.029301,-0.908201,-0.500186,1.561781
125,0.318917,0.163469,-0.391625,0.029918,0.028313,0.030423,-1.213482,-0.502847,1.560084
125,0.018219,0.098345,-0.270569,0.029804,0.026200,0.028494,2.121622,-0.511575,1.580540
250,0.230763,0.206403,-0.475789,0.019379,0.022596,0.022617,-0.494176,-0.118735,1.333965
250,0.055655,0.095517,-0.269124,0.024893,0.029025,0.029052,2.346242,-0.513335,1.578962
250,0.015286,0.198246,-0.443555,0.040682,0.038741,0.042063,0.682703,-0.498573,1.578011
