label,x,y,z,w,h,l,roll,pitch,yaw
125,0.187031,0.010666,-0.242369,0.010000,0.008791,0.009561,-1.093369,-0.816158,-0.360432
125,0.036311,0.010291,-0.251263,0.011274,0.010669,0.011464,0.928185,-1.017807,-2.574385
125,0.196033,0.076024,-0.429796,0.028948,0.032271,0.029301,-0.909955,-0.314083,1.562479
125,0.283917,0.071415,-0.420641,0.029918,0.028313,0.030423,-1.215568,-0.316747,1.560919
125,-0.016781,0.029816,-0.289625,0.029804,0.026200,0.028494,2.123525,-0.325473,1.579763
250,0.195763,0.098034,-0.511295,0.019379,0.022596,0.022617,-0.537689,0.062236,1.335200
125,0.532785,0.139713,-0.591455,0.009550,0.011135,0.011145,0.081275,1.249487,1.656434
250,0.020655,0.027303,-0.287681,0.024893,0.029025,0.029052,2.347837,-0.327231,1.578308
250,-0.019714,0.095982,-0.478109,0.040682,0.038741,0.042063,0.684106,-0.312467,1.577455
