label,x,y,z,w,h,l,roll,pitch,yaw
125,0.152031,0.068329,-0.224712,0.010000,0.008791,0.009561,-0.977506,-0.781764,-0.443520
125,0.001311,0.068736,-0.233606,0.011274,0.010669,0.011464,0.797659,-0.966566,-2.465023
125,0.161033,0.149868,-0.405688,0.028948,0.032271,0.029301,-0.909163,-0.401867,1.562201
125,0.248917,0.144475,-0.396971,0.029918,0.028313,0.030423,-1.214626,-0.404530,1.560586
125,-0.051781,0.091549,-0.270107,0.029804,0.026200,0.028494,2.122666,-0.413256,1.580073
250,0.160763,0.178940,-0.484943,0.019379,0.022596,0.022617,-0.517216,-0.023134,1.335600
125,0.497785,0.227485,-0.561140,0.009550,0.011135,0.011145,0.062410,1.161955,1.638796
250,-0.014345,0.088876,-0.268391,0.024893,0.029025,0.029052,2.347118,-0.415015,1.578569
250,-0.054714,0.173986,-0.452064,0.040682,0.038741,0.042063,0.683472,-0.400252,1.577676
