label,x,y,z,w,h,l,roll,pitch,yaw
125,0.117031,0.105988,-0.210226,0.010000,0.008791,0.009561,-0.752799,-0.685999,-0.594542
125,-0.033689,0.108085,-0.218878,0.011274,0.010669,0.011464,0.574562,-0.832932,-2.289630
125,0.126033,0.220573,-0.372309,0.028948,0.032271,0.029301,-0.907183,-0.593922,1.561251
125,0.213917,0.213615,-0.364783,0.029918,0.028313,0.030423,-1.212270,-0.596582,1.559450
125,-0.086781,0.137446,-0.250354,0.029804,0.026200,0.028494,2.120513,-0.605310,1.581128
250,0.125763,0.264239,-0.444558,0.019379,0.022596,0.022617,-0.471721,-0.209822,1.330289
125,0.462785,0.326437,-0.510087,0.009550,0.011135,0.011145,0.039458,0.970202,1.618613
250,-0.049345,0.134495,-0.249180,0.024893,0.029025,0.029052,2.345311,-0.607072,1.579457
250,-0.089714,0.253100,-0.413229,0.040682,0.038741,0.042063,0.681889,-0.592310,1.578433
