label,x,y,z,w,h,l,roll,pitch,yaw
125,0.082031,0.018694,-0.256881,0.010000,0.008791,0.009561,-0.853368,-0.734045,-0.528935
125,-0.068689,0.020003,-0.265687,0.011274,0.010669,0.011464,0.669866,-0.898609,-2.362276
125,0.091033,0.118229,-0.428618,0.028948,0.032271,0.029301,-0.908164,-0.503819,1.561763
125,0.178917,0.111976,-0.420496,0.029918,0.028313,0.030423,-1.213437,-0.506480,1.560063
125,-0.121781,0.046413,-0.299677,0.029804,0.026200,0.028494,2.121581,-0.515207,1.580560
250,0.090763,0.155216,-0.504503,0.019379,0.022596,0.022617,-0.493318,-0.122267,1.333862
250,0.465546,0.141019,-0.469672,0.027486,0.032048,0.032077,-0.235334,-0.500231,1.568125
250,-0.084345,0.043579,-0.298242,0.024893,0.029025,0.029052,2.346208,-0.516968,1.578979
250,-0.124714,0.146941,-0.472299,0.040682,0.038741,0.042063,0.682673,-0.502206,1.578025
