label,x,y,z,w,h,l,roll,pitch,yaw
250,0.100745,0.008754,-0.137887,0.041925,0.036855,0.040083,2.636887,-0.509450,1.576309
125,-0.127969,0.052402,-0.237105,0.010000,0.008791,0.009561,-0.864185,-0.738690,-0.521670
125,-0.118967,0.150342,-0.409757,0.028948,0.032271,0.029301,-0.908259,-0.494556,1.561809
125,-0.031083,0.144164,-0.401577,0.029918,0.028313,0.030423,-1.213550,-0.497217,1.560117
250,-0.119237,0.186624,-0.485981,0.019379,0.022596,0.022617,-0.495506,-0.113262,1.334119
125,0.217785,0.242014,-0.557357,0.009550,0.011135,0.011145,0.049324,1.069440,1.627030
250,0.255546,0.172750,-0.451020,0.027486,0.032048,0.032077,-0.235362,-0.490967,1.568138
250,-0.294345,0.076903,-0.278695,0.024893,0.029025,0.029052,2.346295,-0.507705,1.578936
250,-0.334714,0.178648,-0.453702,0.040682,0.038741,0.042063,0.682749,-0.492942,1.577989
