label,x,y,z,w,h,l,roll,pitch,yaw
250,0.065745,-0.019428,-0.157297,0.041925,0.036855,0.040083,2.636647,-0.546613,1.576429
125,-0.162969,0.027877,-0.254825,0.010000,0.008791,0.009561,-0.821335,-0.719709,-0.550223
125,-0.153967,0.132164,-0.423719,0.028948,0.032271,0.029301,-0.907872,-0.531718,1.561619
125,-0.066083,0.125687,-0.415774,0.029918,0.028313,0.030423,-1.213089,-0.534379,1.559890
250,-0.154237,0.171253,-0.498542,0.019379,0.022596,0.022617,-0.486696,-0.149385,1.332965
125,0.182785,0.229257,-0.567811,0.009550,0.011135,0.011145,0.045252,1.032331,1.623495
125,0.166808,-0.015684,-0.179338,0.026096,0.029091,0.026414,2.990522,-0.891185,1.631949
250,-0.369713,0.162084,-0.466582,0.040682,0.038741,0.042063,0.682439,-0.530105,1.578140
