label,x,y,z,w,h,l,roll,pitch,yaw
250,0.303285,0.094518,-0.387556,0.033999,0.032376,0.035153,-1.377601,-0.428639,1.559997
250,-0.039255,-0.011681,-0.142975,0.041925,0.036855,0.040083,2.637314,-0.439298,1.576113
125,-0.258967,0.110501,-0.424101,0.028948,0.032271,0.029301,-0.908950,-0.424405,1.562116
125,-0.171083,0.104912,-0.415508,0.029918,0.028313,0.030423,-1.214373,-0.427068,1.560484
250,-0.259237,0.141351,-0.502681,0.019379,0.022596,0.022617,-0.511959,-0.045052,1.335421
125,0.179728,0.028450,-0.255353,0.020959,0.018424,0.020038,-2.369121,-0.516071,1.481004
125,0.061808,-0.010320,-0.165290,0.026096,0.029091,0.026414,2.999767,-0.784046,1.625069
250,0.149770,-0.007681,-0.171810,0.029965,0.028535,0.030982,-2.625635,-0.954044,1.274599
250,-0.474713,0.135658,-0.469922,0.040682,0.038741,0.042063,0.683302,-0.422791,1.577744
