label,x,y,z,w,h,l,roll,pitch,yaw
250,0.163285,0.091726,-0.385990,0.033999,0.032376,0.035153,-1.378010,-0.393720,1.560160
125,-0.398967,0.106423,-0.423071,0.028948,0.032271,0.029301,-0.909278,-0.389485,1.562245
125,-0.311083,0.101138,-0.414288,0.029918,0.028313,0.030423,-1.214763,-0.392148,1.560639
250,-0.399237,0.134511,-0.502680,0.019379,0.022596,0.022617,-0.520102,-0.011092,1.335650
125,-0.015811,0.145422,-0.513399,0.010000,0.008791,0.009561,-0.473275,1.123013,1.054161
125,0.039728,0.030314,-0.251560,0.020959,0.018424,0.020038,-2.372653,-0.481287,1.482694
125,-0.078192,-0.005288,-0.160199,0.026096,0.029091,0.026414,3.002353,-0.749174,1.623275
250,0.009770,-0.002878,-0.166807,0.029965,0.028535,0.030982,-2.642470,-0.920574,1.288170
250,-0.024454,0.124381,-0.466457,0.027486,0.032048,0.032077,-0.235663,-0.385893,1.568266
