label,x,y,z,w,h,l,roll,pitch,yaw
250,0.093285,0.067186,-0.387720,0.033999,0.032376,0.035153,-1.379358,-0.271283,1.560601
125,-0.381083,0.073071,-0.416956,0.029918,0.028313,0.030423,-1.216050,-0.269711,1.561058
125,-0.132215,0.133262,-0.590793,0.009550,0.011135,0.011145,0.096114,1.296324,1.670624
125,-0.085811,0.104918,-0.520733,0.010000,0.008791,0.009561,-0.651979,1.224512,0.889081
125,-0.002487,0.086347,-0.498190,0.009707,0.010822,0.009826,-1.149496,0.850361,0.324850
125,-0.030272,0.022652,-0.246796,0.020959,0.018424,0.020038,-2.384133,-0.359293,1.487387
125,-0.148192,-0.001524,-0.151770,0.026096,0.029091,0.026414,3.010264,-0.626883,1.618242
250,-0.060230,0.000060,-0.158623,0.029965,0.028535,0.030982,-2.691497,-0.802342,1.325440
250,-0.094454,0.089768,-0.471573,0.027486,0.032048,0.032077,-0.235983,-0.263450,1.568369
