label,x,y,z,w,h,l,roll,pitch,yaw
250,-0.450386,0.226900,-0.533835,0.041925,0.036855,0.040083,-0.500836,-0.521592,1.565230
125,-0.221845,0.164034,-0.445088,0.010000,0.008791,0.009561,0.828911,0.724785,2.595567
125,-0.231163,0.066268,-0.272354,0.028948,0.032271,0.029301,2.222765,-0.536443,1.580011
125,-0.018115,0.140981,-0.399245,0.029804,0.026200,0.028494,-1.011867,-0.525075,1.560968
250,-0.055546,0.140815,-0.402467,0.024893,0.029025,0.029052,-0.788823,-0.523325,1.562571
250,-0.015500,0.042944,-0.225191,0.040682,0.038741,0.042063,-2.453258,-0.538092,1.563432
