label,x,y,z,w,h,l,roll,pitch,yaw
250,-0.415386,0.159244,-0.554925,0.041925,0.036855,0.040083,-0.501818,-0.355473,1.565649
125,-0.196163,0.044061,-0.270482,0.028948,0.032271,0.029301,2.224400,-0.370329,1.579293
125,-0.284031,0.046329,-0.280620,0.029918,0.028313,0.030423,1.917738,-0.367653,1.580861
125,0.016885,0.096763,-0.407980,0.029804,0.026200,0.028494,-1.013602,-0.358962,1.561713
250,-0.196027,0.009587,-0.193423,0.019379,0.022596,0.022617,2.403871,-0.722722,1.887461
125,-0.516483,0.144329,-0.538473,0.026096,0.029091,0.026414,-0.104586,-0.010041,1.531823
250,-0.020546,0.096066,-0.411131,0.024893,0.029025,0.029052,-0.790274,-0.357209,1.563192
250,0.019500,0.028857,-0.220111,0.040682,0.038741,0.042063,-2.454566,-0.371975,1.564009
