label,x,y,z,w,h,l,roll,pitch,yaw
250,-0.380387,0.220139,-0.538085,0.041925,0.036855,0.040083,-0.500813,-0.525206,1.565219
125,-0.151845,0.156952,-0.449565,0.010000,0.008791,0.009561,0.824792,0.722904,2.592839
125,-0.161163,0.058562,-0.277186,0.028948,0.032271,0.029301,2.222726,-0.540058,1.580031
125,-0.249031,0.062510,-0.286796,0.029918,0.028313,0.030423,1.915759,-0.537379,1.581729
125,0.051885,0.133733,-0.403806,0.029804,0.026200,0.028494,-1.011825,-0.528690,1.560947
250,-0.161027,0.011567,-0.207058,0.019379,0.022596,0.022617,2.320970,-0.882480,1.947289
125,-0.481483,0.202659,-0.524389,0.026096,0.029091,0.026414,-0.097896,-0.179646,1.531187
250,0.054500,0.035068,-0.230108,0.040682,0.038741,0.042063,-2.453227,-0.541706,1.563416
