label,x,y,z,w,h,l,roll,pitch,yaw
250,-0.310387,0.143100,-0.564503,0.041925,0.036855,0.040083,-0.501587,-0.396844,1.565564
125,-0.091163,0.016251,-0.285067,0.028948,0.032271,0.029301,2.224016,-0.411698,1.579439
125,-0.179031,0.018936,-0.295103,0.029918,0.028313,0.030423,1.917284,-0.409022,1.581033
250,-0.091027,-0.021381,-0.209500,0.019379,0.022596,0.022617,2.386069,-0.761959,1.899499
125,-0.411483,0.127517,-0.548682,0.026096,0.029091,0.026414,-0.102972,-0.051381,1.531773
250,-0.499457,0.124503,-0.542482,0.029965,0.028535,0.030982,0.294083,0.136992,1.741219
250,0.124500,-0.001024,-0.235368,0.040682,0.038741,0.042063,-2.454259,-0.413345,1.563891
