label,x,y,z,w,h,l,roll,pitch,yaw
250,-0.275386,0.216084,-0.538341,0.041925,0.036855,0.040083,-0.500950,-0.503708,1.565286
125,-0.046845,0.154815,-0.448484,0.010000,0.008791,0.009561,0.849496,0.733968,2.609285
125,0.103861,0.147865,-0.442567,0.011274,0.010669,0.011464,-0.668559,0.895850,0.779560
125,-0.056163,0.060154,-0.274030,0.028948,0.032271,0.029301,2.222955,-0.518559,1.579916
125,-0.144031,0.063894,-0.283722,0.029918,0.028313,0.030423,1.916029,-0.515882,1.581593
250,-0.056027,0.014676,-0.202907,0.019379,0.022596,0.022617,2.333119,-0.862450,1.937983
125,-0.376483,0.198903,-0.524273,0.026096,0.029091,0.026414,-0.098758,-0.158164,1.531332
250,-0.464456,0.195244,-0.518430,0.029965,0.028535,0.030982,0.275984,0.031658,1.739692
250,0.159500,0.037676,-0.226457,0.040682,0.038741,0.042063,-2.453410,-0.520208,1.563509
