label,x,y,z,w,h,l,roll,pitch,yaw
250,-0.240387,0.206271,-0.539741,0.041925,0.036855,0.040083,-0.501260,-0.453056,1.565429
125,-0.011845,0.149630,-0.446896,0.010000,0.008791,0.009561,0.909649,0.758787,2.650138
125,-0.021163,0.063923,-0.267873,0.028948,0.032271,0.029301,2.223472,-0.467909,1.579671
125,-0.109031,0.067167,-0.277742,0.029918,0.028313,0.030423,1.916641,-0.465232,1.581305
250,-0.021027,0.022105,-0.194539,0.019379,0.022596,0.022617,2.359622,-0.814994,1.918264
125,-0.341483,0.189824,-0.524820,0.026096,0.029091,0.026414,-0.100767,-0.107551,1.531598
250,-0.429456,0.186466,-0.518799,0.029965,0.028535,0.030982,0.284523,0.081588,1.740176
250,0.154454,0.129384,-0.402786,0.024893,0.029025,0.029052,-0.789450,-0.454790,1.562866
250,0.194500,0.043883,-0.219223,0.040682,0.038741,0.042063,-2.453824,-0.469557,1.563706
