label,x,y,z,w,h,l,roll,pitch,yaw
250,0.004613,0.163555,-0.551449,0.041925,0.036855,0.040083,-0.502060,-0.310702,1.565728
125,0.223837,0.061218,-0.262136,0.028948,0.032271,0.029301,2.224801,-0.325559,1.579156
125,0.135969,0.063030,-0.272366,0.029918,0.028313,0.030423,1.918213,-0.322884,1.580700
125,-0.159475,0.031629,-0.168943,0.010000,0.008791,0.009561,0.577239,-1.186633,-2.183149
125,-0.214559,0.116427,-0.442200,0.020959,0.018424,0.020038,0.708083,-0.231355,1.650868
125,-0.096483,0.149391,-0.534346,0.026096,0.029091,0.026414,-0.106330,0.034697,1.531801
250,-0.184456,0.146921,-0.527910,0.029965,0.028535,0.030982,0.309042,0.221869,1.743891
250,-0.150751,0.046516,-0.218170,0.027486,0.032048,0.032077,2.902579,-0.329181,1.573290
250,0.399454,0.106876,-0.404971,0.024893,0.029025,0.029052,-0.790632,-0.312439,1.563310
