label,x,y,z,w,h,l,roll,pitch,yaw
250,-0.198351,0.134301,-0.280464,0.033999,0.032376,0.035153,1.751648,-0.567397,1.582448
250,0.144613,0.281573,-0.502092,0.041925,0.036855,0.040083,-0.500606,-0.556802,1.565112
125,0.373155,0.215622,-0.415613,0.010000,0.008791,0.009561,0.789362,0.706109,2.569621
125,-0.019475,0.060433,-0.163252,0.010000,0.008791,0.009561,0.327193,-0.969250,-1.961308
125,-0.102757,0.064859,-0.192245,0.009707,0.010822,0.009826,0.778830,-0.718276,-2.553505
125,-0.074559,0.209249,-0.407616,0.020959,0.018424,0.020038,0.686151,-0.476603,1.658528
125,0.043517,0.263669,-0.488955,0.026096,0.029091,0.026414,-0.096617,-0.211217,1.530939
250,-0.044456,0.259706,-0.483315,0.029965,0.028535,0.030982,0.267061,-0.020682,1.739643
250,-0.010751,0.086865,-0.207369,0.027486,0.032048,0.032077,2.901855,-0.575284,1.573609
