label,x,y,z,w,h,l,roll,pitch,yaw
250,-0.163351,0.019410,-0.316302,0.033999,0.032376,0.035153,1.754972,-0.290587,1.581052
250,0.179613,0.100503,-0.569742,0.041925,0.036855,0.040083,-0.502222,-0.279980,1.565775
125,0.061809,-0.032975,-0.108905,0.009550,0.011135,0.011145,-0.085370,-1.280969,-1.481730
125,0.015525,-0.019611,-0.183364,0.010000,0.008791,0.009561,0.627457,-1.211361,-2.229941
125,-0.067757,-0.023277,-0.212463,0.009707,0.010822,0.009826,1.128027,-0.843830,-2.801096
125,-0.039559,0.056754,-0.459096,0.020959,0.018424,0.020038,0.710591,-0.200730,1.650330
125,0.078517,0.086872,-0.552212,0.026096,0.029091,0.026414,-0.107531,0.065396,1.531741
250,-0.009456,0.084601,-0.545703,0.029965,0.028535,0.030982,0.314506,0.252129,1.745174
250,0.024249,-0.006242,-0.233025,0.027486,0.032048,0.032077,2.902659,-0.298458,1.573265
