label,x,y,z,w,h,l,roll,pitch,yaw
250,-0.093351,0.000906,-0.322081,0.033999,0.032376,0.035153,1.754933,-0.294160,1.581063
250,0.249614,0.082904,-0.575229,0.041925,0.036855,0.040083,-0.502203,-0.283552,1.565770
125,0.085525,-0.038589,-0.189283,0.010000,0.008791,0.009561,0.621283,-1.208531,-2.224165
125,0.002243,-0.042152,-0.218395,0.009707,0.010822,0.009826,1.122967,-0.842631,-2.797317
125,0.030441,0.038760,-0.464741,0.020959,0.018424,0.020038,0.710301,-0.204291,1.650389
125,0.148517,0.069210,-0.557748,0.026096,0.029091,0.026414,-0.107391,0.061827,1.531750
250,0.060544,0.066916,-0.551248,0.029965,0.028535,0.030982,0.313866,0.248611,1.745016
250,0.094249,-0.025044,-0.238896,0.027486,0.032048,0.032077,2.902650,-0.302031,1.573268
