label,x,y,z,w,h,l,roll,pitch,yaw
125,-0.087677,-0.028076,-0.197883,0.010000,0.008791,0.009561,0.886778,-1.068958,-2.521004
125,0.107965,-0.042817,-0.162949,0.023481,0.027378,0.027403,-2.605021,-0.317460,1.565431
125,0.156536,-0.004636,-0.282573,0.025399,0.028314,0.025709,-1.837337,-0.470187,1.110131
125,-0.010487,-0.016293,-0.240509,0.027838,0.031034,0.028178,-3.100954,-0.318853,1.570370
250,-0.119477,-0.000340,-0.284556,0.035157,0.033480,0.036351,2.218257,-0.314903,1.579169
125,0.358509,0.064998,-0.500090,0.009550,0.011135,0.011145,0.967295,1.005567,2.614453
125,0.281920,0.002166,-0.314628,0.022123,0.020936,0.022497,1.695845,-0.420090,2.091257
250,0.135352,0.036066,-0.384280,0.040107,0.044710,0.040596,-1.386959,-0.307048,1.560477
250,0.031118,-0.019848,-0.231604,0.029629,0.028216,0.030635,-2.809341,-0.318316,1.567373
