label,x,y,z,w,h,l,roll,pitch,yaw
125,-0.158464,0.063375,-0.278084,0.025399,0.028314,0.025709,-1.681361,-0.706322,1.022849
125,-0.299989,0.176951,-0.456955,0.022293,0.021097,0.022670,-0.229623,-0.568204,1.568079
125,-0.033080,0.078453,-0.307177,0.022123,0.020936,0.022497,1.529240,-0.648204,2.176778
125,0.175309,0.201060,-0.489562,0.024676,0.027508,0.024977,-0.271634,-0.258541,1.465801
250,0.232565,0.203009,-0.486836,0.031019,0.034579,0.031397,-0.507011,-0.293883,1.380919
250,0.281069,0.076478,-0.297347,0.025585,0.022491,0.024461,-1.915219,-0.581346,1.559559
250,0.189981,0.084740,-0.305262,0.030552,0.034059,0.030925,-2.161886,-0.583535,1.560883
125,-0.136577,0.113633,-0.343920,0.011274,0.010669,0.011464,-0.992856,0.001276,0.000833
250,-0.179648,0.129650,-0.365311,0.040107,0.044710,0.040596,-1.383687,-0.576111,1.559066
