label,x,y,z,w,h,l,roll,pitch,yaw
125,-0.193464,0.008136,-0.280701,0.025399,0.028314,0.025709,-1.822591,-0.496275,1.103278
250,-0.293656,0.095152,-0.509564,0.042247,0.040231,0.043682,-0.392203,-0.122943,1.476854
125,0.008509,0.084085,-0.496094,0.009550,0.011135,0.011145,0.921305,0.990403,2.575801
125,-0.068080,0.015870,-0.312544,0.022123,0.020936,0.022497,1.679771,-0.445352,2.097998
250,0.197565,0.094169,-0.516653,0.031019,0.034579,0.031397,-0.551948,-0.058071,1.388842
250,0.246069,0.016287,-0.302526,0.025585,0.022491,0.024461,-1.918053,-0.341453,1.560829
250,0.154981,0.022431,-0.312178,0.030552,0.034059,0.030925,-2.164388,-0.343640,1.562010
125,-0.171577,0.041312,-0.356594,0.011274,0.010669,0.011464,-1.232761,0.001437,0.000505
250,-0.214648,0.051787,-0.381178,0.040107,0.044710,0.040596,-1.386640,-0.336220,1.560376
