label,x,y,z,w,h,l,roll,pitch,yaw
125,-0.131491,0.215555,-0.452694,0.009550,0.011135,0.011145,0.600868,0.825044,2.321584
125,-0.208080,0.103090,-0.292394,0.022123,0.020936,0.022497,1.517651,-0.661370,2.183835
125,0.000309,0.228610,-0.472787,0.024676,0.027508,0.024977,-0.269885,-0.274510,1.465340
250,-0.097071,0.067193,-0.223867,0.035104,0.039134,0.035533,2.824055,-0.603501,1.574564
250,0.106069,0.100958,-0.282598,0.025585,0.022491,0.024461,-1.915001,-0.597402,1.559437
250,0.014981,0.109346,-0.290379,0.030552,0.034059,0.030925,-2.161693,-0.599592,1.560776
125,-0.311577,0.138856,-0.328568,0.011274,0.010669,0.011464,-0.976799,0.001263,0.000853
250,-0.354648,0.155214,-0.349699,0.040107,0.044710,0.040596,-1.383460,-0.592167,1.558941
