label,x,y,z,w,h,l,roll,pitch,yaw
125,-0.166491,0.156308,-0.474307,0.009550,0.011135,0.011145,0.778194,0.931206,2.458383
125,-0.243080,0.069930,-0.298572,0.022123,0.020936,0.022497,1.620867,-0.531965,2.125683
125,-0.034691,0.166106,-0.496175,0.024676,0.027508,0.024977,-0.286250,-0.120391,1.468560
250,0.022565,0.168413,-0.493745,0.031019,0.034579,0.031397,-0.533471,-0.157402,1.386853
250,-0.132071,0.045038,-0.225325,0.035104,0.039134,0.035533,2.824700,-0.448552,1.574239
250,0.071069,0.069335,-0.288563,0.025585,0.022491,0.024461,-1.916940,-0.442461,1.560404
250,-0.020019,0.076421,-0.297546,0.030552,0.034059,0.030925,-2.163406,-0.444649,1.561633
250,0.066983,0.130399,-0.422948,0.022282,0.025981,0.026005,-0.909919,0.003740,0.917489
