label,x,y,z,w,h,l,roll,pitch,yaw
125,-0.193659,0.189707,-0.622328,0.011274,0.010669,0.011464,0.476781,1.105753,2.094806
250,-0.503656,0.133755,-0.500246,0.042247,0.040231,0.043682,-0.385346,-0.194413,1.475770
125,-0.278080,0.040544,-0.309420,0.022123,0.020936,0.022497,1.638478,-0.507058,2.116939
250,-0.167071,0.017803,-0.235477,0.035104,0.039134,0.035533,2.824811,-0.419329,1.574193
250,0.036069,0.040242,-0.299398,0.025585,0.022491,0.024461,-1.917272,-0.413239,1.560542
250,-0.055019,0.047063,-0.308585,0.030552,0.034059,0.030925,-2.163699,-0.415427,1.561755
250,0.031983,0.097353,-0.435510,0.022282,0.025981,0.026005,-0.927686,0.026945,0.917216
