label,x,y,z,w,h,l,roll,pitch,yaw
250,-0.008977,0.128422,-0.369884,0.031089,0.034658,0.031469,1.320095,-0.530681,1.582045
125,-0.051060,0.052248,-0.238604,0.009707,0.010822,0.009826,0.953361,-0.499416,-2.813810
250,0.028215,0.025651,-0.188468,0.036861,0.042979,0.043019,2.630279,-0.541862,1.576478
250,0.299025,0.155860,-0.408334,0.039653,0.034858,0.037910,-1.127385,-0.528868,1.560308
250,0.330263,0.109629,-0.341110,0.034861,0.032991,0.035450,-1.252226,-0.435068,0.899606
250,0.286845,0.120393,-0.363778,0.030377,0.028747,0.030889,1.094282,-0.263443,2.503900
