label,x,y,z,w,h,l,roll,pitch,yaw
125,0.030928,0.046593,-0.245939,0.011274,0.010669,0.011464,0.862654,-0.736550,-2.619600
125,0.140280,0.171821,-0.481745,0.010000,0.008791,0.009561,-0.178807,1.059126,1.366407
125,0.297945,0.130349,-0.404373,0.009707,0.010822,0.009826,-1.037952,0.322311,0.184679
125,0.080344,0.014360,-0.171167,0.033972,0.039611,0.039647,2.913706,-0.512482,1.573375
125,-0.023612,0.021744,-0.194945,0.025510,0.028438,0.025821,2.418226,-0.510247,1.578350
250,0.220468,0.108197,-0.348327,0.029187,0.032538,0.029544,-1.486293,-0.501922,1.559425
125,0.332838,0.139075,-0.418797,0.016268,0.014301,0.015553,1.028432,-0.256628,2.122037
250,0.058890,-0.006274,-0.131428,0.037956,0.033366,0.036288,2.871669,-0.512379,1.573840
