label,x,y,z,w,h,l,roll,pitch,yaw
125,-0.004072,0.047686,-0.243770,0.011274,0.010669,0.011464,0.884276,-0.745571,-2.634197
125,0.262945,0.128524,-0.403712,0.009707,0.010822,0.009826,-1.056964,0.325621,0.178626
125,0.045344,0.016828,-0.168419,0.033972,0.039611,0.039647,2.913760,-0.494157,1.573349
125,-0.058612,0.023775,-0.192329,0.025510,0.028438,0.025821,2.418383,-0.491922,1.578275
250,0.185468,0.107403,-0.347269,0.029187,0.032538,0.029544,-1.486528,-0.483598,1.559537
125,0.297838,0.136985,-0.418293,0.016268,0.014301,0.015553,1.038315,-0.241005,2.119603
250,0.334736,0.103695,-0.341519,0.034861,0.032991,0.035450,1.280716,-0.393611,2.227719
250,0.023890,-0.003075,-0.128309,0.037956,0.033366,0.036288,2.871732,-0.494054,1.573809
