label,x,y,z,w,h,l,roll,pitch,yaw
125,-0.074072,0.049613,-0.252901,0.011274,0.010669,0.011464,0.765872,-0.691290,-2.556183
125,0.192945,0.146666,-0.403557,0.009707,0.010822,0.009826,-0.949317,0.305353,0.212058
125,-0.024656,0.011076,-0.181174,0.033972,0.039611,0.039647,2.913438,-0.598472,1.573516
125,-0.128612,0.020475,-0.204229,0.025510,0.028438,0.025821,2.417442,-0.596235,1.578763
250,0.115468,0.119782,-0.349620,0.029187,0.032538,0.029544,-1.485119,-0.587907,1.558816
125,0.227838,0.156599,-0.417177,0.016268,0.014301,0.015553,0.980873,-0.329584,2.135790
250,0.264736,0.115496,-0.344287,0.034861,0.032991,0.035450,1.209141,-0.475284,2.257882
250,0.308194,0.099784,-0.324809,0.030377,0.028747,0.030889,-1.133080,-0.415669,0.558456
250,-0.046110,-0.012894,-0.143353,0.037956,0.033366,0.036288,2.871352,-0.598369,1.574007
