label,x,y,z,w,h,l,roll,pitch,yaw
125,-0.047029,0.156845,-0.337869,0.010000,0.008791,0.009561,-0.983011,0.143048,0.094711
125,-0.139720,0.228557,-0.453701,0.010000,0.008791,0.009561,-0.150219,0.982305,1.390796
125,0.017945,0.181163,-0.379809,0.009707,0.010822,0.009826,-0.957249,0.306972,0.209667
250,-0.059532,0.154697,-0.325666,0.029187,0.032538,0.029544,-1.485230,-0.580173,1.558877
125,0.052838,0.190990,-0.393507,0.016268,0.014301,0.015553,0.985241,-0.323048,2.134390
250,0.391507,0.250686,-0.463383,0.036861,0.042979,0.043019,-0.503664,-0.572244,1.565023
250,0.121105,0.110530,-0.249206,0.039653,0.034858,0.037910,2.004511,-0.585224,1.581652
250,0.089736,0.150453,-0.320300,0.034861,0.032991,0.035450,1.214641,-0.469298,2.255379
250,0.133194,0.134892,-0.300701,0.030377,0.028747,0.030889,-1.140237,-0.411561,0.561333
