label,x,y,z,w,h,l,roll,pitch,yaw
125,-0.257029,0.042231,-0.384908,0.010000,0.008791,0.009561,-1.142497,0.156163,0.070890
125,-0.349720,0.094793,-0.510594,0.010000,0.008791,0.009561,-0.217416,1.137173,1.332003
125,-0.192055,0.059637,-0.430157,0.009707,0.010822,0.009826,-1.121244,0.335947,0.157742
250,-0.269531,0.042033,-0.372519,0.029187,0.032538,0.029544,-1.487289,-0.421938,1.559869
125,-0.157162,0.067182,-0.445231,0.016268,0.014301,0.015553,1.071046,-0.188280,2.112629
250,-0.088895,0.010467,-0.290054,0.039653,0.034858,0.037910,2.006391,-0.426988,1.580738
250,-0.120263,0.038687,-0.366552,0.034861,0.032991,0.035450,1.320709,-0.344503,2.213286
250,0.072980,-0.046316,-0.192903,0.019889,0.018821,0.020224,2.968256,-1.238620,1.709487
250,-0.076806,0.026409,-0.344745,0.030377,0.028747,0.030889,-1.281421,-0.323790,0.612203
