label,x,y,z,w,h,l,roll,pitch,yaw
250,0.079031,0.010660,-0.324425,0.031089,0.034658,0.031469,-1.811603,-0.262552,1.560747
125,-0.489720,0.049892,-0.508707,0.010000,0.008791,0.009561,-0.357323,1.292651,1.200441
125,0.032688,-0.000494,-0.309479,0.016615,0.019372,0.019390,-2.094836,-0.265168,1.561837
125,-0.297162,0.033227,-0.439736,0.016268,0.014301,0.015553,1.154725,-0.048478,2.102716
250,-0.228895,0.002380,-0.277425,0.039653,0.034858,0.037910,2.008058,-0.264400,1.580171
250,-0.260263,0.017844,-0.357482,0.034861,0.032991,0.035450,1.420111,-0.212892,2.185860
250,-0.067020,-0.037927,-0.172363,0.019889,0.018821,0.020224,3.015498,-1.077093,1.666072
250,-0.216806,0.009258,-0.333976,0.030377,0.028747,0.030889,-1.417835,-0.227734,0.649442
