label,x,y,z,w,h,l,roll,pitch,yaw
125,-0.367054,0.165860,-0.390991,0.009707,0.010822,0.009826,-0.941029,0.303640,0.214543
125,-0.002312,0.101045,-0.292726,0.016615,0.019372,0.019390,-2.091246,-0.601817,1.560307
125,-0.332162,0.175902,-0.404531,0.016268,0.014301,0.015553,0.976285,-0.336413,2.137290
250,-0.263895,0.093169,-0.261522,0.039653,0.034858,0.037910,2.004303,-0.601048,1.581768
250,-0.295263,0.134211,-0.331976,0.034861,0.032991,0.035450,1.203351,-0.481531,2.260547
250,-0.102020,0.020418,-0.175673,0.019889,0.018821,0.020224,2.818814,-1.409281,1.854942
250,-0.251806,0.118342,-0.312625,0.030377,0.028747,0.030889,-1.125567,-0.419944,0.555407
