label,x,y,z,w,h,l,roll,pitch,yaw
125,-0.367162,0.008780,-0.448112,0.016268,0.014301,0.015553,1.146161,-0.063000,2.103193
250,-0.028493,0.044822,-0.532654,0.036861,0.042979,0.043019,-0.505457,-0.268260,1.565763
250,-0.298895,-0.024798,-0.286344,0.039653,0.034858,0.037910,2.007894,-0.281252,1.580215
250,-0.330263,-0.007987,-0.366128,0.034861,0.032991,0.035450,1.410132,-0.226645,2.188036
250,-0.137020,-0.066870,-0.181976,0.019889,0.018821,0.020224,3.012006,-1.093866,1.669162
250,-0.286806,-0.016968,-0.342770,0.030377,0.028747,0.030889,-1.404025,-0.237905,0.646256
