label,x,y,z,w,h,l,roll,pitch,yaw
125,-0.140526,-0.036745,-0.221995,0.010000,0.008791,0.009561,0.265349,-1.201564,-1.854341
125,-0.298052,-0.005206,-0.304187,0.009707,0.010822,0.009826,1.191818,-0.344222,-3.008005
125,-0.080036,0.095361,-0.544072,0.033972,0.039611,0.039647,-0.227399,-0.345981,1.568392
125,0.023880,0.082134,-0.522786,0.025510,0.028438,0.025821,-0.718873,-0.348205,1.563771
250,-0.220480,0.022690,-0.357469,0.029187,0.032538,0.029544,1.644523,-0.356478,1.581435
250,-0.400975,0.058222,-0.438619,0.039653,0.034858,0.037910,-1.129357,-0.351466,1.561151
250,-0.369737,0.024581,-0.364291,0.034861,0.032991,0.035450,-1.367148,-0.293738,0.940705
250,-0.058511,0.111939,-0.585630,0.037956,0.033366,0.036288,-0.269063,-0.346084,1.567961
