label,x,y,z,w,h,l,roll,pitch,yaw
125,-0.035526,-0.037366,-0.218097,0.010000,0.008791,0.009561,0.295246,-1.235216,-1.882405
125,-0.193052,-0.008739,-0.301348,0.009707,0.010822,0.009826,1.228934,-0.348690,-3.020610
125,0.024964,0.083326,-0.544622,0.033972,0.039611,0.039647,-0.227488,-0.310786,1.568420
125,-0.227971,-0.013367,-0.285196,0.016268,0.014301,0.015553,-1.674671,-0.447255,0.974540
250,-0.295975,0.049920,-0.437928,0.039653,0.034858,0.037910,-1.129714,-0.316272,1.561268
250,-0.264737,0.018915,-0.362462,0.034861,0.032991,0.035450,-1.388634,-0.265238,0.946633
250,-0.457672,0.073937,-0.548126,0.019889,0.018821,0.020224,-0.068381,0.497674,1.518144
250,-0.308155,0.024653,-0.386891,0.030377,0.028747,0.030889,1.266192,-0.133652,2.469839
250,0.046489,0.098431,-0.586738,0.037956,0.033366,0.036288,-0.269167,-0.310889,1.567995
