label,x,y,z,w,h,l,roll,pitch,yaw
125,0.549964,0.135809,-0.529879,0.033972,0.039611,0.039647,-0.227347,-0.366434,1.568373
125,-0.032606,0.075313,-0.401522,0.016615,0.019372,0.019390,1.039454,-0.371123,1.580066
125,-0.121060,0.020713,-0.241368,0.009707,0.010822,0.009826,1.127150,-0.543581,-2.900573
250,-0.041785,0.002280,-0.187691,0.036861,0.042979,0.043019,2.631237,-0.384906,1.576049
250,0.229024,0.096520,-0.425208,0.039653,0.034858,0.037910,-1.129145,-0.371917,1.561076
250,0.260263,0.061366,-0.351584,0.034861,0.032991,0.035450,-1.354493,-0.310241,0.936941
250,0.067328,0.126629,-0.533899,0.019889,0.018821,0.020224,-0.065143,0.442101,1.519611
250,0.216845,0.068454,-0.375656,0.030377,0.028747,0.030889,1.222019,-0.168146,2.476482
250,0.571489,0.153233,-0.571090,0.037956,0.033366,0.036288,-0.269001,-0.366537,1.567939
