label,x,y,z,w,h,l,roll,pitch,yaw
250,-0.043977,0.102014,-0.382803,0.031089,0.034658,0.031469,1.320387,-0.507976,1.581900
125,-0.086060,0.028840,-0.249826,0.009707,0.010822,0.009826,0.977947,-0.506599,-2.825662
250,-0.006785,0.003388,-0.199100,0.036861,0.042979,0.043019,2.630428,-0.519156,1.576403
250,0.264024,0.128571,-0.421865,0.039653,0.034858,0.037910,-1.127657,-0.506162,1.560443
250,0.295263,0.083879,-0.353609,0.034861,0.032991,0.035450,-1.267672,-0.417242,0.905991
250,0.102328,0.172957,-0.525548,0.019889,0.018821,0.020224,-0.057956,0.308015,1.522250
250,0.251845,0.094125,-0.376516,0.030377,0.028747,0.030889,1.113110,-0.249881,2.499120
