label,x,y,z,w,h,l,roll,pitch,yaw
250,-0.008977,0.102001,-0.376905,0.031089,0.034658,0.031469,1.321142,-0.446583,1.581553
125,0.037394,0.103237,-0.395445,0.016615,0.019372,0.019390,1.038707,-0.443976,1.580362
125,-0.051060,0.037124,-0.239690,0.009707,0.010822,0.009826,1.045385,-0.524710,-2.858927
250,0.028215,0.014833,-0.187497,0.036861,0.042979,0.043019,2.630811,-0.457761,1.576223
250,0.299025,0.126112,-0.417524,0.039653,0.034858,0.037910,-1.128361,-0.444769,1.560765
250,0.330263,0.085691,-0.346654,0.034861,0.032991,0.035450,-1.308261,-0.368621,0.921539
250,0.286845,0.094513,-0.370146,0.030377,0.028747,0.030889,1.163389,-0.212803,2.487588
