label,x,y,z,w,h,l,roll,pitch,yaw
250,0.142068,0.032367,-0.223546,0.044577,0.042185,0.045330,-3.019978,-0.458958,1.569450
125,0.014388,0.098663,-0.393553,0.010000,0.008791,0.009561,1.088152,0.361698,2.958259
125,-0.008917,0.101681,-0.396283,0.011265,0.010727,0.011647,1.094657,0.326800,2.977530
125,0.195025,0.016104,-0.209405,0.022422,0.019711,0.021437,-2.620525,-0.726340,1.401033
125,-0.055466,0.085415,-0.350357,0.024312,0.027103,0.024609,1.505067,-0.444725,1.690318
250,0.313773,0.139605,-0.455855,0.029823,0.034773,0.034806,-0.895939,-0.243521,1.269615
250,0.272775,0.051060,-0.272066,0.029098,0.033928,0.033959,-2.078115,-0.453908,1.561094
250,-0.116405,0.117616,-0.418962,0.027194,0.025896,0.028117,1.088937,-0.257748,2.046033
