label,x,y,z,w,h,l,roll,pitch,yaw
125,0.072365,-0.011446,-0.237451,0.010982,0.010458,0.011354,0.726634,-1.041380,-2.370904
125,0.032220,-0.018227,-0.234626,0.009550,0.011135,0.011145,0.934982,-0.881953,-2.623700
125,-0.080652,0.015978,-0.289744,0.028242,0.031484,0.028587,1.921773,-0.390515,1.580937
125,0.036675,0.010547,-0.274050,0.033579,0.031977,0.034719,2.378453,-0.394296,1.578261
250,0.052509,0.095532,-0.481345,0.029658,0.034580,0.034612,0.498652,-0.378282,1.575961
250,-0.105132,0.081739,-0.447891,0.032107,0.028224,0.030696,1.043135,-0.139708,2.075401
250,0.229545,0.109510,-0.503880,0.044440,0.042320,0.045949,-0.582856,-0.378716,1.564853
