label,x,y,z,w,h,l,roll,pitch,yaw
250,0.207718,0.136185,-0.475002,0.044577,0.042185,0.045330,0.121996,-0.465930,1.572166
125,-0.068403,0.095124,-0.407034,0.009772,0.011394,0.011405,-1.070511,0.301082,0.160720
250,-0.411387,0.101042,-0.402890,0.042764,0.037592,0.040884,1.282609,-0.473036,1.581583
250,-0.297491,0.131273,-0.474048,0.029658,0.034580,0.034612,0.498139,-0.467076,1.576172
125,0.121121,0.020850,-0.282041,0.009707,0.010822,0.009826,0.971664,-0.622647,-2.762606
125,0.154730,0.137650,-0.496426,0.022422,0.019711,0.021437,0.384679,-0.189982,1.700232
250,0.036421,0.015099,-0.249291,0.029823,0.034773,0.034806,1.948125,-0.637734,1.936877
250,0.077093,0.108596,-0.430685,0.029098,0.033928,0.033959,1.056372,-0.470954,1.580590
250,-0.120455,0.147195,-0.495255,0.044440,0.042320,0.045949,-0.582265,-0.467511,1.564610
