label,x,y,z,w,h,l,roll,pitch,yaw
250,0.172718,0.223878,-0.430012,0.044577,0.042185,0.045330,0.121943,-0.499650,1.572190
125,-0.103403,0.180548,-0.363466,0.009772,0.011394,0.011405,-1.035716,0.295515,0.170947
250,-0.332491,0.218937,-0.429223,0.029658,0.034580,0.034612,0.497933,-0.500796,1.576268
125,0.086121,0.102103,-0.241049,0.009707,0.010822,0.009826,0.933446,-0.609824,-2.740515
125,0.119730,0.226064,-0.451374,0.022422,0.019711,0.021437,0.380217,-0.223418,1.701148
250,0.001421,0.095251,-0.208511,0.029823,0.034773,0.034806,1.932738,-0.669163,1.946233
250,0.042093,0.194810,-0.386650,0.029098,0.033928,0.033959,1.055995,-0.504673,1.580767
250,-0.155455,0.235565,-0.449881,0.044440,0.042320,0.045949,-0.582028,-0.501230,1.564499
