label,x,y,z,w,h,l,roll,pitch,yaw
250,-0.142282,0.097696,-0.480944,0.044577,0.042185,0.045330,0.122161,-0.352521,1.572100
125,-0.228879,0.004939,-0.276171,0.009707,0.010822,0.009826,1.105188,-0.660425,-2.842601
125,-0.014313,0.020102,-0.316012,0.010000,0.008791,0.009561,-1.179936,-0.374613,-0.149651
125,0.008998,0.020213,-0.311979,0.011265,0.010727,0.011647,-1.185478,-0.338206,-0.133770
125,-0.195270,0.096727,-0.502396,0.022422,0.019711,0.021437,0.399331,-0.077505,1.698275
125,0.055470,0.042351,-0.355462,0.024312,0.027103,0.024609,-1.542344,-0.361582,1.455459
250,-0.272907,0.075299,-0.433789,0.029098,0.033928,0.033959,1.057556,-0.357551,1.580113
250,0.116530,0.014794,-0.284969,0.027194,0.025896,0.028117,-1.670879,-0.463950,1.052977
250,-0.470455,0.106344,-0.502312,0.044440,0.042320,0.045949,-0.583012,-0.354104,1.564909
