label,x,y,z,w,h,l,roll,pitch,yaw
125,-0.281686,-0.026236,-0.313172,0.009772,0.011394,0.011405,1.284940,-0.325778,-3.047805
125,0.080773,0.008779,-0.439147,0.028242,0.031484,0.028587,-1.214986,-0.266960,1.561069
250,0.061300,-0.019223,-0.311670,0.042764,0.037592,0.040884,-1.852973,-0.273229,1.560830
250,-0.052719,-0.045289,-0.239075,0.029658,0.034580,0.034612,-2.641254,-0.279209,1.565818
250,-0.386227,0.022147,-0.483480,0.029823,0.034773,0.034806,-0.948803,-0.072701,1.277971
250,0.104980,-0.035829,-0.273743,0.032107,0.028224,0.030696,-1.768366,-0.433735,1.015427
250,-0.229796,-0.047921,-0.212967,0.044440,0.042320,0.045949,2.553362,-0.278755,1.576555
