label,x,y,z,w,h,l,roll,pitch,yaw
125,-0.246686,0.086531,-0.287857,0.009772,0.011394,0.011405,1.056904,-0.297523,-2.977600
125,-0.037150,0.170803,-0.457980,0.010982,0.010458,0.011354,-0.599420,0.965254,0.877406
125,0.115773,0.148058,-0.403227,0.028242,0.031484,0.028587,-1.212598,-0.485778,1.560186
125,-0.001528,0.156729,-0.417608,0.033579,0.031977,0.034719,-0.758253,-0.482013,1.563006
250,0.096299,0.093050,-0.284869,0.042764,0.037592,0.040884,-1.850518,-0.492047,1.559908
250,-0.017719,0.051847,-0.219664,0.029658,0.034580,0.034612,-2.640023,-0.498036,1.565350
250,-0.351227,0.170731,-0.443601,0.029823,0.034773,0.034806,-0.883517,-0.281921,1.266389
250,0.139980,0.068607,-0.251451,0.032107,0.028224,0.030696,-1.627685,-0.615810,0.944562
250,-0.194796,0.043610,-0.194750,0.044440,0.042320,0.045949,2.551940,-0.497581,1.577096
