label,x,y,z,w,h,l,roll,pitch,yaw
125,-0.002150,0.082429,-0.480400,0.010982,0.010458,0.011354,-0.902756,1.109134,0.615051
125,0.150773,0.071581,-0.422112,0.028242,0.031484,0.028587,-1.214893,-0.276080,1.561045
125,0.033472,0.077068,-0.437983,0.033579,0.031977,0.034719,-0.759937,-0.272310,1.563630
250,0.131299,0.042417,-0.294895,0.042764,0.037592,0.040884,-1.852878,-0.282349,1.560804
250,0.017281,0.015690,-0.222542,0.029658,0.034580,0.034612,-2.641206,-0.288330,1.565805
125,-0.400978,0.067124,-0.438666,0.009707,0.010822,0.009826,-1.207777,0.680847,0.234693
250,-0.316227,0.085352,-0.466321,0.029823,0.034773,0.034806,-0.946161,-0.081433,1.277768
250,0.174980,0.025466,-0.257121,0.032107,0.028224,0.030696,-1.763047,-0.441480,1.013173
250,-0.159796,0.012820,-0.196458,0.044440,0.042320,0.045949,2.553307,-0.287876,1.576570
