label,x,y,z,w,h,l,roll,pitch,yaw
125,-0.176685,-0.016223,-0.309952,0.009772,0.011394,0.011405,1.288641,-0.326106,-3.048990
125,0.185773,0.018348,-0.436049,0.028242,0.031484,0.028587,-1.215021,-0.263439,1.561079
125,0.068472,0.023634,-0.451989,0.033579,0.031977,0.034719,-0.760031,-0.259669,1.563654
250,0.166300,-0.009205,-0.308474,0.042764,0.037592,0.040884,-1.853010,-0.269708,1.560839
250,0.052281,-0.035015,-0.235788,0.029658,0.034580,0.034612,-2.641272,-0.275688,1.565823
125,-0.365978,0.013682,-0.452546,0.009707,0.010822,0.009826,-1.223638,0.683725,0.224692
250,0.209980,-0.025677,-0.270489,0.032107,0.028224,0.030696,-1.770410,-0.430743,1.016283
250,-0.124796,-0.037555,-0.209671,0.044440,0.042320,0.045949,2.553383,-0.275234,1.576549
