label,x,y,z,w,h,l,roll,pitch,yaw
125,-0.141686,0.001940,-0.311427,0.009772,0.011394,0.011405,1.216367,-0.318944,-3.026073
250,0.201300,0.008840,-0.309470,0.042764,0.037592,0.040884,-1.852283,-0.338624,1.560622
250,0.087281,-0.021915,-0.238734,0.029658,0.034580,0.034612,-2.640908,-0.344606,1.565712
125,-0.330978,0.041594,-0.451624,0.009707,0.010822,0.009826,-1.138117,0.666566,0.278165
250,-0.246227,0.061349,-0.478210,0.029823,0.034773,0.034806,-0.929764,-0.135298,1.275994
250,-0.287225,-0.005869,-0.285595,0.029098,0.033928,0.033959,-2.079277,-0.340712,1.561545
250,0.244980,-0.010209,-0.272709,0.032107,0.028224,0.030696,-1.729325,-0.489010,0.998038
250,-0.089796,-0.026247,-0.212854,0.044440,0.042320,0.045949,2.552962,-0.344152,1.576677
