label,x,y,z,w,h,l,roll,pitch,yaw
250,-0.207932,0.048260,-0.210700,0.044577,0.042185,0.045330,-3.020202,-0.299031,1.569533
125,0.068314,0.065582,-0.287747,0.009772,0.011394,0.011405,1.265329,-0.323971,-3.041545
125,0.430773,0.102943,-0.413046,0.028242,0.031484,0.028587,-1.214796,-0.285632,1.561018
125,-0.154975,0.034457,-0.194150,0.022422,0.019711,0.021437,-2.652455,-0.568443,1.420351
250,-0.036227,0.117136,-0.457122,0.029823,0.034773,0.034806,-0.943391,-0.090578,1.277530
250,-0.077225,0.058988,-0.261578,0.029098,0.033928,0.033959,-2.079729,-0.293988,1.561686
250,0.120204,0.042029,-0.187964,0.044440,0.042320,0.045949,2.553250,-0.297428,1.576586
