label,x,y,z,w,h,l,roll,pitch,yaw
250,-0.172932,0.092941,-0.196156,0.044577,0.042185,0.045330,-3.019809,-0.564955,1.569367
125,0.103314,0.129902,-0.265942,0.009772,0.011394,0.011405,0.989265,-0.286150,-2.958132
125,0.312850,0.225173,-0.430159,0.010982,0.010458,0.011354,-0.530615,0.913498,0.932971
125,-0.119975,0.075274,-0.183814,0.022422,0.019711,0.021437,-2.594017,-0.830651,1.382393
250,-0.001227,0.224156,-0.415815,0.029823,0.034773,0.034806,-0.862587,-0.344604,1.259935
250,-0.042225,0.116663,-0.242426,0.029098,0.033928,0.033959,-2.076903,-0.559901,1.560505
250,0.155204,0.080955,-0.175856,0.044440,0.042320,0.045949,2.551450,-0.563347,1.577344
