label,x,y,z,w,h,l,roll,pitch,yaw
250,0.002068,-0.026133,-0.232614,0.044577,0.042185,0.045330,-3.020203,-0.298628,1.569533
125,0.278315,-0.008842,-0.309668,0.009772,0.011394,0.011405,1.265753,-0.324012,-3.041680
125,0.487850,0.039850,-0.493169,0.010982,0.010458,0.011354,-0.886159,1.103800,0.629891
125,0.055025,-0.039929,-0.216058,0.022422,0.019711,0.021437,-2.652527,-0.568044,1.420390
125,-0.195466,0.005991,-0.366268,0.024312,0.027103,0.024609,1.524906,-0.285467,1.683211
250,0.132775,-0.015426,-0.283496,0.029098,0.033928,0.033959,-2.079733,-0.293585,1.561687
