label,x,y,z,w,h,l,roll,pitch,yaw
250,0.037068,0.077574,-0.207646,0.044577,0.042185,0.045330,-3.019742,-0.603446,1.569330
125,0.124022,0.191266,-0.401420,0.009707,0.010822,0.009826,-0.842016,0.573858,0.451282
125,-0.090612,0.167658,-0.366336,0.010000,0.008791,0.009561,0.937854,0.331671,2.907100
125,-0.113917,0.171037,-0.368603,0.011265,0.010727,0.011647,0.945416,0.299870,2.931447
125,0.090025,0.059444,-0.195994,0.022422,0.019711,0.021437,-2.582861,-0.868430,1.374013
125,-0.160466,0.148328,-0.325498,0.024312,0.027103,0.024609,1.484430,-0.588099,1.700534
250,0.208773,0.217144,-0.422094,0.029823,0.034773,0.034806,-0.849906,-0.381224,1.255433
250,0.167775,0.103058,-0.252969,0.029098,0.033928,0.033959,-2.076424,-0.598389,1.560243
250,-0.221405,0.190071,-0.388751,0.027194,0.025896,0.028117,1.017778,-0.385528,2.068582
