label,x,y,z,w,h,l,roll,pitch,yaw
250,0.072068,0.048315,-0.225366,0.044577,0.042185,0.045330,-3.019777,-0.583815,1.569350
125,-0.055612,0.135266,-0.385794,0.010000,0.008791,0.009561,0.958079,0.336169,2.913729
125,-0.078917,0.138601,-0.388126,0.011265,0.010727,0.011647,0.965537,0.303908,2.937430
125,0.125025,0.030418,-0.213360,0.022422,0.019711,0.021437,-2.588670,-0.849170,1.378411
125,-0.125465,0.116742,-0.344584,0.024312,0.027103,0.024609,1.487444,-0.568631,1.698886
250,0.243773,0.183648,-0.442512,0.029823,0.034773,0.034806,-0.856417,-0.362554,1.257799
250,0.202775,0.072904,-0.271181,0.029098,0.033928,0.033959,-2.076671,-0.578759,1.560380
250,-0.186405,0.157235,-0.408644,0.027194,0.025896,0.028117,1.027824,-0.368262,2.064885
