label,x,y,z,w,h,l,roll,pitch,yaw
250,0.107068,0.054409,-0.211766,0.044577,0.042185,0.045330,-3.020017,-0.432193,1.569467
125,-0.020612,0.116132,-0.383487,0.010000,0.008791,0.009561,1.116340,0.366445,2.968297
125,-0.043917,0.119076,-0.386296,0.011265,0.010727,0.011647,1.122579,0.331052,2.986550
125,0.160025,0.038531,-0.197195,0.022422,0.019711,0.021437,-2.626436,-0.699952,1.404900
125,-0.090466,0.104045,-0.339952,0.024312,0.027103,0.024609,1.508558,-0.418149,1.688857
250,0.278773,0.155392,-0.446862,0.029823,0.034773,0.034806,-0.904070,-0.217954,1.271475
250,0.237775,0.071797,-0.260769,0.029098,0.033928,0.033959,-2.078400,-0.427144,1.561216
250,-0.151405,0.134398,-0.409393,0.027194,0.025896,0.028117,1.101525,-0.233930,2.042969
