label,x,y,z,w,h,l,roll,pitch,yaw
250,0.142068,0.038541,-0.214788,0.044577,0.042185,0.045330,-3.020137,-0.347344,1.569513
125,0.229022,0.099439,-0.431042,0.009707,0.010822,0.009826,-1.136174,0.666129,0.279366
125,0.014388,0.085489,-0.391122,0.010000,0.008791,0.009561,1.206341,0.379712,3.001121
125,-0.008917,0.088184,-0.394171,0.011265,0.010727,0.011647,1.211603,0.342927,3.016003
125,0.195025,0.023954,-0.198924,0.022422,0.019711,0.021437,-2.643586,-0.616193,1.415398
125,-0.055466,0.077135,-0.346719,0.024312,0.027103,0.024609,1.519124,-0.333871,1.684974
250,0.313773,0.119237,-0.457596,0.029823,0.034773,0.034806,-0.929298,-0.136818,1.275930
250,0.272775,0.051713,-0.265088,0.029098,0.033928,0.033959,-2.079262,-0.342300,1.561540
250,-0.116405,0.101493,-0.418483,0.027194,0.025896,0.028117,1.140567,-0.158209,2.035356
