label,x,y,z,w,h,l,roll,pitch,yaw
125,0.212996,-0.025709,-0.233715,0.011274,0.010669,0.011464,-0.906240,-0.908489,-0.553401
125,0.207163,0.097493,-0.532806,0.012950,0.011384,0.012381,-0.792936,0.999869,0.692063
125,0.011782,0.068989,-0.465857,0.009707,0.010822,0.009826,1.056873,0.689694,2.796741
125,0.048003,-0.033488,-0.226625,0.017206,0.015125,0.016449,0.828875,-0.974904,-2.492586
125,0.303606,0.067294,-0.452393,0.031867,0.028013,0.030466,1.169496,-0.316265,1.771946
250,0.229810,0.096994,-0.515782,0.042655,0.040620,0.044104,-0.566793,-0.380542,1.564994
250,0.079098,0.063979,-0.456826,0.025178,0.023827,0.025602,0.436185,-0.379913,1.575362
