label,x,y,z,w,h,l,roll,pitch,yaw
125,0.177996,0.088830,-0.187810,0.011274,0.010669,0.011464,-0.703241,-0.811440,-0.707644
125,0.172163,0.259179,-0.462793,0.012950,0.011384,0.012381,-0.593280,0.884920,0.854030
125,-0.023218,0.220134,-0.401392,0.009707,0.010822,0.009826,0.866365,0.625161,2.680043
125,0.013003,0.079999,-0.182085,0.017206,0.015125,0.016449,0.627078,-0.865186,-2.331590
125,0.268606,0.216264,-0.388386,0.031867,0.028013,0.030466,1.132803,-0.476626,1.786162
250,0.194810,0.255909,-0.446079,0.042655,0.040620,0.044104,-0.565686,-0.544422,1.564498
250,0.044098,0.213717,-0.393299,0.025178,0.023827,0.025602,0.435315,-0.543793,1.575752
