label,x,y,z,w,h,l,roll,pitch,yaw
250,0.407070,0.129569,-0.434155,0.012659,0.014760,0.014774,0.711726,0.171941,2.079757
125,0.142996,0.040689,-0.206899,0.011274,0.010669,0.011464,-0.892319,-0.903117,-0.564356
125,0.137163,0.166915,-0.504727,0.012950,0.011384,0.012381,-0.778646,0.993357,0.704061
125,-0.058218,0.137734,-0.438070,0.009707,0.010822,0.009826,1.044548,0.686232,2.788915
125,-0.021997,0.032839,-0.199889,0.017206,0.015125,0.016449,0.814623,-0.968733,-2.480815
125,0.210022,0.049947,-0.217543,0.034203,0.030067,0.032700,-2.263588,-0.405504,1.562446
125,0.233606,0.135903,-0.424625,0.031867,0.028013,0.030466,1.167359,-0.326192,1.772621
250,0.159810,0.166244,-0.487709,0.042655,0.040620,0.044104,-0.566729,-0.390674,1.564970
250,0.009098,0.132632,-0.429090,0.025178,0.023827,0.025602,0.436135,-0.390044,1.575381
