label,x,y,z,w,h,l,roll,pitch,yaw
125,0.107996,0.062488,-0.198120,0.011274,0.010669,0.011464,-0.866552,-0.892722,-0.584507
125,0.102163,0.194388,-0.493478,0.012950,0.011384,0.012381,-0.752437,0.980815,0.725932
125,-0.093218,0.163937,-0.427392,0.009707,0.010822,0.009826,1.021470,0.679494,2.774352
125,-0.056997,0.054505,-0.191261,0.017206,0.015125,0.016449,0.788407,-0.956830,-2.459296
125,0.175022,0.071948,-0.208584,0.034203,0.030067,0.032700,-2.263413,-0.424632,1.562375
125,0.198606,0.161849,-0.413984,0.031867,0.028013,0.030466,1.163285,-0.344930,1.773963
250,0.124810,0.193391,-0.476476,0.042655,0.040620,0.044104,-0.566608,-0.409802,1.564923
250,-0.025902,0.158665,-0.418511,0.025178,0.023827,0.025602,0.436040,-0.409173,1.575418
