label,x,y,z,w,h,l,roll,pitch,yaw
250,-0.144970,-0.035899,-0.254975,0.036232,0.034288,0.036843,2.972663,-0.318977,1.572561
250,-0.222930,0.021225,-0.465488,0.012659,0.014760,0.014774,0.756939,0.250326,2.089241
250,-0.071736,0.027114,-0.450805,0.031048,0.036202,0.036236,-0.547531,-0.300585,1.565332
125,0.024445,-0.031444,-0.280606,0.011274,0.010669,0.011464,-1.211894,-0.523425,-0.185366
125,-0.032364,0.037561,-0.516162,0.016493,0.015608,0.016771,-0.614971,0.540596,1.039343
125,0.018138,-0.032875,-0.289727,0.016512,0.019253,0.019271,-1.774799,-0.574634,0.842741
125,0.084251,-0.032361,-0.279919,0.010314,0.012026,0.012037,-1.234574,-0.397349,-0.134429
125,-0.111795,-0.020985,-0.305331,0.029260,0.032618,0.029617,-2.932844,-0.318902,1.568621
125,-0.396394,0.028389,-0.456566,0.031867,0.028013,0.030466,1.185897,-0.237984,1.767456
