label,x,y,z,w,h,l,roll,pitch,yaw
125,-0.212767,0.151764,-0.470600,0.011274,0.010669,0.011464,0.942188,0.923325,2.616120
125,-0.011953,0.062343,-0.236032,0.009707,0.010822,0.009826,-1.088701,-0.699775,-0.325060
125,-0.047760,0.150828,-0.480846,0.017206,0.015125,0.016449,-0.868818,0.989312,0.615200
125,-0.279815,0.151157,-0.456608,0.034203,0.030067,0.032700,0.870267,-0.356133,1.578973
125,-0.437666,0.133345,-0.444416,0.010160,0.008931,0.009713,-0.891284,0.378785,0.733610
250,-0.079253,0.064886,-0.246152,0.025178,0.023827,0.025602,-2.703660,-0.371628,1.566261
