label,x,y,z,w,h,l,roll,pitch,yaw
125,-0.177767,0.246312,-0.429072,0.011274,0.010669,0.011464,0.669639,0.792730,2.408937
125,0.023047,0.107817,-0.219698,0.009707,0.010822,0.009826,-0.832916,-0.612771,-0.481814
125,-0.012760,0.247636,-0.439274,0.017206,0.015125,0.016449,-0.597557,0.842394,0.831401
125,-0.244815,0.242663,-0.415551,0.034203,0.030067,0.032700,0.868137,-0.576309,1.579936
125,-0.402666,0.222618,-0.407543,0.010160,0.008931,0.009713,-0.724010,0.226935,0.783750
250,-0.195071,0.082568,-0.168708,0.042655,0.040620,0.044104,2.567427,-0.591159,1.577301
250,-0.044253,0.112509,-0.229018,0.025178,0.023827,0.025602,-2.702466,-0.591810,1.565705
