label,x,y,z,w,h,l,roll,pitch,yaw
125,-0.107767,0.214452,-0.445316,0.011274,0.010669,0.011464,0.769152,0.849462,2.481827
125,-0.102450,0.061468,-0.160297,0.012950,0.011384,0.012381,0.659054,-0.927065,-2.340144
125,0.093047,0.094975,-0.224536,0.009707,0.010822,0.009826,-0.931425,-0.651459,-0.423569
125,0.057240,0.214870,-0.455596,0.017206,0.015125,0.016449,-0.694047,0.905503,0.757345
125,-0.174815,0.212010,-0.431526,0.034203,0.030067,0.032700,0.869050,-0.487943,1.579472
125,-0.321168,0.168595,-0.360736,0.024460,0.027267,0.024758,-1.241211,-0.481656,1.527230
125,-0.198755,0.104525,-0.234799,0.031867,0.028013,0.030466,-1.791607,-0.549940,1.346312
250,-0.125071,0.074325,-0.171517,0.042655,0.040620,0.044104,2.568082,-0.502791,1.576960
250,0.025747,0.098826,-0.234234,0.025178,0.023827,0.025602,-2.702979,-0.503441,1.565972
