label,x,y,z,w,h,l,roll,pitch,yaw
250,-0.414842,0.155614,-0.449137,0.036232,0.034288,0.036843,-0.169053,-0.496547,1.568873
125,-0.067450,0.008764,-0.189813,0.012950,0.011384,0.012381,0.645280,-0.918384,-2.329163
125,0.128047,0.043041,-0.253645,0.009707,0.010822,0.009826,-0.917697,-0.646473,-0.431866
125,-0.139815,0.162556,-0.459213,0.034203,0.030067,0.032700,0.868931,-0.499963,1.579529
125,-0.297666,0.143181,-0.449699,0.010160,0.008931,0.009713,-0.780260,0.280465,0.769624
125,-0.286168,0.118293,-0.388950,0.024460,0.027267,0.024758,-1.240616,-0.493664,1.526952
125,-0.163755,0.052714,-0.263792,0.031867,0.028013,0.030466,-1.788446,-0.561656,1.344644
250,-0.090071,0.021756,-0.200877,0.042655,0.040620,0.044104,2.567997,-0.514811,1.577002
250,0.060747,0.047009,-0.263295,0.025178,0.023827,0.025602,-2.702912,-0.515461,1.565940
