label,x,y,z,w,h,l,roll,pitch,yaw
250,0.082770,0.031951,-0.258542,0.012659,0.014760,0.014774,-1.879178,-0.834934,0.775505
250,-0.068404,0.046147,-0.265936,0.031048,0.036202,0.036236,2.588526,-0.418184,1.576523
125,0.347233,0.134827,-0.479350,0.011274,0.010669,0.011464,0.876728,0.898641,2.564388
125,0.280185,0.133561,-0.465402,0.034203,0.030067,0.032700,0.869848,-0.403232,1.579128
125,0.122334,0.115195,-0.454062,0.010160,0.008931,0.009713,-0.854087,0.347014,0.746817
125,-0.107880,0.010999,-0.209927,0.016493,0.015608,0.016771,1.768177,-1.062130,2.678224
125,-0.158004,0.107121,-0.426796,0.016512,0.019253,0.019271,0.912027,-0.002708,2.162803
125,0.133832,0.096291,-0.391193,0.024460,0.027267,0.024758,-1.245207,-0.397019,1.528931
125,0.256245,0.043108,-0.260286,0.031867,0.028013,0.030466,-1.812705,-0.467252,1.356594
