label,x,y,z,w,h,l,roll,pitch,yaw
250,0.222770,0.008800,-0.260121,0.012659,0.014760,0.014774,-1.969365,-0.769287,0.840390
250,0.071596,0.022268,-0.268771,0.031048,0.036202,0.036236,2.589074,-0.327449,1.576324
125,0.487233,0.091245,-0.489343,0.011274,0.010669,0.011464,1.006591,0.944239,2.667901
125,0.262334,0.073986,-0.462380,0.010160,0.008931,0.009713,-0.926587,0.407785,0.720078
125,0.032120,-0.007660,-0.209808,0.016493,0.015608,0.016771,1.922701,-1.016132,2.544927
125,-0.084102,0.074627,-0.442229,0.010314,0.012026,0.012037,1.223807,0.397511,3.002504
125,0.111899,0.068803,-0.414686,0.029260,0.032618,0.029617,0.205820,-0.309144,1.572949
125,0.273832,0.060856,-0.398057,0.024460,0.027267,0.024758,-1.249184,-0.306359,1.530303
