label,x,y,z,w,h,l,roll,pitch,yaw
250,0.475867,0.212007,-0.495031,0.034190,0.032356,0.034767,0.480976,-0.431207,1.575910
125,0.105245,0.056781,-0.182872,0.010000,0.008791,0.009561,0.249356,-1.115647,-1.847065
125,0.123287,0.031121,-0.111393,0.029789,0.026187,0.028480,3.136080,-0.642741,1.572023
125,-0.078341,0.161343,-0.390480,0.031124,0.029639,0.032181,1.140642,-0.352415,1.804203
250,0.265544,0.161667,-0.388504,0.029705,0.026112,0.028399,-1.102043,-0.435568,1.560936
250,-0.067261,0.114855,-0.288912,0.030073,0.035065,0.035098,1.422250,-0.460334,2.346987
250,0.073168,0.079572,-0.207885,0.039923,0.037781,0.040597,2.754444,-0.449331,1.574970
250,0.305876,0.188940,-0.440170,0.035192,0.030936,0.033645,-0.896447,-0.338041,1.425050
