label,x,y,z,w,h,l,roll,pitch,yaw
250,0.440867,0.210113,-0.503701,0.034190,0.032356,0.034767,0.480242,-0.553570,1.576258
125,0.246050,0.050995,-0.254461,0.009707,0.010822,0.009826,-0.917790,-0.499840,-0.351416
125,0.070245,0.017946,-0.212823,0.010000,0.008791,0.009561,0.187980,-0.997020,-1.793536
125,0.088287,-0.016247,-0.145010,0.029789,0.026187,0.028480,3.135872,-0.765106,1.572158
125,-0.113341,0.147066,-0.406116,0.031124,0.029639,0.032181,1.108951,-0.471290,1.816913
250,-0.102261,0.088529,-0.310982,0.030073,0.035065,0.035098,1.322047,-0.545633,2.395364
250,0.038168,0.043619,-0.234867,0.039923,0.037781,0.040597,2.753839,-0.571694,1.575266
250,0.270877,0.180522,-0.452066,0.035192,0.030936,0.033645,-0.876671,-0.459044,1.417362
