label,x,y,z,w,h,l,roll,pitch,yaw
250,0.405867,0.201569,-0.510689,0.034190,0.032356,0.034767,0.480157,-0.566699,1.576303
125,0.211050,0.039193,-0.263560,0.009707,0.010822,0.009826,-0.903780,-0.495280,-0.358102
125,0.035245,0.005599,-0.222359,0.010000,0.008791,0.009561,0.182741,-0.984209,-1.789154
125,0.053287,-0.029481,-0.155001,0.029789,0.026187,0.028480,3.135847,-0.778234,1.572175
125,-0.148341,0.137246,-0.413940,0.031124,0.029639,0.032181,1.105338,-0.484020,1.818574
250,0.195544,0.137300,-0.411938,0.029705,0.026112,0.028399,-1.100460,-0.571055,1.560170
250,-0.137261,0.077465,-0.319582,0.030073,0.035065,0.035098,1.310708,-0.554517,2.401292
125,0.322967,0.085931,-0.338818,0.023241,0.020431,0.022220,1.547588,-0.583996,1.808665
250,0.003168,0.031560,-0.244064,0.039923,0.037781,0.040597,2.753768,-0.584823,1.575304
