label,x,y,z,w,h,l,roll,pitch,yaw
250,0.583716,0.081883,-0.596677,0.021712,0.024204,0.021977,-0.982309,1.064010,0.528187
125,0.176050,-0.014770,-0.255842,0.009707,0.010822,0.009826,-1.243483,-0.577112,-0.183171
125,0.000245,-0.034551,-0.206499,0.010000,0.008791,0.009561,0.404902,-1.273294,-1.992215
125,0.018287,-0.047952,-0.131745,0.029789,0.026187,0.028480,3.136309,-0.475475,1.571901
250,0.160544,0.034636,-0.426723,0.029705,0.026112,0.028399,-1.103746,-0.268310,1.561525
250,-0.172261,0.005058,-0.320728,0.030073,0.035065,0.035098,1.546198,-0.338011,2.298671
125,0.542239,0.060830,-0.553646,0.010982,0.010458,0.011354,-0.884940,1.131376,0.637487
125,0.287967,0.007405,-0.341613,0.023241,0.020431,0.022220,1.620937,-0.288535,1.777318
250,-0.031832,-0.016242,-0.234957,0.039923,0.037781,0.040597,2.755168,-0.282066,1.574710
