label,x,y,z,w,h,l,roll,pitch,yaw
250,0.338716,0.302173,-0.514940,0.021712,0.024204,0.021977,-0.574663,0.866578,0.866480
250,0.125867,0.270722,-0.465522,0.034190,0.032356,0.034767,0.480164,-0.565672,1.576299
125,-0.068949,0.108600,-0.218226,0.009707,0.010822,0.009826,-0.904873,-0.495639,-0.357583
250,-0.084456,0.206555,-0.366705,0.029705,0.026112,0.028399,-1.100473,-0.570028,1.560177
125,0.356359,0.229917,-0.413253,0.018354,0.016135,0.017548,-0.756248,-0.456594,1.434273
125,0.297239,0.269283,-0.480110,0.010982,0.010458,0.011354,-0.485847,0.908967,0.980908
125,0.042967,0.155261,-0.293532,0.023241,0.020431,0.022220,1.547877,-0.582999,1.808506
250,-0.044123,0.240508,-0.414248,0.035192,0.030936,0.033645,-0.874596,-0.471003,1.416431
