label,x,y,z,w,h,l,roll,pitch,yaw
250,0.303716,0.218703,-0.555895,0.021712,0.024204,0.021977,-0.740155,0.970415,0.734677
250,0.090867,0.194682,-0.502469,0.034190,0.032356,0.034767,0.481030,-0.421440,1.575888
125,-0.103949,0.069788,-0.234438,0.009707,0.010822,0.009826,-1.062590,-0.540903,-0.279310
250,-0.119456,0.145385,-0.395455,0.029705,0.026112,0.028399,-1.102149,-0.425802,1.560980
125,0.321359,0.161813,-0.444877,0.018354,0.016135,0.017548,-0.776814,-0.313622,1.442019
125,0.262239,0.191162,-0.516699,0.010982,0.010458,0.011354,-0.640177,1.023786,0.853629
125,0.007967,0.105141,-0.315669,0.023241,0.020431,0.022220,1.585339,-0.442495,1.790081
250,-0.079123,0.172152,-0.447385,0.035192,0.030936,0.033645,-0.897945,-0.328378,1.425540
