label,x,y,z,w,h,l,roll,pitch,yaw
250,0.055867,0.136788,-0.527022,0.034190,0.032356,0.034767,0.481141,-0.401392,1.575843
125,-0.138949,0.017292,-0.256542,0.009707,0.010822,0.009826,-1.085146,-0.546318,-0.267644
250,-0.154456,0.089646,-0.419042,0.029705,0.026112,0.028399,-1.102363,-0.405754,1.561066
125,0.286359,0.105080,-0.468784,0.018354,0.016135,0.017548,-0.779504,-0.293738,1.442823
125,0.329867,0.062554,-0.368852,0.023363,0.022248,0.024156,-1.332644,-0.345247,1.135104
125,-0.027033,0.051009,-0.338465,0.023241,0.020431,0.022220,1.590122,-0.422922,1.788075
250,-0.114123,0.115366,-0.471498,0.035192,0.030936,0.033645,-0.900991,-0.308538,1.426494
