label,x,y,z,w,h,l,roll,pitch,yaw
250,0.233716,0.282933,-0.529435,0.021712,0.024204,0.021977,-0.545157,0.843264,0.888745
250,0.020867,0.250000,-0.480993,0.034190,0.032356,0.034767,0.479962,-0.595976,1.576410
125,-0.173949,0.080459,-0.238723,0.009707,0.010822,0.009826,-0.872787,-0.484817,-0.372691
250,-0.189456,0.182868,-0.384165,0.029705,0.026112,0.028399,-1.100083,-0.600331,1.559962
125,0.251359,0.207629,-0.429984,0.018354,0.016135,0.017548,-0.751582,-0.486612,1.432153
125,0.294867,0.146583,-0.340162,0.023363,0.022248,0.024156,-1.238462,-0.520133,1.095437
125,-0.062033,0.129380,-0.312580,0.023241,0.020431,0.022220,1.539157,-0.612434,1.813413
125,0.311482,0.125377,-0.310743,0.009707,0.010822,0.009826,-0.962589,-0.098454,-0.068331
250,-0.149123,0.218246,-0.430658,0.035192,0.030936,0.033645,-0.869285,-0.500941,1.413950
