label,x,y,z,w,h,l,roll,pitch,yaw
250,0.198716,0.124392,-0.594041,0.021712,0.024204,0.021977,-0.790675,0.994695,0.692643
250,-0.014133,0.102368,-0.539762,0.034190,0.032356,0.034767,0.481234,-0.384360,1.575808
125,-0.208949,-0.012504,-0.267285,0.009707,0.010822,0.009826,-1.104422,-0.550740,-0.257592
250,-0.224456,0.057071,-0.430994,0.029705,0.026112,0.028399,-1.102542,-0.388723,1.561136
125,0.216359,0.071657,-0.480991,0.018354,0.016135,0.017548,-0.781764,-0.276845,1.443459
125,-0.097033,0.019813,-0.349771,0.023241,0.020431,0.022220,1.594118,-0.406288,1.786465
250,-0.184123,0.081895,-0.483880,0.035192,0.030936,0.033645,-0.903548,-0.291682,1.427250
