label,x,y,z,w,h,l,roll,pitch,yaw
250,0.128716,0.318029,-0.505014,0.021712,0.024204,0.021977,-0.546993,0.844765,0.887373
250,-0.084133,0.285189,-0.456508,0.034190,0.032356,0.034767,0.479975,-0.594043,1.576402
250,-0.294456,0.218245,-0.359551,0.029705,0.026112,0.028399,-1.100108,-0.598398,1.559976
125,0.146359,0.242918,-0.405418,0.018354,0.016135,0.017548,-0.751884,-0.484697,1.432294
125,0.087239,0.284165,-0.471131,0.010982,0.010458,0.011354,-0.460919,0.885236,1.000391
125,0.189867,0.182045,-0.315477,0.023363,0.022248,0.024156,-1.239481,-0.518414,1.095942
125,-0.167033,0.164896,-0.287863,0.023241,0.020431,0.022220,1.539724,-0.610557,1.813088
125,0.206482,0.160896,-0.286018,0.009707,0.010822,0.009826,-0.964528,-0.098585,-0.068140
250,-0.254123,0.253533,-0.406112,0.035192,0.030936,0.033645,-0.869628,-0.499031,1.414115
