label,x,y,z,w,h,l,roll,pitch,yaw
250,0.093716,0.306494,-0.511804,0.021712,0.024204,0.021977,-0.579253,0.870056,0.862976
250,-0.119133,0.275270,-0.462242,0.034190,0.032356,0.034767,0.480193,-0.561101,1.576283
250,-0.329456,0.211555,-0.363133,0.029705,0.026112,0.028399,-1.100531,-0.565458,1.560208
125,0.111359,0.234704,-0.409787,0.018354,0.016135,0.017548,-0.756939,-0.452065,1.434577
125,0.052239,0.273764,-0.476824,0.010982,0.010458,0.011354,-0.490004,0.912761,0.977623
125,0.154867,0.176826,-0.317891,0.023363,0.022248,0.024156,-1.256540,-0.489054,1.104178
125,-0.202033,0.160596,-0.289727,0.023241,0.020431,0.022220,1.549163,-0.578556,1.807800
125,0.171482,0.156659,-0.287751,0.009707,0.010822,0.009826,-0.997561,-0.100775,-0.064853
250,-0.289123,0.245290,-0.410831,0.035192,0.030936,0.033645,-0.875383,-0.466486,1.416786
