label,x,y,z,w,h,l,roll,pitch,yaw
250,0.058716,0.240929,-0.546724,0.021712,0.024204,0.021977,-0.679727,0.937218,0.783976
250,-0.154133,0.214361,-0.494518,0.034190,0.032356,0.034767,0.480755,-0.469641,1.576006
250,-0.364456,0.159965,-0.390004,0.029705,0.026112,0.028399,-1.101617,-0.474001,1.560749
125,0.076359,0.178756,-0.438577,0.018354,0.016135,0.017548,-0.770199,-0.361417,1.439828
125,0.017239,0.211531,-0.508901,0.010982,0.010458,0.011354,-0.582720,0.986686,0.902152
125,0.119867,0.129513,-0.341779,0.023363,0.022248,0.024156,-1.301297,-0.406959,1.123584
125,-0.237033,0.115924,-0.312250,0.023241,0.020431,0.022220,1.573463,-0.489515,1.795418
125,0.136482,0.112183,-0.309923,0.009707,0.010822,0.009826,-1.089349,-0.106273,-0.055361
250,-0.324123,0.189203,-0.440584,0.035192,0.030936,0.033645,-0.890447,-0.376062,1.422953
