label,x,y,z,w,h,l,roll,pitch,yaw
250,0.023716,0.195207,-0.568157,0.021712,0.024204,0.021977,-0.709974,0.954438,0.759445
250,-0.189133,0.169937,-0.515311,0.034190,0.032356,0.034767,0.480898,-0.444951,1.575943
250,-0.399456,0.118137,-0.409485,0.029705,0.026112,0.028399,-1.101893,-0.449311,1.560871
125,0.041359,0.135723,-0.458508,0.018354,0.016135,0.017548,-0.773616,-0.336936,1.440997
125,-0.017761,0.166752,-0.529619,0.010982,0.010458,0.011354,-0.611312,1.005877,0.878148
125,0.084867,0.088885,-0.360523,0.023363,0.022248,0.024156,-1.312816,-0.384673,1.128026
125,-0.272033,0.076029,-0.330668,0.023241,0.020431,0.022220,1.579617,-0.465437,1.792590
125,0.101482,0.072347,-0.328249,0.009707,0.010822,0.009826,-1.114146,-0.107606,-0.052714
250,-0.359123,0.146118,-0.460772,0.035192,0.030936,0.033645,-0.894321,-0.351638,1.424332
