label,x,y,z,w,h,l,roll,pitch,yaw
250,-0.011284,0.237133,-0.559319,0.021712,0.024204,0.021977,-0.555268,0.851443,0.881167
125,-0.052761,0.203562,-0.525145,0.010982,0.010458,0.011354,-0.468350,0.892490,0.994622
125,0.049867,0.102790,-0.368615,0.023363,0.022248,0.024156,-1.244006,-0.510730,1.098169
125,-0.307033,0.085880,-0.340853,0.023241,0.020431,0.022220,1.542238,-0.602173,1.811655
125,0.066482,0.081896,-0.338974,0.009707,0.010822,0.009826,-0.973185,-0.099170,-0.067286
250,-0.394123,0.173493,-0.459864,0.035192,0.030936,0.033645,-0.871156,-0.490502,1.414840
