label,x,y,z,w,h,l,roll,pitch,yaw
125,-0.104990,0.168628,-0.490997,0.010000,0.008791,0.009561,-0.212288,1.044535,1.326511
125,-0.122911,0.212067,-0.553328,0.029789,0.026187,0.028480,-0.005920,-0.310598,1.569429
125,0.078226,0.059748,-0.285291,0.031124,0.029639,0.032181,-1.775744,-0.576335,1.309065
250,-0.265655,0.061817,-0.286647,0.029705,0.026112,0.028399,2.028700,-0.517713,1.581093
250,0.067324,0.115656,-0.382014,0.030073,0.035065,0.035098,-1.086614,-0.268128,0.861750
250,-0.072964,0.161404,-0.457889,0.039923,0.037781,0.040597,-0.384847,-0.504005,1.566487
