label,x,y,z,w,h,l,roll,pitch,yaw
125,-0.245879,0.099771,-0.447666,0.009707,0.010822,0.009826,1.240428,0.578195,2.956323
125,-0.069990,0.108513,-0.499820,0.010000,0.008791,0.009561,-0.406425,1.270551,1.147491
125,-0.087911,0.136022,-0.570640,0.029789,0.026187,0.028480,-0.006243,-0.072448,1.569491
125,0.113226,0.051234,-0.274234,0.031124,0.029639,0.032181,-1.840661,-0.345335,1.338135
250,-0.230656,0.052924,-0.276041,0.029705,0.026112,0.028399,2.031227,-0.279574,1.580105
250,0.102324,0.082747,-0.381417,0.030073,0.035065,0.035098,-1.241387,-0.084901,0.889095
125,-0.357936,0.074069,-0.363072,0.023241,0.020431,0.022220,-1.411780,-0.248734,1.366523
250,-0.037964,0.109304,-0.465942,0.039923,0.037781,0.040597,-0.385901,-0.265857,1.566886
