label,x,y,z,w,h,l,roll,pitch,yaw
125,-0.034990,0.062580,-0.517811,0.010000,0.008791,0.009561,-0.343959,1.222625,1.206722
125,-0.052911,0.093724,-0.587109,0.029789,0.026187,0.028480,-0.006175,-0.124320,1.569484
125,0.148226,-0.006318,-0.295499,0.031124,0.029639,0.032181,-1.827704,-0.395782,1.333441
250,-0.195656,-0.004537,-0.297215,0.029705,0.026112,0.028399,2.030717,-0.331444,1.580259
250,0.137324,0.030709,-0.400903,0.030073,0.035065,0.035098,-1.208452,-0.125127,0.885642
125,-0.322936,0.021092,-0.383033,0.023241,0.020431,0.022220,-1.400772,-0.299512,1.363542
250,-0.002964,0.061614,-0.483938,0.039923,0.037781,0.040597,-0.385687,-0.317729,1.566824
250,-0.236081,-0.020738,-0.241151,0.035192,0.030936,0.033645,2.132830,-0.421171,1.721670
