label,x,y,z,w,h,l,roll,pitch,yaw
125,-0.175879,0.069983,-0.456399,0.009707,0.010822,0.009826,1.232995,0.577015,2.952264
125,0.000010,0.079055,-0.508497,0.010000,0.008791,0.009561,-0.397784,1.264763,1.155738
125,-0.017911,0.107012,-0.579140,0.029789,0.026187,0.028480,-0.006235,-0.078785,1.569490
125,0.183226,0.020348,-0.283278,0.031124,0.029639,0.032181,-1.839105,-0.351501,1.337604
250,-0.160655,0.022049,-0.285074,0.029705,0.026112,0.028399,2.031166,-0.285912,1.580122
250,0.172324,0.052539,-0.390259,0.030073,0.035065,0.035098,-1.237377,-0.089821,0.888745
125,-0.287936,0.043745,-0.371970,0.023241,0.020431,0.022220,-1.410451,-0.254939,1.366192
250,0.032036,0.079631,-0.474614,0.039923,0.037781,0.040597,-0.385875,-0.272194,1.566879
250,-0.201081,0.008416,-0.228331,0.035192,0.030936,0.033645,2.140186,-0.376144,1.718814
