label,x,y,z,w,h,l,roll,pitch,yaw
125,-0.140879,0.196693,-0.414877,0.009707,0.010822,0.009826,0.965521,0.516055,2.812578
125,0.035010,0.217707,-0.463404,0.010000,0.008791,0.009561,-0.210166,1.040226,1.328344
125,0.017089,0.261422,-0.525542,0.029789,0.026187,0.028480,-0.005913,-0.315037,1.569427
125,0.218226,0.107916,-0.258183,0.031124,0.029639,0.032181,-1.774370,-0.580623,1.308314
250,-0.125656,0.109990,-0.259531,0.029705,0.026112,0.028399,2.028647,-0.522152,1.581119
250,0.207324,0.164252,-0.354657,0.030073,0.035065,0.035098,-1.083613,-0.271496,0.860950
125,-0.252936,0.151422,-0.338934,0.023241,0.020431,0.022220,-1.356645,-0.485841,1.346581
250,0.067036,0.210337,-0.430328,0.039923,0.037781,0.040597,-0.384825,-0.508444,1.566476
250,-0.166081,0.083454,-0.207554,0.035192,0.030936,0.033645,2.098075,-0.609490,1.738876
