label,x,y,z,w,h,l,roll,pitch,yaw
125,0.052089,0.131621,-0.579280,0.029789,0.026187,0.028480,-0.006094,-0.185307,1.569471
125,0.253226,0.013992,-0.294309,0.031124,0.029639,0.032181,-1.811749,-0.455013,1.326854
250,-0.090655,0.015874,-0.295914,0.029705,0.026112,0.028399,2.030093,-0.392429,1.580480
250,0.242324,0.057374,-0.397261,0.030073,0.035065,0.035098,-1.169295,-0.172245,0.879839
125,-0.217936,0.046686,-0.380010,0.023241,0.020431,0.022220,-1.387374,-0.359168,1.359207
250,0.102036,0.093282,-0.478258,0.039923,0.037781,0.040597,-0.385427,-0.378716,1.566735
250,-0.131081,-0.003714,-0.240941,0.035192,0.030936,0.033645,2.122494,-0.481446,1.726180
