label,x,y,z,w,h,l,roll,pitch,yaw
125,-0.070879,0.191607,-0.422942,0.009707,0.010822,0.009826,0.884516,0.490252,2.773498
125,0.105010,0.216222,-0.469746,0.010000,0.008791,0.009561,-0.178279,0.966685,1.355254
125,0.087089,0.264499,-0.528409,0.029789,0.026187,0.028480,-0.005802,-0.390540,1.569388
125,0.288226,0.091263,-0.273391,0.031124,0.029639,0.032181,-1.749717,-0.653403,1.294040
250,-0.055655,0.093433,-0.274578,0.029705,0.026112,0.028399,2.027705,-0.597652,1.581620
250,0.277324,0.154716,-0.365340,0.030073,0.035065,0.035098,-1.031654,-0.328397,0.845589
125,-0.182936,0.140737,-0.350630,0.023241,0.020431,0.022220,-1.336857,-0.559374,1.336696
250,0.137036,0.206377,-0.437320,0.039923,0.037781,0.040597,-0.384435,-0.583947,1.566274
250,-0.096081,0.063052,-0.224751,0.035192,0.030936,0.033645,2.081794,-0.683868,1.748692
