label,x,y,z,w,h,l,roll,pitch,yaw
125,0.140010,0.248683,-0.446909,0.010000,0.008791,0.009561,-0.185908,0.985910,1.348934
125,0.122089,0.295796,-0.506511,0.029789,0.026187,0.028480,-0.005831,-0.370846,1.569399
250,-0.020656,0.129762,-0.249361,0.029705,0.026112,0.028399,2.027960,-0.577959,1.581479
250,0.312324,0.189246,-0.341312,0.030073,0.035065,0.035098,-1.045387,-0.313629,0.849922
125,-0.147936,0.175559,-0.326330,0.023241,0.020431,0.022220,-1.342183,-0.540210,1.339480
250,0.172036,0.239479,-0.414295,0.039923,0.037781,0.040597,-0.384540,-0.564253,1.566331
250,-0.061081,0.100368,-0.198945,0.035192,0.030936,0.033645,2.086221,-0.664480,1.745929
