label,x,y,z,w,h,l,roll,pitch,yaw
250,-0.196166,0.008212,-0.190841,0.034190,0.032356,0.034767,-2.656857,-0.606772,1.565159
125,0.175010,0.197919,-0.482625,0.010000,0.008791,0.009561,-0.176520,0.962089,1.356700
125,0.157089,0.246472,-0.541060,0.029789,0.026187,0.028480,-0.005795,-0.395244,1.569385
250,0.014345,0.074213,-0.288037,0.029705,0.026112,0.028399,2.027644,-0.602355,1.581655
250,0.347324,0.135923,-0.378510,0.030073,0.035065,0.035098,-1.028354,-0.331915,0.844519
125,-0.112936,0.121874,-0.363866,0.023241,0.020431,0.022220,-1.335566,-0.563949,1.336009
250,0.207036,0.187922,-0.450246,0.039923,0.037781,0.040597,-0.384409,-0.588651,1.566259
250,-0.026081,0.043599,-0.238354,0.035192,0.030936,0.033645,2.080716,-0.688498,1.749375
