label,x,y,z,w,h,l,roll,pitch,yaw
250,-0.161166,-0.064930,-0.186025,0.034190,0.032356,0.034767,-2.658762,-0.275640,1.565983
250,0.049345,-0.034114,-0.299399,0.029705,0.026112,0.028399,2.031308,-0.271236,1.580083
250,0.382324,-0.005171,-0.405020,0.030073,0.035065,0.035098,-1.246657,-0.078424,0.889525
125,-0.077936,-0.013695,-0.386604,0.023241,0.020431,0.022220,-1.413521,-0.240568,1.366945
250,0.242036,0.020680,-0.489764,0.039923,0.037781,0.040597,-0.385934,-0.257518,1.566894
250,0.008919,-0.046913,-0.242461,0.035192,0.030936,0.033645,2.142500,-0.361627,1.717979
