label,x,y,z,w,h,l,roll,pitch,yaw
250,-0.126166,0.040859,-0.164933,0.034190,0.032356,0.034767,-2.657218,-0.552309,1.565356
125,0.069121,0.192145,-0.418641,0.009707,0.010822,0.009826,0.937642,0.507570,2.798923
125,0.245010,0.214401,-0.466612,0.010000,0.008791,0.009561,-0.198449,1.015204,1.338376
125,0.227089,0.259701,-0.527603,0.029789,0.026187,0.028480,-0.005876,-0.340781,1.569415
250,0.084345,0.101471,-0.265578,0.029705,0.026112,0.028399,2.028336,-0.547895,1.581278
125,-0.042936,0.144934,-0.343889,0.023241,0.020431,0.022220,-1.350084,-0.510932,1.343444
250,0.277036,0.206182,-0.433736,0.039923,0.037781,0.040597,-0.384696,-0.534188,1.566412
250,0.043919,0.073607,-0.214302,0.035192,0.030936,0.033645,2.092726,-0.634864,1.741993
