label,x,y,z,w,h,l,roll,pitch,yaw
250,-0.091166,0.039256,-0.163998,0.034190,0.032356,0.034767,-2.657425,-0.519316,1.565462
125,0.104121,0.182090,-0.422559,0.009707,0.010822,0.009826,0.973419,0.518384,2.816483
125,0.280010,0.202751,-0.471237,0.010000,0.008791,0.009561,-0.213648,1.047261,1.325335
125,0.262089,0.246015,-0.533690,0.029789,0.026187,0.028480,-0.005924,-0.307787,1.569430
250,0.119344,0.096515,-0.266588,0.029705,0.026112,0.028399,2.028733,-0.514903,1.581077
125,-0.007936,0.137371,-0.346290,0.023241,0.020431,0.022220,-1.358462,-0.478772,1.347423
250,0.312036,0.195621,-0.438108,0.039923,0.037781,0.040597,-0.384861,-0.501195,1.566494
250,0.078919,0.070357,-0.214420,0.035192,0.030936,0.033645,2.099546,-0.602342,1.738037
