label,x,y,z,w,h,l,roll,pitch,yaw
250,-0.056166,0.004110,-0.174121,0.034190,0.032356,0.034767,-2.658088,-0.404681,1.565758
125,0.139121,0.116431,-0.447323,0.009707,0.010822,0.009826,1.101026,0.551495,2.881610
125,0.315010,0.131389,-0.498045,0.010000,0.008791,0.009561,-0.282929,1.157607,1.263416
250,0.154344,0.049259,-0.282587,0.029705,0.026112,0.028399,2.030010,-0.400272,1.580512
125,-0.329888,0.067015,-0.337596,0.023363,0.022248,0.024156,1.471832,-0.390524,2.014758
125,0.027064,0.080730,-0.366440,0.023241,0.020431,0.022220,-1.385610,-0.366836,1.358580
125,-0.346445,0.080345,-0.371351,0.009707,0.010822,0.009826,1.172340,0.111947,3.094599
250,0.347036,0.128095,-0.464318,0.039923,0.037781,0.040597,-0.385392,-0.386560,1.566722
250,0.113919,0.029240,-0.227770,0.035192,0.030936,0.033645,2.121119,-0.489195,1.726821
