label,x,y,z,w,h,l,roll,pitch,yaw
250,-0.059108,-0.031383,-0.139551,0.021712,0.024204,0.021977,0.614966,-0.893787,-2.307026
250,0.153834,-0.001193,-0.189353,0.034190,0.032356,0.034767,-2.657258,-0.546009,1.565377
125,0.349121,0.148491,-0.444010,0.009707,0.010822,0.009826,0.944440,0.509677,2.802234
125,0.507089,0.215360,-0.553395,0.029789,0.026187,0.028480,-0.005885,-0.334481,1.569418
125,-0.076553,0.027768,-0.249411,0.018354,0.016135,0.017548,2.230293,-0.645477,1.724551
125,-0.017556,-0.014769,-0.184413,0.010982,0.010458,0.011354,0.522978,-0.938946,-2.191160
125,-0.119888,0.084111,-0.342337,0.023363,0.022248,0.024156,1.402167,-0.517265,2.045375
125,0.237064,0.101752,-0.368961,0.023241,0.020431,0.022220,-1.351707,-0.504793,1.344233
125,-0.136445,0.102063,-0.373878,0.009707,0.010822,0.009826,1.030392,0.104212,3.079262
