label,x,y,z,w,h,l,roll,pitch,yaw
250,0.477204,0.168590,-0.474488,0.027907,0.031111,0.028248,0.570658,-0.408738,1.576705
125,0.175011,0.183869,-0.502242,0.031963,0.037268,0.037303,-0.263977,-0.407495,1.567943
250,-0.072205,0.140416,-0.400791,0.034584,0.040324,0.040362,1.209949,-0.413635,1.581030
250,0.039251,0.114580,-0.350275,0.033322,0.031732,0.034453,1.375908,-0.415231,1.581527
