label,x,y,z,w,h,l,roll,pitch,yaw
125,0.003029,-0.009345,-0.337347,0.013122,0.011535,0.012545,1.439709,-0.397723,2.610569
125,-0.000675,0.033185,-0.446955,0.022214,0.025901,0.025925,0.929846,-0.192398,1.762517
125,0.016885,0.013256,-0.376574,0.028658,0.033415,0.033446,1.463781,-0.323155,1.581286
125,0.089260,-0.051508,-0.184302,0.029944,0.026323,0.028628,2.950404,-0.451682,1.596730
250,0.118389,0.085388,-0.589654,0.034518,0.032871,0.035690,0.027449,-0.314210,1.571086
250,0.001479,0.060382,-0.527782,0.026400,0.024983,0.026846,0.625728,-0.316106,1.576975
125,0.152789,-0.037874,-0.257595,0.010000,0.008791,0.009561,-2.906475,-0.333932,1.568339
250,0.220875,-0.017888,-0.289390,0.025327,0.029531,0.029559,-2.272195,-0.330669,1.562737
250,0.041255,-0.053156,-0.167428,0.037437,0.041734,0.037894,2.734074,-0.483423,1.642545
