label,x,y,z,w,h,l,roll,pitch,yaw
125,0.155694,0.181087,-0.394239,0.026059,0.024815,0.026943,-0.876761,-0.477818,1.562112
125,0.019260,0.055892,-0.149393,0.029944,0.026323,0.028628,2.945358,-0.611616,1.599296
250,0.153039,0.073481,-0.184659,0.027907,0.031111,0.028248,-2.564077,-0.492585,1.564628
250,0.048389,0.255616,-0.527759,0.034518,0.032871,0.035690,0.027397,-0.474202,1.571106
125,0.082789,0.081028,-0.219577,0.010000,0.008791,0.009561,-2.906031,-0.493924,1.568160
250,0.150875,0.105824,-0.247782,0.025327,0.029531,0.029559,-2.270739,-0.490656,1.562154
250,-0.028745,0.051577,-0.132996,0.037437,0.041734,0.037894,2.719803,-0.642962,1.650188
