label,x,y,z,w,h,l,roll,pitch,yaw
125,-0.194306,0.026555,-0.446306,0.026059,0.024815,0.026943,-0.878324,-0.305374,1.562710
125,-0.420675,0.026645,-0.447295,0.022214,0.025901,0.025925,0.932259,-0.180169,1.762070
250,-0.196961,-0.043493,-0.221370,0.027907,0.031111,0.028248,-2.565192,-0.320138,1.565070
250,-0.301611,0.077067,-0.590634,0.034518,0.032871,0.035690,0.027453,-0.301753,1.571085
125,-0.058458,-0.027919,-0.270910,0.031280,0.029602,0.031808,2.008391,-0.316000,1.580313
125,0.105281,-0.050433,-0.190949,0.031963,0.037268,0.037303,2.877209,-0.321402,1.573542
250,0.240776,-0.000833,-0.350658,0.033322,0.031732,0.034453,-1.756577,-0.313612,1.560471
250,-0.199125,-0.022461,-0.289106,0.025327,0.029531,0.029559,-2.272301,-0.318212,1.562771
