label,x,y,z,w,h,l,roll,pitch,yaw
125,-0.229306,0.040169,-0.440113,0.026059,0.024815,0.026943,-0.878477,-0.287167,1.562755
250,-0.231961,-0.025771,-0.213939,0.027907,0.031111,0.028248,-2.565301,-0.301930,1.565104
250,-0.336611,0.088045,-0.585337,0.034518,0.032871,0.035690,0.027458,-0.283545,1.571083
250,-0.453520,0.064948,-0.522727,0.026400,0.024983,0.026846,0.625926,-0.285442,1.576917
125,-0.093458,-0.011103,-0.263755,0.031280,0.029602,0.031808,2.008572,-0.297793,1.580258
125,0.070281,-0.032157,-0.183397,0.031963,0.037268,0.037303,2.877262,-0.303195,1.573526
250,0.205776,0.014527,-0.343982,0.033322,0.031732,0.034453,-1.756774,-0.295405,1.560530
250,-0.234125,-0.005977,-0.282047,0.025327,0.029531,0.029559,-2.272453,-0.300005,1.562817
