label,x,y,z,w,h,l,roll,pitch,yaw
125,-0.264306,0.109647,-0.429970,0.026059,0.024815,0.026943,-0.876887,-0.464877,1.562169
250,-0.371611,0.182441,-0.564442,0.034518,0.032871,0.035690,0.027401,-0.461261,1.571104
250,-0.488520,0.148640,-0.506901,0.026400,0.024983,0.026846,0.624716,-0.463155,1.577361
125,-0.128458,0.028006,-0.265453,0.031280,0.029602,0.031808,2.006690,-0.475501,1.580970
125,0.035281,-0.006923,-0.190082,0.031963,0.037268,0.037303,2.876718,-0.480911,1.573735
250,0.282321,0.044584,-0.288136,0.034584,0.040324,0.040362,-1.921119,-0.474712,1.560255
250,-0.269125,0.036285,-0.282551,0.025327,0.029531,0.029559,-2.270865,-0.477715,1.562213
