label,x,y,z,w,h,l,roll,pitch,yaw
125,-0.299306,0.182155,-0.395625,0.026059,0.024815,0.026943,-0.876170,-0.536315,1.561825
250,-0.406611,0.264362,-0.524559,0.034518,0.032871,0.035690,0.027376,-0.532702,1.571116
125,0.163035,0.142720,-0.343373,0.010046,0.011714,0.011725,-1.022780,0.132209,0.080290
125,-0.163458,0.088979,-0.237356,0.031280,0.029602,0.031808,2.005840,-0.546938,1.581387
125,0.000281,0.048759,-0.164671,0.031963,0.037268,0.037303,2.876471,-0.552351,1.573856
250,0.247321,0.107134,-0.258797,0.034584,0.040324,0.040362,-1.920238,-0.546149,1.559824
250,0.135776,0.133600,-0.308786,0.033322,0.031732,0.034453,-1.753814,-0.544548,1.559314
