label,x,y,z,w,h,l,roll,pitch,yaw
125,-0.334306,0.146025,-0.416731,0.026059,0.024815,0.026943,-0.876236,-0.530030,1.561858
250,-0.441611,0.227421,-0.546178,0.034518,0.032871,0.035690,0.027378,-0.526417,1.571115
125,0.128035,0.106920,-0.364232,0.010046,0.011714,0.011725,-1.029101,0.132711,0.079455
125,-0.198458,0.053846,-0.257878,0.031280,0.029602,0.031808,2.005918,-0.540653,1.581347
125,-0.034718,0.014084,-0.184942,0.031963,0.037268,0.037303,2.876494,-0.546066,1.573845
250,0.212321,0.071866,-0.279434,0.034584,0.040324,0.040362,-1.920319,-0.539864,1.559866
250,0.100776,0.098018,-0.329587,0.033322,0.031732,0.034453,-1.753898,-0.538262,1.559357
