label,x,y,z,w,h,l,roll,pitch,yaw
125,-0.369306,0.043026,-0.438627,0.026059,0.024815,0.026943,-0.878525,-0.281433,1.562768
250,-0.476611,0.090068,-0.584123,0.034518,0.032871,0.035690,0.027460,-0.277811,1.571083
125,0.093035,0.018040,-0.378120,0.010046,0.011714,0.011725,-1.279709,0.148153,0.044195
125,-0.233458,-0.007234,-0.261978,0.031280,0.029602,0.031808,2.008628,-0.292059,1.580242
125,-0.069718,-0.027827,-0.181500,0.031963,0.037268,0.037303,2.877278,-0.297461,1.573521
250,0.177321,0.004928,-0.287304,0.034584,0.040324,0.040362,-1.923126,-0.291271,1.561008
250,0.065776,0.017936,-0.342351,0.033322,0.031732,0.034453,-1.756835,-0.289671,1.560547
