label,x,y,z,w,h,l,roll,pitch,yaw
125,-0.404306,0.136586,-0.411218,0.026059,0.024815,0.026943,-0.877816,-0.364095,1.562543
250,-0.511611,0.195482,-0.552332,0.034518,0.032871,0.035690,0.027434,-0.360476,1.571091
125,0.058035,0.106690,-0.352980,0.010046,0.011714,0.011725,-1.196260,0.143997,0.056349
125,-0.104718,0.044745,-0.160819,0.031963,0.037268,0.037303,2.877036,-0.380125,1.573602
250,0.142321,0.086125,-0.263557,0.034584,0.040324,0.040362,-1.922258,-0.373932,1.560725
250,0.030776,0.103632,-0.317342,0.033322,0.031732,0.034453,-1.755927,-0.372331,1.560252
