label,x,y,z,w,h,l,roll,pitch,yaw
125,-0.439306,0.089004,-0.427891,0.026059,0.024815,0.026943,-0.878034,-0.339207,1.562618
250,-0.546611,0.144370,-0.570427,0.034518,0.032871,0.035690,0.027442,-0.335587,1.571088
125,0.023035,0.060566,-0.368928,0.010046,0.011714,0.011725,-1.221374,0.145353,0.052728
125,-0.139718,0.003422,-0.175284,0.031963,0.037268,0.037303,2.877111,-0.355236,1.573575
250,0.107321,0.042233,-0.279020,0.034584,0.040324,0.040362,-1.922525,-0.349044,1.560819
250,-0.004224,0.058397,-0.333224,0.033322,0.031732,0.034453,-1.756206,-0.347444,1.560350
