label,x,y,z,w,h,l,roll,pitch,yaw
125,-0.011965,0.092959,-0.358416,0.010046,0.011714,0.011725,-1.192779,0.143801,0.056848
125,-0.174718,0.030351,-0.166469,0.031963,0.037268,0.037303,2.877026,-0.383575,1.573605
250,0.072321,0.072085,-0.269064,0.034584,0.040324,0.040362,-1.922221,-0.377382,1.560711
250,-0.039224,0.089778,-0.322788,0.033322,0.031732,0.034453,-1.755888,-0.375781,1.560238
