label,x,y,z,w,h,l,roll,pitch,yaw
125,-0.155826,0.045390,-0.268821,0.026059,0.024815,0.026943,2.256191,-0.376554,1.579101
125,0.070541,0.044706,-0.267660,0.022214,0.025901,0.025925,-2.074824,-0.489253,1.357520
125,0.053098,0.074443,-0.334523,0.028658,0.033415,0.033446,-1.672202,-0.371244,1.560125
125,-0.018955,0.147760,-0.523820,0.029944,0.026323,0.028628,-0.175623,-0.242573,1.546552
250,-0.048765,-0.006429,-0.124776,0.034518,0.032871,0.035690,-3.115543,-0.380210,1.570517
250,0.068251,0.013883,-0.188149,0.026400,0.024983,0.026846,-2.513207,-0.378310,1.564491
125,-0.291382,0.113733,-0.439525,0.031280,0.029602,0.031808,-1.128368,-0.365947,1.561103
125,-0.454989,0.146750,-0.516036,0.031963,0.037268,0.037303,-0.264120,-0.360561,1.567996
250,0.029076,0.157265,-0.537771,0.037437,0.041734,0.037894,-0.362116,-0.209602,1.505599
