label,x,y,z,w,h,l,roll,pitch,yaw
125,0.471045,0.241689,-0.486407,0.029944,0.026323,0.028628,-0.171117,-0.413536,1.545095
250,0.337204,0.220772,-0.453258,0.027907,0.031111,0.028248,0.569809,-0.532818,1.577091
125,-0.128063,0.125526,-0.312479,0.010046,0.011714,0.011725,1.024367,-0.130966,-3.062332
125,0.198618,0.193813,-0.409131,0.031280,0.029602,0.031808,-1.126448,-0.536955,1.560262
125,0.035011,0.239369,-0.478907,0.031963,0.037268,0.037303,-0.263568,-0.531577,1.567757
250,-0.212205,0.183694,-0.383615,0.034584,0.040324,0.040362,1.208475,-0.537711,1.581707
250,-0.100749,0.151805,-0.336684,0.033322,0.031732,0.034453,1.374360,-0.539307,1.582240
125,0.407399,0.194777,-0.428597,0.010000,0.008791,0.009561,0.231363,-0.531497,1.573472
250,0.339255,0.183582,-0.392860,0.025327,0.029531,0.029559,0.860680,-0.534727,1.579644
