label,x,y,z,w,h,l,roll,pitch,yaw
125,0.506045,0.112626,-0.531987,0.029944,0.026323,0.028628,-0.177284,-0.175048,1.546896
250,0.372204,0.100135,-0.494834,0.027907,0.031111,0.028248,0.571363,-0.294261,1.576462
125,-0.093063,0.040852,-0.335535,0.010046,0.011714,0.011725,1.264770,-0.145961,-3.095672
125,0.070011,0.112144,-0.524152,0.031963,0.037268,0.037303,-0.264318,-0.293017,1.568060
250,-0.177205,0.080563,-0.418402,0.034584,0.040324,0.040362,1.211173,-0.299163,1.580602
250,-0.065749,0.060668,-0.365265,0.033322,0.031732,0.034453,1.377192,-0.300760,1.581077
125,0.442399,0.080703,-0.464729,0.010000,0.008791,0.009561,0.232024,-0.292937,1.573205
250,0.374255,0.078270,-0.427358,0.025327,0.029531,0.029559,0.862866,-0.296175,1.578755
250,0.554076,0.121168,-0.546547,0.037437,0.041734,0.037894,-0.366558,-0.142199,1.506376
