label,x,y,z,w,h,l,roll,pitch,yaw
125,0.541045,0.117601,-0.533223,0.029944,0.026323,0.028628,-0.176169,-0.220598,1.546677
250,0.407204,0.103430,-0.496678,0.027907,0.031111,0.028248,0.571089,-0.339824,1.576547
125,-0.058063,0.036953,-0.340245,0.010046,0.011714,0.011725,1.218780,-0.143718,-3.089033
125,0.268618,0.085435,-0.448200,0.031280,0.029602,0.031808,-1.128595,-0.343967,1.561181
125,0.105011,0.116762,-0.525418,0.031963,0.037268,0.037303,-0.264186,-0.338580,1.568019
250,-0.142205,0.080397,-0.421216,0.034584,0.040324,0.040362,1.210698,-0.344724,1.580753
250,-0.030749,0.058102,-0.369041,0.033322,0.031732,0.034453,1.376694,-0.346321,1.581235
250,0.409255,0.078514,-0.430268,0.025327,0.029531,0.029559,0.862481,-0.341737,1.578876
