label,x,y,z,w,h,l,roll,pitch,yaw
250,0.442204,0.136354,-0.483832,0.027907,0.031111,0.028248,0.571252,-0.312942,1.576495
125,-0.023063,0.074107,-0.325669,0.010046,0.011714,0.011725,1.245910,-0.145078,-3.092937
125,0.303618,0.119669,-0.434888,0.031280,0.029602,0.031808,-1.128867,-0.317086,1.561270
125,0.140011,0.148909,-0.512921,0.031963,0.037268,0.037303,-0.264264,-0.311698,1.568044
250,-0.107204,0.115359,-0.407779,0.034584,0.040324,0.040362,1.210980,-0.317843,1.580661
250,0.004251,0.094474,-0.355023,0.033322,0.031732,0.034453,1.376989,-0.319440,1.581139
