label,x,y,z,w,h,l,roll,pitch,yaw
250,0.477204,0.199304,-0.467357,0.027907,0.031111,0.028248,0.569695,-0.548198,1.577149
125,0.011937,0.101904,-0.328060,0.010046,0.011714,0.011725,1.008905,-0.129733,-3.060322
125,0.338618,0.171670,-0.423650,0.031280,0.029602,0.031808,-1.126258,-0.552334,1.560163
125,0.175011,0.218294,-0.492717,0.031963,0.037268,0.037303,-0.263513,-0.546957,1.567729
250,-0.072205,0.161159,-0.398292,0.034584,0.040324,0.040362,1.208277,-0.553090,1.581809
250,0.039251,0.128553,-0.351858,0.033322,0.031732,0.034453,1.374153,-0.554685,1.582347
