label,x,y,z,w,h,l,roll,pitch,yaw
125,0.110201,0.224730,-0.450622,0.009707,0.010822,0.009826,0.140272,0.955890,1.741968
125,0.188289,0.073875,-0.222236,0.025238,0.022186,0.024128,-2.667812,-0.616892,1.565238
250,0.094431,0.060031,-0.193831,0.035003,0.030770,0.033465,2.951416,-0.617807,1.573099
125,0.370760,0.213274,-0.416219,0.011274,0.010669,0.011464,0.898621,0.409460,2.834777
250,-0.024360,0.118981,-0.276533,0.037303,0.032792,0.035663,1.920832,-0.611447,1.582241
250,0.274756,0.177778,-0.360151,0.036330,0.042360,0.042399,-1.261366,-0.604973,1.559192
