label,x,y,z,w,h,l,roll,pitch,yaw
125,0.075201,0.118307,-0.488048,0.009707,0.010822,0.009826,0.252676,1.194629,1.841582
125,0.153289,0.027180,-0.229953,0.025238,0.022186,0.024128,-2.669256,-0.372565,1.565929
125,0.154721,0.137787,-0.532493,0.016753,0.018676,0.016958,-0.300318,-0.148272,1.499804
250,0.059431,0.020619,-0.199042,0.035003,0.030770,0.033465,2.952014,-0.373477,1.572813
250,-0.059360,0.057812,-0.293548,0.037303,0.032792,0.035663,1.923798,-0.367130,1.580836
250,0.239756,0.094635,-0.388906,0.036330,0.042360,0.042399,-1.264366,-0.360657,1.560595
