label,x,y,z,w,h,l,roll,pitch,yaw
250,0.293345,0.094993,-0.284830,0.040345,0.035466,0.038572,1.807905,-0.424867,1.581454
125,0.040201,0.163862,-0.472546,0.009707,0.010822,0.009826,0.215189,1.137660,1.807109
125,0.118289,0.057715,-0.220256,0.025238,0.022186,0.024128,-2.668941,-0.431405,1.565805
125,0.119721,0.185922,-0.515768,0.016753,0.018676,0.016958,-0.296056,-0.206963,1.499050
250,0.161088,0.027612,-0.153042,0.028146,0.026803,0.029101,-2.648246,-0.431309,1.565604
250,0.024431,0.049348,-0.189785,0.035003,0.030770,0.033465,2.951883,-0.432318,1.572864
125,0.300760,0.158948,-0.436620,0.011274,0.010669,0.011464,1.095940,0.458253,2.917972
250,-0.094360,0.092034,-0.281941,0.037303,0.032792,0.035663,1.923150,-0.425968,1.581087
250,0.204756,0.134400,-0.374968,0.036330,0.042360,0.042399,-1.263709,-0.419494,1.560345
