label,x,y,z,w,h,l,roll,pitch,yaw
250,0.258345,0.069872,-0.305099,0.040345,0.035466,0.038572,1.806597,-0.530836,1.582056
125,0.083289,0.025973,-0.244831,0.025238,0.022186,0.024128,-2.668326,-0.537379,1.565519
250,0.126088,-0.011071,-0.181177,0.028146,0.026803,0.029101,-2.647607,-0.537283,1.565306
250,-0.010569,0.014429,-0.215415,0.035003,0.030770,0.033465,2.951629,-0.538293,1.572983
125,0.265760,0.149524,-0.449273,0.011274,0.010669,0.011464,0.982106,0.432193,2.868901
125,0.477579,0.160323,-0.483929,0.011052,0.009715,0.010566,-0.089134,1.039996,1.467535
250,-0.129360,0.066623,-0.302539,0.037303,0.032792,0.035663,1.921887,-0.531937,1.581670
