label,x,y,z,w,h,l,roll,pitch,yaw
250,0.188345,0.055000,-0.301955,0.040345,0.035466,0.038572,1.808017,-0.415232,1.581408
125,0.013289,0.018346,-0.237026,0.025238,0.022186,0.024128,-2.668994,-0.421769,1.565827
250,0.056088,-0.011108,-0.169524,0.028146,0.026803,0.029101,-2.648301,-0.421674,1.565627
250,-0.080569,0.010272,-0.206475,0.035003,0.030770,0.033465,2.951905,-0.422683,1.572855
125,0.195760,0.117489,-0.454355,0.011274,0.010669,0.011464,1.106428,0.460368,2.922622
250,-0.199360,0.052068,-0.299038,0.037303,0.032792,0.035663,1.923258,-0.416333,1.581043
250,0.099756,0.093537,-0.392469,0.036330,0.042360,0.042399,-1.263819,-0.409859,1.560390
