label,x,y,z,w,h,l,roll,pitch,yaw
250,0.153345,0.001679,-0.317732,0.040345,0.035466,0.038572,1.808684,-0.356277,1.581157
125,-0.021711,-0.031086,-0.250756,0.025238,0.022186,0.024128,-2.669307,-0.362812,1.565947
250,0.021088,-0.056511,-0.181636,0.028146,0.026803,0.029101,-2.648627,-0.362717,1.565752
250,-0.115569,-0.037345,-0.219782,0.035003,0.030770,0.033465,2.952035,-0.363725,1.572805
250,-0.234360,-0.001076,-0.314647,0.037303,0.032792,0.035663,1.923903,-0.357378,1.580799
250,0.064756,0.034815,-0.410360,0.036330,0.042360,0.042399,-1.264472,-0.350904,1.560632
