label,x,y,z,w,h,l,roll,pitch,yaw
250,0.118345,0.049736,-0.296212,0.040345,0.035466,0.038572,1.809536,-0.277127,1.580892
125,-0.134799,0.090221,-0.492022,0.009707,0.010822,0.009826,0.335433,1.279371,1.919846
125,-0.056711,0.022370,-0.226855,0.025238,0.022186,0.024128,-2.669706,-0.283659,1.566074
125,-0.055279,0.105677,-0.538020,0.016753,0.018676,0.016958,-0.306627,-0.059586,1.500459
250,-0.013912,0.002490,-0.155941,0.028146,0.026803,0.029101,-2.649042,-0.283563,1.565884
250,-0.150569,0.018579,-0.195483,0.035003,0.030770,0.033465,2.952200,-0.284570,1.572752
125,0.125760,0.090648,-0.455764,0.011274,0.010669,0.011464,1.258980,0.485714,2.992236
250,-0.269360,0.047234,-0.292919,0.037303,0.032792,0.035663,1.924725,-0.278227,1.580542
250,0.029756,0.075444,-0.391169,0.036330,0.042360,0.042399,-1.265306,-0.271754,1.560888
