label,x,y,z,w,h,l,roll,pitch,yaw
250,0.209566,0.053971,-0.199743,0.047204,0.044951,0.048806,2.809235,-0.411074,1.574341
250,0.048345,0.089488,-0.286343,0.040345,0.035466,0.038572,1.808147,-0.403990,1.581356
125,-0.204799,0.154423,-0.475456,0.009707,0.010822,0.009826,0.227371,1.157931,1.818217
125,-0.126711,0.053566,-0.221005,0.025238,0.022186,0.024128,-2.669054,-0.410527,1.565852
125,-0.125279,0.175575,-0.519130,0.016753,0.018676,0.016958,-0.297578,-0.186138,1.499348
250,-0.083912,0.024873,-0.153177,0.028146,0.026803,0.029101,-2.648364,-0.410432,1.565653
125,0.055760,0.150259,-0.439436,0.011274,0.010669,0.011464,1.118691,0.462780,2.928083
250,-0.040244,0.127004,-0.377284,0.036330,0.042360,0.042399,-1.263946,-0.398617,1.560439
