label,x,y,z,w,h,l,roll,pitch,yaw
250,0.104566,0.098714,-0.180198,0.047204,0.044951,0.048806,2.808489,-0.587135,1.574700
250,-0.056655,0.148850,-0.259238,0.040345,0.035466,0.038572,1.805935,-0.580042,1.582405
125,-0.309799,0.245905,-0.434054,0.009707,0.010822,0.009826,0.149618,0.985732,1.749682
125,-0.230279,0.274381,-0.473347,0.016753,0.018676,0.016958,-0.284209,-0.361731,1.495717
125,-0.049240,0.235497,-0.399320,0.011274,0.010669,0.011464,0.930239,0.418430,2.847496
250,-0.145243,0.201716,-0.342202,0.036330,0.042360,0.042399,-1.261785,-0.574670,1.559425
