label,x,y,z,w,h,l,roll,pitch,yaw
250,0.069566,0.043348,-0.207670,0.047204,0.044951,0.048806,2.808966,-0.478522,1.574457
250,-0.091655,0.084621,-0.291679,0.040345,0.035466,0.038572,1.807348,-0.471435,1.581695
125,-0.344799,0.162154,-0.475986,0.009707,0.010822,0.009826,0.191518,1.092268,1.785848
125,-0.084240,0.155573,-0.440328,0.011274,0.010669,0.011464,1.045568,0.447423,2.895929
125,0.257791,0.134594,-0.415467,0.011274,0.010669,0.011464,-1.039273,0.469276,0.259888
125,0.127579,0.164295,-0.475564,0.011052,0.009715,0.010566,-0.102601,1.099048,1.455720
250,-0.180243,0.128182,-0.379885,0.036330,0.042360,0.042399,-1.263164,-0.466062,1.560112
