label,x,y,z,w,h,l,roll,pitch,yaw
250,0.034566,0.011107,-0.213845,0.047204,0.044951,0.048806,2.809438,-0.357554,1.574265
250,-0.126655,0.041940,-0.302220,0.040345,0.035466,0.038572,1.808748,-0.350473,1.581135
125,-0.379799,0.096666,-0.494537,0.009707,0.010822,0.009826,0.264451,1.209597,1.852567
125,-0.119240,0.094435,-0.458345,0.011274,0.010669,0.011464,1.177466,0.473429,2.954609
125,0.222791,0.076610,-0.431134,0.011274,0.010669,0.011464,-1.172322,0.496776,0.198015
250,-0.215243,0.074539,-0.395039,0.036330,0.042360,0.042399,-1.264534,-0.345100,1.560653
