label,x,y,z,w,h,l,roll,pitch,yaw
250,-0.000434,-0.006021,-0.221534,0.047204,0.044951,0.048806,2.809374,-0.374585,1.574288
250,0.271992,0.003418,-0.273823,0.023682,0.027613,0.027638,-1.440554,-0.518003,0.446933
250,-0.161655,0.026313,-0.309372,0.040345,0.035466,0.038572,1.808559,-0.367503,1.581201
125,-0.414799,0.084306,-0.500728,0.009707,0.010822,0.009826,0.251606,1.193209,1.840588
125,-0.335279,0.103851,-0.545144,0.016753,0.018676,0.016958,-0.300212,-0.149742,1.499788
125,0.187791,0.063173,-0.437676,0.011274,0.010669,0.011464,-1.153362,0.493350,0.207023
250,-0.250243,0.060487,-0.401621,0.036330,0.042360,0.042399,-1.264350,-0.362131,1.560590
