label,x,y,z,w,h,l,roll,pitch,yaw
250,-0.035434,-0.018027,-0.219682,0.047204,0.044951,0.048806,2.809622,-0.306903,1.574205
250,0.236992,-0.012145,-0.272490,0.023682,0.027613,0.027638,-1.509647,-0.487725,0.480245
250,-0.196655,0.008292,-0.309506,0.040345,0.035466,0.038572,1.809296,-0.299825,1.580960
125,-0.449799,0.053211,-0.504346,0.009707,0.010822,0.009826,0.310208,1.257947,1.895763
125,-0.370279,0.069708,-0.549982,0.016753,0.018676,0.016958,-0.305027,-0.082229,1.500346
125,0.152791,0.036391,-0.440009,0.011274,0.010669,0.011464,-1.229106,0.506064,0.170715
125,0.022579,0.055392,-0.504295,0.011052,0.009715,0.010566,-0.168607,1.268936,1.394366
250,-0.285243,0.036149,-0.403855,0.036330,0.042360,0.042399,-1.265071,-0.294452,1.560822
