label,x,y,z,w,h,l,roll,pitch,yaw
250,-0.070434,0.024591,-0.211443,0.047204,0.044951,0.048806,2.809267,-0.402743,1.574329
250,0.201992,0.035499,-0.263446,0.023682,0.027613,0.027638,-1.411124,-0.529987,0.432207
250,-0.231655,0.059385,-0.298336,0.040345,0.035466,0.038572,1.808242,-0.395660,1.581319
125,-0.484799,0.122742,-0.487983,0.009707,0.010822,0.009826,0.232551,1.166003,1.822971
125,-0.405279,0.143531,-0.531832,0.016753,0.018676,0.016958,-0.298183,-0.177829,1.499457
125,-0.224240,0.118879,-0.451930,0.011274,0.010669,0.011464,1.127798,0.464529,2.932156
125,0.117791,0.099843,-0.425552,0.011274,0.010669,0.011464,-1.122173,0.487360,0.221712
125,-0.012421,0.124909,-0.487725,0.011052,0.009715,0.010566,-0.125109,1.174237,1.435286
250,-0.320243,0.096143,-0.389587,0.036330,0.042360,0.042399,-1.264039,-0.390287,1.560475
