label,x,y,z,w,h,l,roll,pitch,yaw
250,-0.105434,-0.010664,-0.228445,0.047204,0.044951,0.048806,2.809181,-0.425022,1.574363
250,0.166992,0.001400,-0.280191,0.023682,0.027613,0.027638,-1.387549,-0.539197,0.420195
250,-0.266655,0.026058,-0.314541,0.040345,0.035466,0.038572,1.807985,-0.417937,1.581421
125,0.082791,0.069339,-0.440824,0.011274,0.010669,0.011464,-1.097641,0.482336,0.233146
125,-0.047421,0.095784,-0.502423,0.011052,0.009715,0.010566,-0.117705,1.152153,1.442083
250,-0.355243,0.064839,-0.404950,0.036330,0.042360,0.042399,-1.263788,-0.412565,1.560377
