label,x,y,z,w,h,l,roll,pitch,yaw
250,-0.140434,0.022219,-0.213931,0.047204,0.044951,0.048806,2.809180,-0.425387,1.574364
250,0.131992,0.034302,-0.265673,0.023682,0.027613,0.027638,-1.387161,-0.539346,0.419996
250,-0.301655,0.058972,-0.300013,0.040345,0.035466,0.038572,1.807981,-0.418302,1.581423
125,-0.475279,0.148383,-0.531544,0.016753,0.018676,0.016958,-0.296536,-0.200415,1.499148
125,-0.294240,0.121929,-0.452220,0.011274,0.010669,0.011464,1.103083,0.459699,2.921137
125,-0.082421,0.128767,-0.487870,0.011052,0.009715,0.010566,-0.117590,1.151791,1.442188
250,-0.390243,0.097787,-0.390408,0.036330,0.042360,0.042399,-1.263784,-0.412930,1.560376
