label,x,y,z,w,h,l,roll,pitch,yaw
250,-0.175434,-0.020878,-0.222154,0.047204,0.044951,0.048806,2.809554,-0.325747,1.574226
250,0.096992,-0.014002,-0.274842,0.023682,0.027613,0.027638,-1.490641,-0.496356,0.471266
250,-0.336655,0.007130,-0.311466,0.040345,0.035466,0.038572,1.809094,-0.318668,1.581021
125,-0.510279,0.073065,-0.550742,0.016753,0.018676,0.016958,-0.303693,-0.101026,1.500224
125,-0.329240,0.054633,-0.469181,0.011274,0.010669,0.011464,1.212685,0.479090,2.970756
125,-0.117421,0.057892,-0.505334,0.011052,0.009715,0.010566,-0.158107,1.250368,1.404362
250,-0.425243,0.036759,-0.405274,0.036330,0.042360,0.042399,-1.264873,-0.313295,1.560763
