label,x,y,z,w,h,l,roll,pitch,yaw
125,-0.110437,0.016976,-0.210614,0.009707,0.010822,0.009826,-0.238012,-1.180001,-1.314187
250,-0.094181,0.140500,-0.489530,0.035003,0.030770,0.033465,-0.189703,-0.369388,1.568767
250,0.024448,0.103899,-0.394590,0.037303,0.032792,0.035663,-1.212085,-0.375714,1.560717
250,-0.274831,0.066697,-0.299891,0.036330,0.042360,0.042399,1.868196,-0.382156,1.581089
