label,x,y,z,w,h,l,roll,pitch,yaw
250,-0.489335,0.114324,-0.484850,0.047204,0.044951,0.048806,-0.331440,-0.323058,1.567354
250,-0.328263,0.082592,-0.396520,0.040345,0.035466,0.038572,-1.327559,-0.330120,1.560528
125,-0.075437,0.003974,-0.212236,0.009707,0.010822,0.009826,-0.272970,-1.224976,-1.281565
125,-0.155034,-0.009539,-0.165761,0.016753,0.018676,0.016958,2.786266,-0.545901,1.653372
250,0.059448,0.082215,-0.400069,0.037303,0.032792,0.035663,-1.212582,-0.329021,1.560889
250,-0.239831,0.049474,-0.303737,0.036330,0.042360,0.042399,1.868705,-0.335463,1.580910
