label,x,y,z,w,h,l,roll,pitch,yaw
250,-0.454335,0.136373,-0.478983,0.047204,0.044951,0.048806,-0.331279,-0.366876,1.567299
250,-0.293263,0.100802,-0.392128,0.040345,0.035466,0.038572,-1.327076,-0.373935,1.560362
125,-0.040437,0.014188,-0.211465,0.009707,0.010822,0.009826,-0.239943,-1.182784,-1.312401
125,-0.118089,0.120966,-0.463623,0.025238,0.022186,0.024128,0.467233,-0.367406,1.575639
125,-0.120034,-0.001349,-0.165626,0.016753,0.018676,0.016958,2.781920,-0.589566,1.655710
250,-0.160771,0.148154,-0.532141,0.028146,0.026803,0.029101,0.487773,-0.367500,1.575836
250,0.094448,0.100581,-0.395690,0.037303,0.032792,0.035663,-1.212116,-0.372837,1.560728
250,-0.204831,0.063651,-0.300884,0.036330,0.042360,0.042399,1.868228,-0.379279,1.581077
