label,x,y,z,w,h,l,roll,pitch,yaw
250,-0.419335,0.068979,-0.499166,0.047204,0.044951,0.048806,-0.331487,-0.310225,1.567368
250,-0.258263,0.038383,-0.410437,0.040345,0.035466,0.038572,-1.327698,-0.317288,1.560572
125,-0.005437,-0.037864,-0.225159,0.009707,0.010822,0.009826,-0.284150,-1.237256,-1.271024
125,-0.083089,0.054466,-0.482958,0.025238,0.022186,0.024128,0.467521,-0.310756,1.575544
125,-0.085034,-0.050780,-0.178514,0.016753,0.018676,0.016958,2.787496,-0.533112,1.652741
250,-0.125771,0.077731,-0.552907,0.028146,0.026803,0.029101,0.488072,-0.310850,1.575736
250,0.129448,0.037960,-0.413980,0.037303,0.032792,0.035663,-1.212716,-0.316189,1.560931
250,-0.169831,0.006457,-0.317236,0.036330,0.042360,0.042399,1.868842,-0.322631,1.580866
