label,x,y,z,w,h,l,roll,pitch,yaw
250,-0.384335,0.105821,-0.489828,0.047204,0.044951,0.048806,-0.331331,-0.352986,1.567318
125,0.029563,-0.012637,-0.220639,0.009707,0.010822,0.009826,-0.249643,-1.196197,-1.303398
125,-0.048089,0.090629,-0.474256,0.025238,0.022186,0.024128,0.467304,-0.353516,1.575614
125,-0.050034,-0.027535,-0.174589,0.016753,0.018676,0.016958,2.783324,-0.575726,1.654937
250,-0.090771,0.116863,-0.543146,0.028146,0.026803,0.029101,0.487847,-0.353611,1.575809
250,0.045819,0.106193,-0.501587,0.035003,0.030770,0.033465,-0.189739,-0.352620,1.568780
125,-0.230940,0.009425,-0.249916,0.011274,0.010669,0.011464,-1.161332,-0.472173,-0.194885
250,-0.134831,0.035580,-0.310737,0.036330,0.042360,0.042399,1.868381,-0.365390,1.581021
