label,x,y,z,w,h,l,roll,pitch,yaw
250,-0.279335,0.204151,-0.453753,0.047204,0.044951,0.048806,-0.330726,-0.505703,1.567065
250,-0.118263,0.156903,-0.372657,0.040345,0.035466,0.038572,-1.325419,-0.512755,1.559649
125,0.134563,0.046121,-0.205717,0.009707,0.010822,0.009826,-0.169135,-1.047424,-1.376135
125,0.056911,0.186766,-0.440673,0.025238,0.022186,0.024128,0.466466,-0.506232,1.575964
125,0.054966,0.024391,-0.162470,0.016753,0.018676,0.016958,2.766200,-0.727839,1.665355
125,-0.125940,0.072380,-0.231297,0.011274,0.010669,0.011464,-0.995847,-0.437077,-0.267699
250,0.269448,0.157177,-0.376215,0.037303,0.032792,0.035663,-1.210518,-0.511657,1.560043
250,-0.029831,0.107483,-0.287432,0.036330,0.042360,0.042399,1.866590,-0.518099,1.581789
