label,x,y,z,w,h,l,roll,pitch,yaw
250,-0.244335,0.176326,-0.472417,0.047204,0.044951,0.048806,-0.330598,-0.535255,1.567001
250,-0.083263,0.126703,-0.392752,0.040345,0.035466,0.038572,-1.325034,-0.542306,1.559456
125,0.169563,0.011036,-0.229159,0.009707,0.010822,0.009826,-0.158242,-1.018403,-1.385491
125,0.091911,0.158562,-0.459856,0.025238,0.022186,0.024128,0.466289,-0.535784,1.576053
125,0.089966,-0.011962,-0.186572,0.016753,0.018676,0.016958,2.762360,-0.757256,1.667951
250,0.185819,0.178823,-0.483914,0.035003,0.030770,0.033465,-0.189314,-0.534890,1.568596
125,-0.090940,0.038039,-0.253952,0.011274,0.010669,0.011464,-0.964505,-0.429072,-0.280853
250,0.304448,0.127081,-0.396300,0.037303,0.032792,0.035663,-1.210147,-0.541208,1.559857
250,0.005169,0.074786,-0.309025,0.036330,0.042360,0.042399,1.866210,-0.547650,1.581982
