label,x,y,z,w,h,l,roll,pitch,yaw
250,-0.209335,0.189828,-0.458995,0.047204,0.044951,0.048806,-0.330935,-0.455427,1.567162
250,-0.048263,0.146715,-0.375626,0.040345,0.035466,0.038572,-1.326045,-0.462482,1.559943
125,0.204563,0.044463,-0.203330,0.009707,0.010822,0.009826,-0.190428,-1.096660,-1.357430
125,0.124966,0.024934,-0.159045,0.016753,0.018676,0.016958,2.772291,-0.677778,1.661417
250,0.084229,0.206264,-0.510903,0.028146,0.026803,0.029101,0.487276,-0.456051,1.576035
250,0.220819,0.191400,-0.470654,0.035003,0.030770,0.033465,-0.189510,-0.455062,1.568689
125,-0.055940,0.069403,-0.230197,0.011274,0.010669,0.011464,-1.049691,-0.449818,-0.244592
250,0.339448,0.146810,-0.379193,0.037303,0.032792,0.035663,-1.211121,-0.461384,1.560325
250,0.040169,0.101640,-0.288025,0.036330,0.042360,0.042399,1.867209,-0.467826,1.581496
