label,x,y,z,w,h,l,roll,pitch,yaw
250,-0.174335,0.180459,-0.461607,0.047204,0.044951,0.048806,-0.331168,-0.396154,1.567258
250,-0.013263,0.142361,-0.375831,0.040345,0.035466,0.038572,-1.326744,-0.403212,1.560236
125,0.161911,0.164608,-0.446705,0.025238,0.022186,0.024128,0.467079,-0.396684,1.575697
125,0.159966,0.033623,-0.152417,0.016753,0.018676,0.016958,2.778872,-0.618737,1.657441
250,0.119229,0.193791,-0.514398,0.028146,0.026803,0.029101,0.487613,-0.396778,1.575895
250,0.255819,0.181337,-0.473339,0.035003,0.030770,0.033465,-0.189645,-0.395788,1.568745
125,-0.020940,0.073799,-0.226078,0.011274,0.010669,0.011464,-1.113986,-0.463360,-0.216237
250,0.374448,0.142243,-0.379398,0.037303,0.032792,0.035663,-1.211796,-0.402114,1.560607
250,0.075169,0.102554,-0.285714,0.036330,0.042360,0.042399,1.867900,-0.408556,1.581203
