label,x,y,z,w,h,l,roll,pitch,yaw
250,-0.139335,0.043902,-0.503760,0.047204,0.044951,0.048806,-0.331595,-0.280031,1.567400
250,0.021737,0.015998,-0.414147,0.040345,0.035466,0.038572,-1.328020,-0.287094,1.560668
125,0.196911,0.029884,-0.487121,0.025238,0.022186,0.024128,0.467670,-0.280561,1.575500
250,0.154229,0.051027,-0.557740,0.028146,0.026803,0.029101,0.488227,-0.280656,1.575691
250,0.290819,0.043415,-0.515514,0.035003,0.030770,0.033465,-0.189892,-0.279664,1.568827
125,0.014060,-0.034751,-0.257459,0.011274,0.010669,0.011464,-1.242252,-0.484973,-0.157604
125,-0.197815,-0.052561,-0.226207,0.011052,0.009715,0.010566,0.178606,-1.276494,-1.757246
250,0.409448,0.015469,-0.417676,0.037303,0.032792,0.035663,-1.213026,-0.285995,1.561023
250,0.110169,-0.013099,-0.320025,0.036330,0.042360,0.042399,1.869159,-0.292438,1.580770
