label,x,y,z,w,h,l,roll,pitch,yaw
250,-0.104335,0.183694,-0.460655,0.047204,0.044951,0.048806,-0.331074,-0.420287,1.567221
250,-0.376843,0.153164,-0.417690,0.023682,0.027613,0.027638,0.998238,0.079985,2.474235
250,0.056737,0.143537,-0.375823,0.040345,0.035466,0.038572,-1.326464,-0.427344,1.560123
250,0.189229,0.198296,-0.513109,0.028146,0.026803,0.029101,0.487478,-0.420912,1.575949
250,0.325819,0.184856,-0.472362,0.035003,0.030770,0.033465,-0.189591,-0.419922,1.568724
125,0.049060,0.071382,-0.227768,0.011274,0.010669,0.011464,-1.087705,-0.458044,-0.227921
125,-0.162815,0.049377,-0.199313,0.011052,0.009715,0.010566,0.116791,-1.137909,-1.699331
250,0.145169,0.101568,-0.286693,0.036330,0.042360,0.042399,1.867623,-0.432688,1.581316
