label,x,y,z,w,h,l,roll,pitch,yaw
250,-0.069335,0.152249,-0.474955,0.047204,0.044951,0.048806,-0.331079,-0.419042,1.567223
250,-0.341843,0.121773,-0.431952,0.023682,0.027613,0.027638,0.999220,0.080755,2.474314
250,0.091737,0.112198,-0.390073,0.040345,0.035466,0.038572,-1.326478,-0.426099,1.560129
125,0.266911,0.136062,-0.460419,0.025238,0.022186,0.024128,0.466956,-0.419572,1.575746
250,0.224229,0.166786,-0.527427,0.028146,0.026803,0.029101,0.487485,-0.419666,1.575946
125,0.084060,0.040227,-0.241928,0.011274,0.010669,0.011464,-1.089057,-0.458325,-0.227323
125,-0.257921,0.046809,-0.274327,0.011274,0.010669,0.011464,1.083850,-0.477900,-2.902729
125,-0.127815,0.018258,-0.213446,0.011052,0.009715,0.010566,0.117172,-1.139143,-1.699677
250,0.180169,0.070340,-0.300891,0.036330,0.042360,0.042399,1.867638,-0.431443,1.581310
