label,x,y,z,w,h,l,roll,pitch,yaw
250,0.000665,0.109298,-0.493058,0.047204,0.044951,0.048806,-0.331130,-0.406091,1.567243
250,0.161737,0.070349,-0.407665,0.040345,0.035466,0.038572,-1.326629,-0.413149,1.560190
125,0.154060,0.000303,-0.258600,0.011274,0.010669,0.011464,-1.103147,-0.461205,-0.221071
125,-0.187921,0.006465,-0.291081,0.011274,0.010669,0.011464,1.098043,-0.480923,-2.909276
125,-0.057815,-0.021295,-0.229836,0.011052,0.009715,0.010566,0.121265,-1.151984,-1.703405
250,0.250169,0.029650,-0.317948,0.036330,0.042360,0.042399,1.867787,-0.418492,1.581248
