label,x,y,z,w,h,l,roll,pitch,yaw
250,-0.236843,0.133465,-0.431796,0.023682,0.027613,0.027638,0.947364,0.039833,2.471188
250,0.196737,0.121150,-0.390640,0.040345,0.035466,0.038572,-1.325680,-0.492076,1.559775
125,0.371911,0.149601,-0.459259,0.025238,0.022186,0.024128,0.466587,-0.485552,1.575907
250,0.329229,0.184676,-0.524096,0.028146,0.026803,0.029101,0.487101,-0.485646,1.576114
250,0.465819,0.168628,-0.484303,0.035003,0.030770,0.033465,-0.189439,-0.484657,1.568657
125,0.189060,0.039568,-0.247563,0.011274,0.010669,0.011464,-1.017915,-0.442454,-0.258304
125,-0.152921,0.048273,-0.279457,0.011274,0.010669,0.011464,1.012252,-0.461244,-2.870318
125,-0.022815,0.015769,-0.220591,0.011052,0.009715,0.010566,0.099404,-1.073642,-1.683781
250,0.285169,0.073503,-0.304411,0.036330,0.042360,0.042399,1.866849,-0.497420,1.581663
