label,x,y,z,w,h,l,roll,pitch,yaw
250,0.105665,0.168041,-0.469892,0.047204,0.044951,0.048806,-0.330920,-0.459082,1.567155
250,-0.166843,0.135868,-0.428143,0.023682,0.027613,0.027638,0.967721,0.055941,2.472162
250,0.266737,0.124624,-0.386681,0.040345,0.035466,0.038572,-1.326000,-0.466137,1.559923
125,0.441911,0.151285,-0.456015,0.025238,0.022186,0.024128,0.466735,-0.459612,1.575840
250,0.399229,0.184667,-0.521740,0.028146,0.026803,0.029101,0.487255,-0.459706,1.576044
125,-0.082921,0.054655,-0.273645,0.011274,0.010669,0.011464,1.040256,-0.468039,-2.882868
125,0.047185,0.023689,-0.213956,0.011052,0.009715,0.010566,0.105843,-1.099409,-1.689481
