label,x,y,z,w,h,l,roll,pitch,yaw
250,0.140665,0.160472,-0.474315,0.047204,0.044951,0.048806,-0.330889,-0.466708,1.567141
250,-0.131843,0.127980,-0.432813,0.023682,0.027613,0.027638,0.961734,0.051208,2.471842
125,-0.047921,0.045592,-0.278939,0.011274,0.010669,0.011464,1.032004,-0.466074,-2.879152
125,0.082185,0.014172,-0.219487,0.011052,0.009715,0.010566,0.103884,-1.091836,-1.687739
