label,x,y,z,w,h,l,roll,pitch,yaw
250,0.175665,0.134576,-0.482226,0.047204,0.044951,0.048806,-0.331107,-0.412030,1.567234
250,-0.096843,0.104401,-0.439010,0.023682,0.027613,0.027638,1.004748,0.085094,2.474772
125,-0.012921,0.030545,-0.280864,0.011274,0.010669,0.011464,1.091530,-0.479547,-2.906267
125,0.117185,0.002421,-0.219784,0.011052,0.009715,0.010566,0.119360,-1.146097,-1.701667
