label,x,y,z,w,h,l,roll,pitch,yaw
250,-0.007451,0.084805,-0.394940,0.026399,0.024982,0.026844,1.236725,-0.418225,1.581150
125,0.362791,0.097311,-0.432592,0.019434,0.018391,0.019762,1.120795,0.346502,2.978990
125,0.164068,-0.023880,-0.153588,0.022511,0.026248,0.026272,-2.777739,-1.109745,1.314075
250,-0.126465,0.066948,-0.346313,0.035460,0.033557,0.036058,1.493328,-0.415403,1.820586
