label,x,y,z,w,h,l,roll,pitch,yaw
125,0.280623,0.004471,-0.350174,0.012718,0.014829,0.014843,-1.315977,-0.154029,0.246454
125,-0.116345,-0.015882,-0.260862,0.009707,0.010822,0.009826,1.261229,-0.391179,-3.020239
125,0.296961,-0.000746,-0.327229,0.018527,0.017643,0.019156,-1.504233,-0.345062,0.734669
125,0.311167,0.035430,-0.410344,0.037294,0.041575,0.037750,-1.285877,-0.282699,1.560795
250,-0.043182,0.061657,-0.499998,0.037128,0.041389,0.037581,0.851247,-0.278914,1.578635
125,0.535582,0.074882,-0.571983,0.022511,0.026248,0.026272,0.184450,0.412892,1.695561
250,0.158839,-0.032090,-0.183482,0.035922,0.031578,0.034343,-2.954969,-0.295324,1.568863
250,0.236034,0.046237,-0.464720,0.027788,0.024427,0.026566,-0.792911,-0.278486,1.563372
