label,x,y,z,w,h,l,roll,pitch,yaw
125,0.269898,-0.026171,-0.270727,0.009550,0.011135,0.011145,-1.159748,-0.494227,-0.203886
125,0.245623,0.007808,-0.357320,0.012718,0.014829,0.014843,-1.243195,-0.171654,0.234649
125,-0.151345,-0.019087,-0.269756,0.009707,0.010822,0.009826,1.182138,-0.381129,-2.990438
125,0.261961,0.000910,-0.334823,0.018527,0.017643,0.019156,-1.444822,-0.394057,0.713198
125,0.276167,0.043129,-0.415038,0.037294,0.041575,0.037750,-1.285089,-0.356645,1.560547
125,0.500582,0.094415,-0.573320,0.022511,0.026248,0.026272,0.174700,0.339500,1.691976
250,0.123839,-0.040968,-0.193785,0.035922,0.031578,0.034343,-2.954816,-0.369273,1.568813
250,0.201034,0.057923,-0.468467,0.027788,0.024427,0.026566,-0.792326,-0.352434,1.563191
