label,x,y,z,w,h,l,roll,pitch,yaw
125,0.164898,0.082400,-0.234254,0.009550,0.011135,0.011145,-0.982238,-0.454721,-0.285170
125,0.140623,0.129958,-0.314199,0.012718,0.014829,0.014843,-1.081497,-0.207144,0.204138
125,0.156961,0.119507,-0.293117,0.018527,0.017643,0.019156,-1.305001,-0.496929,0.652789
125,0.197344,0.095465,-0.251182,0.019434,0.018391,0.019762,-1.016111,-0.327108,-0.196502
125,0.171167,0.174162,-0.365433,0.037294,0.041575,0.037750,-1.283176,-0.519344,1.559733
250,-0.183182,0.220678,-0.446439,0.037128,0.041389,0.037581,0.849135,-0.515564,1.579458
125,0.395582,0.250412,-0.513317,0.022511,0.026248,0.026272,0.154802,0.177929,1.686869
250,0.018839,0.055335,-0.160725,0.035922,0.031578,0.034343,-2.954443,-0.531981,1.568650
250,0.096034,0.197416,-0.415760,0.027788,0.024427,0.026566,-0.790911,-0.515137,1.562594
