label,x,y,z,w,h,l,roll,pitch,yaw
125,0.129899,0.030320,-0.259068,0.009550,0.011135,0.011145,-1.031211,-0.467065,-0.263386
125,0.105623,0.074187,-0.341097,0.012718,0.014829,0.014843,-1.127003,-0.197701,0.213288
125,0.121961,0.064707,-0.319560,0.018527,0.017643,0.019156,-1.345575,-0.468908,0.671633
125,0.162344,0.042600,-0.276574,0.019434,0.018391,0.019762,-1.063442,-0.335662,-0.181100
125,0.136167,0.116011,-0.394291,0.037294,0.041575,0.037750,-1.283742,-0.473782,1.560003
250,-0.218182,0.158789,-0.477332,0.037128,0.041389,0.037581,0.849577,-0.470001,1.579248
250,-0.016161,0.006632,-0.184382,0.035922,0.031578,0.034343,-2.954553,-0.486416,1.568704
