label,x,y,z,w,h,l,roll,pitch,yaw
125,0.094899,0.048941,-0.249111,0.009550,0.011135,0.011145,-1.035469,-0.468087,-0.261466
125,0.070623,0.092486,-0.331312,0.012718,0.014829,0.014843,-1.130925,-0.196867,0.214057
125,0.086961,0.083090,-0.309738,0.018527,0.017643,0.019156,-1.349025,-0.466456,0.673189
125,0.127344,0.061153,-0.266665,0.019434,0.018391,0.019762,-1.067544,-0.336368,-0.179748
125,0.101167,0.134100,-0.384670,0.037294,0.041575,0.037750,-1.283790,-0.469846,1.560025
250,-0.253182,0.176551,-0.467879,0.037128,0.041389,0.037581,0.849615,-0.466065,1.579232
125,0.325582,0.202939,-0.536145,0.022511,0.026248,0.026272,0.160684,0.227095,1.688052
250,-0.051161,0.025548,-0.174333,0.035922,0.031578,0.034343,-2.954563,-0.482480,1.568708
250,0.026034,0.154835,-0.436086,0.027788,0.024427,0.026566,-0.791365,-0.465637,1.562808
