label,x,y,z,w,h,l,roll,pitch,yaw
125,0.059899,0.018944,-0.256366,0.009550,0.011135,0.011145,-1.122228,-0.487078,-0.221568
125,0.035623,0.055836,-0.341759,0.012718,0.014829,0.014843,-1.209728,-0.179430,0.228804
125,0.051961,0.048180,-0.319509,0.018527,0.017643,0.019156,-1.416831,-0.416068,0.702166
125,0.092344,0.029726,-0.274832,0.019434,0.018391,0.019762,-1.150647,-0.349470,-0.151791
125,0.066167,0.093090,-0.398248,0.037294,0.041575,0.037750,-1.284713,-0.390500,1.560410
250,-0.288182,0.128811,-0.484560,0.037128,0.041389,0.037581,0.850336,-0.386718,1.578933
125,0.290582,0.149705,-0.554704,0.022511,0.026248,0.026272,0.170408,0.305888,1.690615
250,-0.086161,0.001552,-0.179969,0.035922,0.031578,0.034343,-2.954743,-0.403130,1.568785
250,-0.008966,0.109684,-0.451146,0.027788,0.024427,0.026566,-0.792048,-0.386290,1.563090
