label,x,y,z,w,h,l,roll,pitch,yaw
125,0.024899,0.050375,-0.256721,0.009550,0.011135,0.011145,-0.939304,-0.442987,-0.303803
125,0.000623,0.101125,-0.334679,0.012718,0.014829,0.014843,-1.040981,-0.215171,0.195645
125,0.016961,0.089830,-0.314036,0.018527,0.017643,0.019156,-1.267977,-0.521193,0.634741
125,0.057344,0.064113,-0.273107,0.019434,0.018391,0.019762,-0.974362,-0.318953,-0.209757
125,0.031167,0.147362,-0.384085,0.037294,0.041575,0.037750,-1.282648,-0.559763,1.559462
250,-0.323182,0.197114,-0.463145,0.037128,0.041389,0.037581,0.848723,-0.555984,1.579668
125,0.255582,0.229526,-0.528766,0.022511,0.026248,0.026272,0.150077,0.137779,1.686126
250,-0.121161,0.020360,-0.184345,0.035922,0.031578,0.034343,-2.954340,-0.572402,1.568596
