label,x,y,z,w,h,l,roll,pitch,yaw
125,-0.010101,0.044882,-0.241658,0.009550,0.011135,0.011145,-1.221178,-0.504556,-0.174461
125,-0.034377,0.074059,-0.329986,0.012718,0.014829,0.014843,-1.297274,-0.158648,0.243542
125,-0.018039,0.068405,-0.307144,0.018527,0.017643,0.019156,-1.489146,-0.357792,0.729475
125,0.022344,0.053985,-0.261008,0.019434,0.018391,0.019762,-1.244465,-0.361466,-0.119118
125,-0.003833,0.106158,-0.389555,0.037294,0.041575,0.037750,-1.285678,-0.301742,1.560737
250,-0.358182,0.134088,-0.478694,0.037128,0.041389,0.037581,0.851091,-0.297958,1.578679
125,0.220582,0.148681,-0.550413,0.022511,0.026248,0.026272,0.181884,0.393994,1.694553
250,-0.156161,0.034330,-0.164020,0.035922,0.031578,0.034343,-2.954930,-0.314368,1.568851
250,-0.078966,0.117998,-0.443715,0.027788,0.024427,0.026566,-0.792763,-0.297530,1.563330
