label,x,y,z,w,h,l,roll,pitch,yaw
250,0.322523,0.001125,-0.316544,0.026399,0.024982,0.026844,-1.896395,-0.275413,1.560960
125,-0.080101,-0.021963,-0.259396,0.009550,0.011135,0.011145,-1.257669,-0.509887,-0.156733
125,-0.104377,0.004342,-0.348621,0.012718,0.014829,0.014843,-1.329019,-0.150772,0.248434
125,-0.088039,-0.000570,-0.325608,0.018527,0.017643,0.019156,-1.514683,-0.336133,0.738160
125,-0.047656,-0.013491,-0.279030,0.019434,0.018391,0.019762,-1.278841,-0.365113,-0.106901
125,-0.073833,0.034498,-0.409197,0.037294,0.041575,0.037750,-1.286015,-0.269405,1.560832
125,0.249791,-0.005172,-0.329035,0.010000,0.008791,0.009561,-1.259353,-0.500456,-0.153254
125,0.150582,0.071799,-0.571346,0.022511,0.026248,0.026272,0.186267,0.426083,1.696301
250,-0.148966,0.044581,-0.463712,0.027788,0.024427,0.026566,-0.793013,-0.265192,1.563399
