label,x,y,z,w,h,l,roll,pitch,yaw
125,-0.185101,0.038880,-0.265235,0.009550,0.011135,0.011145,-0.927431,-0.439592,-0.308874
125,-0.209377,0.090504,-0.342616,0.012718,0.014829,0.014843,-1.029670,-0.217347,0.193218
125,-0.193039,0.078978,-0.322102,0.018527,0.017643,0.019156,-1.257482,-0.527846,0.629486
125,-0.152656,0.052802,-0.281465,0.019434,0.018391,0.019762,-0.962773,-0.316588,-0.213378
125,0.101528,-0.020406,-0.164348,0.011798,0.013152,0.011942,-0.116571,-0.992538,-1.431860
250,0.336454,0.109083,-0.354548,0.035460,0.033557,0.036058,-1.400765,-0.551339,1.302064
