label,x,y,z,w,h,l,roll,pitch,yaw
125,-0.220101,0.030988,-0.264437,0.009550,0.011135,0.011145,-0.973926,-0.452516,-0.288813
125,-0.244377,0.079168,-0.344009,0.012718,0.014829,0.014843,-1.073700,-0.208717,0.202528
125,-0.228039,0.068552,-0.323008,0.018527,0.017643,0.019156,-1.297943,-0.501650,0.649409
125,-0.187656,0.044185,-0.281262,0.019434,0.018391,0.019762,-1.008048,-0.325578,-0.199087
125,-0.213833,0.123769,-0.394897,0.037294,0.041575,0.037750,-1.283076,-0.527134,1.559683
125,0.066528,-0.023814,-0.161046,0.011798,0.013152,0.011942,-0.128493,-1.035975,-1.421735
125,0.237194,0.012678,-0.220809,0.025703,0.024476,0.026575,-1.973342,-0.757365,1.109541
125,0.010583,0.201168,-0.542182,0.022511,0.026248,0.026272,0.153887,0.170192,1.686710
250,0.301454,0.097205,-0.356744,0.035460,0.033557,0.036058,-1.414106,-0.508984,1.308812
