label,x,y,z,w,h,l,roll,pitch,yaw
250,0.077523,0.027950,-0.326394,0.026399,0.024982,0.026844,-1.894354,-0.462172,1.560221
125,-0.349377,0.037067,-0.357315,0.012718,0.014829,0.014843,-1.144551,-0.193943,0.216702
125,-0.333039,0.027967,-0.335615,0.018527,0.017643,0.019156,-1.360951,-0.457897,0.678506
125,-0.292655,0.006621,-0.292245,0.019434,0.018391,0.019762,-1.081817,-0.338782,-0.175021
125,-0.318833,0.077947,-0.411238,0.037294,0.041575,0.037750,-1.283954,-0.456164,1.560098
125,-0.038472,-0.052681,-0.167509,0.011798,0.013152,0.011942,-0.151993,-1.106054,-1.401097
125,0.132194,-0.020519,-0.229710,0.025703,0.024476,0.026575,-2.014392,-0.693372,1.136790
125,-0.094417,0.144707,-0.563641,0.022511,0.026248,0.026272,0.162332,0.240683,1.688434
250,0.196454,0.054155,-0.371298,0.035460,0.033557,0.036058,-1.434411,-0.440345,1.318098
