label,x,y,z,w,h,l,roll,pitch,yaw
250,0.007523,0.106823,-0.291210,0.026399,0.024982,0.026844,-1.893410,-0.538901,1.559767
125,-0.388833,0.163177,-0.371971,0.037294,0.041575,0.037750,-1.283002,-0.532893,1.559646
125,-0.065209,0.103996,-0.304909,0.010000,0.008791,0.009561,-0.970480,-0.442698,-0.285270
125,-0.108472,0.014249,-0.138974,0.011798,0.013152,0.011942,-0.126831,-1.030279,-1.423162
125,0.062194,0.051085,-0.198526,0.025703,0.024476,0.026575,-1.969798,-0.762519,1.107100
125,-0.164417,0.241423,-0.518809,0.022511,0.026248,0.026272,0.153212,0.164471,1.686598
250,0.126454,0.136393,-0.333973,0.035460,0.033557,0.036058,-1.412393,-0.514546,1.307973
