label,x,y,z,w,h,l,roll,pitch,yaw
125,-0.280602,0.108513,-0.361300,0.012718,0.014829,0.014843,1.004522,-0.078958,2.862005
125,0.116511,0.161923,-0.434942,0.009707,0.010822,0.009826,-0.965957,0.340805,0.227068
125,-0.296903,0.122343,-0.380370,0.018527,0.017643,0.019156,1.021900,-0.253180,2.376134
125,-0.337209,0.148348,-0.421193,0.019434,0.018391,0.019762,0.970947,0.319635,2.929912
125,-0.311252,0.083699,-0.298399,0.037294,0.041575,0.037750,1.845196,-0.568343,1.582198
250,0.042947,0.033264,-0.219103,0.037128,0.041389,0.037581,-2.284934,-0.572171,1.561846
250,-0.158548,0.209664,-0.498506,0.035922,0.031578,0.034343,0.183329,-0.555772,1.572956
250,-0.236207,0.049867,-0.254328,0.027788,0.024427,0.026566,2.340439,-0.572579,1.579303
