label,x,y,z,w,h,l,roll,pitch,yaw
125,-0.245602,0.030154,-0.382707,0.012718,0.014829,0.014843,1.155305,-0.034949,2.853404
125,-0.261903,0.040836,-0.403702,0.018527,0.017643,0.019156,1.135930,-0.143133,2.353628
125,-0.302209,0.060145,-0.448086,0.019434,0.018391,0.019762,1.134137,0.348531,2.983534
125,-0.276252,0.015468,-0.316701,0.037294,0.041575,0.037750,1.847139,-0.411525,1.581281
250,0.077947,-0.021963,-0.230501,0.037128,0.041389,0.037581,-2.286462,-0.415350,1.562572
250,-0.201207,-0.011066,-0.267888,0.027788,0.024427,0.026566,2.341892,-0.415757,1.578612
