label,x,y,z,w,h,l,roll,pitch,yaw
125,0.256511,0.131230,-0.448913,0.009707,0.010822,0.009826,-1.004765,0.348993,0.213945
125,-0.171252,0.058170,-0.309539,0.037294,0.041575,0.037750,1.845691,-0.530916,1.581940
250,0.182947,0.010737,-0.228411,0.037128,0.041389,0.037581,-2.285323,-0.534744,1.562051
250,-0.096207,0.026011,-0.264233,0.027788,0.024427,0.026566,2.340809,-0.535151,1.579108
