label,x,y,z,w,h,l,roll,pitch,yaw
125,-0.136252,0.072725,-0.304747,0.037294,0.041575,0.037750,1.845247,-0.564574,1.582171
250,0.217947,0.022589,-0.225261,0.037128,0.041389,0.037581,-2.284974,-0.568403,1.561868
250,-0.061207,0.039060,-0.260549,0.027788,0.024427,0.026566,2.340477,-0.568810,1.579282
