label,x,y,z,w,h,l,roll,pitch,yaw
125,-0.070602,0.101441,-0.359528,0.012718,0.014829,0.014843,1.055041,-0.064389,2.858387
125,-0.086903,0.114252,-0.379296,0.018527,0.017643,0.019156,1.060619,-0.216663,2.367119
125,-0.127209,0.138080,-0.421426,0.019434,0.018391,0.019762,1.025160,0.330215,2.947223
125,-0.101252,0.079958,-0.295412,0.037294,0.041575,0.037750,1.845883,-0.515893,1.581843
125,-0.381173,0.207901,-0.541063,0.011798,0.013152,0.011942,0.130758,1.052787,1.721023
250,-0.026207,0.048483,-0.249628,0.027788,0.024427,0.026566,2.340953,-0.520128,1.579036
