label,x,y,z,w,h,l,roll,pitch,yaw
125,-0.059730,0.198812,-0.416213,0.009550,0.011135,0.011145,0.903566,0.433956,2.821743
125,-0.035602,0.147685,-0.338456,0.012718,0.014829,0.014843,0.975057,-0.087350,2.864453
125,0.361511,0.203318,-0.410433,0.009707,0.010822,0.009826,-0.934464,0.333774,0.237491
125,-0.051903,0.162090,-0.357095,0.018527,0.017643,0.019156,0.999026,-0.274275,2.382097
125,-0.066252,0.120961,-0.276341,0.037294,0.041575,0.037750,1.844774,-0.598880,1.582430
125,-0.346173,0.268827,-0.510541,0.011798,0.013152,0.011942,0.108790,0.970613,1.702384
250,0.086452,0.252978,-0.472510,0.035922,0.031578,0.034343,0.183250,-0.586311,1.572999
250,0.008793,0.085799,-0.233325,0.027788,0.024427,0.026566,2.340124,-0.603117,1.579478
