label,x,y,z,w,h,l,roll,pitch,yaw
125,0.396511,0.100724,-0.458460,0.009707,0.010822,0.009826,-1.060213,0.359771,0.194700
125,-0.354736,0.060782,-0.401626,0.010000,0.008791,0.009561,1.034984,0.460313,2.883705
125,-0.311173,0.153664,-0.565748,0.011798,0.013152,0.011942,0.143089,1.090410,1.731851
125,-0.481950,0.122900,-0.503146,0.025703,0.024476,0.026575,0.774901,-0.181558,1.905393
250,0.121452,0.142523,-0.526080,0.035922,0.031578,0.034343,0.183548,-0.465237,1.572849
250,0.043793,0.005457,-0.268455,0.027788,0.024427,0.026566,2.341307,-0.482047,1.578866
