label,x,y,z,w,h,l,roll,pitch,yaw
250,-0.357451,0.082303,-0.400657,0.026399,0.024982,0.026844,1.236259,-0.458634,1.581348
125,0.045270,0.103160,-0.457979,0.009550,0.011135,0.011145,1.046724,0.472219,2.884508
125,0.012791,0.096320,-0.437773,0.019434,0.018391,0.019762,1.078499,0.339675,2.964760
125,0.038748,0.044730,-0.308946,0.037294,0.041575,0.037750,1.846516,-0.464641,1.581545
125,-0.284736,0.069209,-0.395498,0.010000,0.008791,0.009561,1.049225,0.463632,2.890053
125,-0.241173,0.159920,-0.560829,0.011798,0.013152,0.011942,0.147777,1.103408,1.736023
125,-0.411950,0.129984,-0.497828,0.025703,0.024476,0.026575,0.779289,-0.169113,1.904628
250,0.191452,0.149303,-0.521019,0.035922,0.031578,0.034343,0.183578,-0.452064,1.572836
250,0.113793,0.015642,-0.261610,0.027788,0.024427,0.026566,2.341426,-0.468874,1.578811
