label,x,y,z,w,h,l,roll,pitch,yaw
125,0.220270,0.081607,-0.463711,0.009550,0.011135,0.011145,1.084308,0.480693,2.901746
125,0.244398,0.044261,-0.378473,0.012718,0.014829,0.014843,1.137397,-0.040247,2.854077
125,0.228097,0.055332,-0.399266,0.018527,0.017643,0.019156,1.122604,-0.156351,2.355616
125,0.187791,0.075467,-0.443281,0.019434,0.018391,0.019762,1.114549,0.345532,2.976872
125,0.213748,0.028345,-0.312754,0.037294,0.041575,0.037750,1.846924,-0.430187,1.581369
125,-0.109736,0.049828,-0.400098,0.010000,0.008791,0.009561,1.086693,0.471927,2.906949
125,-0.010932,-0.047384,-0.165004,0.022511,0.026248,0.026272,-2.774299,-1.115503,1.310991
250,-0.301465,0.044590,-0.357184,0.035460,0.033557,0.036058,1.491715,-0.421174,1.821241
