label,x,y,z,w,h,l,roll,pitch,yaw
250,-0.077451,0.147564,-0.376088,0.026399,0.024982,0.026844,1.234723,-0.580635,1.582112
125,0.325270,0.175243,-0.430446,0.009550,0.011135,0.011145,0.916394,0.437773,2.827159
125,0.349398,0.125070,-0.352069,0.012718,0.014829,0.014843,0.986871,-0.083996,2.863442
125,0.333097,0.139247,-0.370882,0.018527,0.017643,0.019156,1.008224,-0.265837,2.379643
125,0.292791,0.165994,-0.411222,0.019434,0.018391,0.019762,0.952125,0.315738,2.924032
125,-0.004736,0.133939,-0.372562,0.010000,0.008791,0.009561,0.919184,0.429901,2.833795
125,0.094068,0.001281,-0.155488,0.022511,0.026248,0.026272,-2.641253,-1.264252,1.187114
250,-0.196465,0.122079,-0.330988,0.035460,0.033557,0.036058,1.445758,-0.572351,1.843209
250,0.471452,0.228715,-0.487401,0.035922,0.031578,0.034343,0.183282,-0.574072,1.572981
