label,x,y,z,w,h,l,roll,pitch,yaw
250,-0.042451,0.125776,-0.381920,0.026399,0.024982,0.026844,1.235740,-0.501722,1.581587
125,0.360270,0.149083,-0.438290,0.009550,0.011135,0.011145,1.000194,0.460825,2.863576
125,0.368097,0.117895,-0.376074,0.018527,0.017643,0.019156,1.066588,-0.210949,2.365852
125,0.327791,0.141379,-0.418398,0.019434,0.018391,0.019762,1.033633,0.331781,2.949977
125,0.030264,0.112471,-0.377330,0.010000,0.008791,0.009561,1.002819,0.452477,2.869528
125,0.129068,-0.002661,-0.150474,0.022511,0.026248,0.026272,-2.720733,-1.189961,1.262002
250,-0.161465,0.103925,-0.334951,0.035460,0.033557,0.036058,1.469881,-0.496210,1.830916
