label,x,y,z,w,h,l,roll,pitch,yaw
250,-0.007451,0.092304,-0.389038,0.026399,0.024982,0.026844,1.237104,-0.384278,1.581002
125,0.395270,0.108845,-0.447751,0.009550,0.011135,0.011145,1.128237,0.489777,2.922238
125,0.362791,0.103525,-0.427093,0.019434,0.018391,0.019762,1.156482,0.351794,2.991200
125,0.065264,0.079629,-0.382921,0.010000,0.008791,0.009561,1.130470,0.480816,2.927026
125,-0.061950,0.132635,-0.489483,0.025703,0.024476,0.026575,0.803754,-0.098815,1.901358
250,-0.126465,0.076108,-0.339833,0.035460,0.033557,0.036058,1.502372,-0.382493,1.817072
